Date,Open,High,Low,Close,Adj Close,Volume
01-01-2016,248.270004,251,244.660004,247.880005,247.880005,3950800
02-01-2016,247.610001,248.610001,245.300003,246.220001,246.220001,2652600
03-01-2016,248.229996,252.699997,247.199997,251.380005,251.380005,5361400
04-01-2016,253.850006,259.420013,253.520004,259.140015,259.140015,5029500
05-01-2016,259,260,256.820007,257.089996,257.089996,2567200
06-01-2016,257.600006,257.600006,254.259995,255.669998,255.669998,2524800
07-01-2016,256.5,257.779999,253.5,255.630005,255.630005,2273200
08-01-2016,254.940002,262,253.800003,260.23999,260.23999,3525600
09-01-2016,261.399994,264.109985,259.769989,261.269989,261.269989,3666200
10-01-2016,261.25,261.25,257,258,258,2306300
11-01-2016,258.480011,260.5,257,258.75,258.75,2215000
12-01-2016,259.450012,262.839996,258.529999,261.679993,261.679993,2636800
13-01-2016,260.029999,260.869995,258,260.809998,260.809998,2913600
14-01-2016,261.73999,262,256.73999,257.470001,257.470001,6059300
15-01-2016,255.220001,255.600006,253,254.800003,254.800003,2707900
16-01-2016,256.329987,258.950012,251.029999,252.460007,252.460007,4405800
17-01-2016,252.399994,254.610001,248.229996,249.669998,249.669998,2920500
18-01-2016,250.539993,257.399994,250.520004,256.589996,256.589996,3397400
19-01-2016,256.140015,257,253.199997,254.320007,254.320007,2456600
20-01-2016,255.399994,256.160004,250.490005,252.009995,252.009995,2581200
21-01-2016,252.800003,253.149994,249.029999,250.600006,250.600006,2195800
22-01-2016,251.210007,256.100006,249.559998,255.919998,255.919998,2745600
23-01-2016,256.01001,261.519989,255.869995,260.470001,260.470001,2700400
24-01-2016,261.200012,261.899994,257.48999,258.51001,258.51001,2806500
25-01-2016,257.670013,259.799988,255.559998,259.059998,259.059998,1762300
26-01-2016,258.670013,259.350006,250.729996,250.960007,250.960007,3494800
27-01-2016,252,252.460007,244.009995,244.990005,244.990005,3948300
28-01-2016,248,249.300003,241.889999,244.220001,244.220001,3447300
29-01-2016,243.179993,245.460007,241.910004,242.360001,242.360001,2203200
30-01-2016,242.850006,244.779999,238.509995,244.179993,244.179993,2959800
31-01-2016,244.869995,245.770004,242.080002,243.940002,243.940002,2204100
01-02-2016,243.369995,248.800003,243.300003,247.490005,247.490005,3302700
02-02-2016,247.770004,250.910004,242.699997,244.850006,244.850006,5305300
03-02-2016,245.160004,246.820007,238.940002,240,240,4395300
04-02-2016,238.809998,238.949997,232.320007,233.779999,233.779999,4500000
05-02-2016,231.050003,236.5,230.009995,234.309998,234.309998,4430800
06-02-2016,235.880005,235.940002,227.949997,228.490005,228.490005,3678700
07-02-2016,230.919998,230.919998,222.919998,222.919998,222.919998,6741300
08-02-2016,228.600006,238.710007,226.690002,238.240005,238.240005,11367500
09-02-2016,236.320007,238.699997,230.5,232.889999,232.889999,4797600
10-02-2016,234.229996,234.550003,231.339996,232.139999,232.139999,3905100
11-02-2016,234.009995,237.399994,232.110001,232.419998,232.419998,3374700
12-02-2016,232.039993,234.830002,230.110001,234.330002,234.330002,1846100
13-02-2016,235.410004,237.75,234.449997,237.559998,237.559998,2661300
14-02-2016,235.649994,235.660004,229.419998,232.059998,232.059998,3624200
15-02-2016,232.220001,233.449997,227.100006,227.350006,227.350006,2982400
16-02-2016,226.259995,230.970001,224.600006,226.309998,226.309998,3092500
17-02-2016,226.589996,229.220001,225.410004,226.470001,226.470001,2128800
18-02-2016,225.119995,227.899994,224.710007,226.600006,226.600006,2629800
19-02-2016,226.5,227.410004,222.509995,222.949997,222.949997,3034100
20-02-2016,222.300003,225.160004,218.179993,220.600006,220.600006,3404700
21-02-2016,221.309998,226.25,218.639999,225.229996,225.229996,4352800
22-02-2016,228.320007,232.5,227.449997,229.710007,229.710007,3591200
23-02-2016,230,233.820007,229.5,233.779999,233.779999,2771700
24-02-2016,233.839996,238.669998,232.75,238.029999,238.029999,2959300
25-02-2016,239.889999,240,236.479996,239.880005,239.880005,1776800
26-02-2016,240.389999,244.320007,238,243.619995,243.619995,4178300
27-02-2016,243.220001,245.669998,241.539993,243.399994,243.399994,3048500
28-02-2016,242.449997,247.229996,241.5,247.110001,247.110001,2743400
29-02-2016,248.050003,252.479996,247.5,251.270004,251.270004,5310500
01-03-2016,250.380005,252.649994,248.270004,252.050003,252.050003,3797400
02-03-2016,252.539993,254.160004,250,250.330002,250.330002,2990600
03-03-2016,249.940002,253,248.660004,252.490005,252.490005,3114700
04-03-2016,252.440002,255.550003,250.380005,253.960007,253.960007,2852200
05-03-2016,253,255.169998,251.509995,253.369995,253.369995,3557900
06-03-2016,254.139999,255.210007,252.009995,253.270004,253.270004,2170300
07-03-2016,253.100006,254.779999,247.300003,247.770004,247.770004,3503800
08-03-2016,248.5,253.479996,246.649994,250.690002,250.690002,4185200
09-03-2016,251.070007,254.360001,250.059998,251.759995,251.759995,2628100
10-03-2016,251.110001,254.539993,250.020004,251.25,251.25,2460200
11-03-2016,250.110001,251.899994,247.789993,249.190002,249.190002,2526900
12-03-2016,249.809998,254,249.259995,253.860001,253.860001,2277000
13-03-2016,254.570007,263.109985,254.570007,260.399994,260.399994,4961000
14-03-2016,261.299988,261.670013,257.679993,257.98999,257.98999,2300000
15-03-2016,258.359985,262.410004,256.540009,261.5,261.5,2584600
16-03-2016,257.820007,258.380005,255.740005,256.920013,256.920013,4704600
17-03-2016,257.299988,259.5,256.959991,258.619995,258.619995,984400
18-03-2016,257.149994,257.420013,248.039993,248.630005,248.630005,4152700
19-03-2016,248.279999,249.350006,242.860001,248.309998,248.309998,3639300
20-03-2016,245.850006,247.440002,245.050003,245.179993,245.179993,1858700
21-03-2016,243.75,252.410004,242.75,250.869995,250.869995,3419000
22-03-2016,256.079987,258.100006,253.259995,257.309998,257.309998,3271000
23-03-2016,257.269989,260.880005,256.369995,258.480011,258.480011,2750900
24-03-2016,257.579987,259.799988,256.649994,259.149994,259.149994,1874200
25-03-2016,262.970001,269.730011,262.670013,268.459991,268.459991,4910000
26-03-2016,267.070007,268.980011,263.570007,266.380005,266.380005,3010700
27-03-2016,268.170013,269.5,265.399994,266.350006,266.350006,2265600
28-03-2016,268.540009,268.73999,262.299988,265.339996,265.339996,2863400
29-03-2016,265.100006,268.429993,264.109985,267.940002,267.940002,2413300
30-03-2016,268,274.26001,267.540009,272.730011,272.730011,4275000
31-03-2016,270.679993,272.730011,269.299988,271.899994,271.899994,2326900
01-04-2016,270.529999,271.23999,267.829987,268.929993,268.929993,2065600
02-04-2016,271.5,271.970001,269.209991,270.480011,270.480011,1884600
03-04-2016,270.829987,274.5,269.600006,272.119995,272.119995,2942000
04-04-2016,271.619995,272.100006,269.230011,270.190002,270.190002,2137700
05-04-2016,270.570007,271.089996,266.649994,268.109985,268.109985,2508900
06-04-2016,269.369995,276.649994,269.369995,273.459991,273.459991,3417000
07-04-2016,275,284.720001,274.399994,283.98999,283.98999,4968100
08-04-2016,283.779999,284.480011,274.399994,276.040009,276.040009,4321400
09-04-2016,275.350006,275.459991,258.350006,260.350006,260.350006,10172600
10-04-2016,283,284.200012,267.109985,272.76001,272.76001,13075400
11-04-2016,271.040009,275.940002,263.700012,265.5,265.5,6772100
12-04-2016,268.929993,268.929993,262.799988,265,265,6115000
13-04-2016,262.779999,264.679993,259.070007,259.980011,259.980011,3723600
14-04-2016,262,268.029999,261.459991,266.890015,266.890015,4012900
15-04-2016,265.160004,266.890015,261.109985,262.220001,262.220001,2770400
16-04-2016,264.100006,264.100006,255.110001,260.230011,260.230011,3975700
17-04-2016,261.399994,265.25,260.549988,261.950012,261.950012,3879200
18-04-2016,263.200012,263.25,256.600006,257.209991,257.209991,3403700
19-04-2016,259.190002,260.160004,257,258.700012,258.700012,2943700
20-04-2016,261.529999,269.959991,260.299988,269.470001,269.470001,5293000
21-04-2016,267.369995,270.649994,265.399994,269.23999,269.23999,3463000
22-04-2016,267.630005,268.920013,263.109985,265.089996,265.089996,3979900
23-04-2016,265.910004,270.109985,264.5,269.75,269.75,2854200
24-04-2016,270.200012,274.299988,266.369995,266.410004,266.410004,3528900
25-04-2016,265.119995,269.480011,263.25,265.940002,265.940002,3637400
26-04-2016,266.619995,267.109985,261.609985,265.420013,265.420013,3124800
27-04-2016,266.940002,268.690002,259.649994,259.869995,259.869995,3032400
28-04-2016,260.890015,262.040009,255.729996,259.359985,259.359985,3348600
29-04-2016,259.399994,265.829987,256.859985,263.25,263.25,2908100
30-04-2016,261.809998,267,260.630005,264.269989,264.269989,2667200
01-05-2016,263.269989,266.600006,261.040009,265.73999,265.73999,2957000
02-05-2016,265.359985,273.299988,264.140015,273.109985,273.109985,3453000
03-05-2016,274,276.679993,269.98999,275.589996,275.589996,3686200
04-05-2016,275.76001,276.48999,271.829987,273.790009,273.790009,2050700
05-05-2016,274.100006,274.799988,271.850006,273.880005,273.880005,1939000
06-05-2016,275,275.440002,271.5,274.190002,274.190002,1879800
07-05-2016,273.429993,273.98999,270.399994,271.23999,271.23999,1904900
08-05-2016,271,277.399994,270.359985,274.130005,274.130005,3246200
09-05-2016,275.23999,276.5,272.640015,275.100006,275.100006,1884200
10-05-2016,269.670013,270,263.529999,265.73999,265.73999,5226700
11-05-2016,264.980011,267.26001,260.049988,261.820007,261.820007,4865900
12-05-2016,259.299988,261.48999,257.119995,257.890015,257.890015,2720200
13-05-2016,258.399994,259.5,252.619995,256.410004,256.410004,3738500
14-05-2016,258.049988,259.76001,254.550003,257.279999,257.279999,2738900
15-05-2016,256.109985,257,252.679993,253.389999,253.389999,2806400
16-05-2016,254.550003,257.769989,252.070007,257.75,257.75,3124600
17-05-2016,258.579987,259.429993,254.5,256.019989,256.019989,2513900
18-05-2016,257.049988,261.480011,256.279999,260.309998,260.309998,2421000
19-05-2016,258.75,265.929993,257.899994,265.299988,265.299988,2874900
20-05-2016,265.820007,267.380005,264.059998,266.48999,266.48999,2473700
21-05-2016,266.980011,267.399994,261.01001,261.609985,261.609985,2524800
22-05-2016,262.399994,265.890015,260.549988,263.320007,263.320007,2631100
23-05-2016,262.119995,263.670013,257.75,259.029999,259.029999,2413800
24-05-2016,259.230011,260.410004,256.119995,259.079987,259.079987,1964400
25-05-2016,255.720001,256.179993,253.669998,255.479996,255.479996,2557400
26-05-2016,255.919998,259.679993,255.630005,258.950012,258.950012,2295600
27-05-2016,258.850006,262.609985,257,261.140015,261.140015,2156600
28-05-2016,261.779999,265.980011,259.320007,264.769989,264.769989,2322500
29-05-2016,264.73999,270.970001,264.73999,269.850006,269.850006,3090500
30-05-2016,270.119995,273.269989,267.019989,272.869995,272.869995,2866300
31-05-2016,271.079987,275.119995,267.100006,267.720001,267.720001,3326000
01-06-2016,269.309998,272.799988,268.059998,272.339996,272.339996,2137200
02-06-2016,270.799988,270.850006,264.25,267.399994,267.399994,3135100
03-06-2016,266.809998,266.98999,256.600006,259.420013,259.420013,3137600
04-06-2016,258.160004,262.880005,257.5,260.320007,260.320007,2602500
05-06-2016,259.350006,264.600006,258.029999,263.549988,263.549988,2119100
06-06-2016,264.5,269.869995,264.5,268.899994,268.899994,2270600
07-06-2016,269.5,271.470001,266.809998,268.779999,268.779999,1852800
08-06-2016,271.529999,275.799988,270.5,274.700012,274.700012,6116500
09-06-2016,269.970001,272.019989,252.809998,254.809998,254.809998,14030000
10-06-2016,254.899994,257.01001,249.149994,249.740005,249.740005,7117000
11-06-2016,249.369995,254.679993,248.559998,253.809998,253.809998,4248800
12-06-2016,253.899994,254.199997,245.75,248.229996,248.229996,4391400
13-06-2016,248.940002,252.929993,245.779999,252.550003,252.550003,3936200
14-06-2016,256.140015,259.25,254.699997,258.049988,258.049988,3514000
15-06-2016,258.089996,259.5,253.419998,255.720001,255.720001,2347800
16-06-2016,256.309998,259.73999,252.910004,257.730011,257.730011,3133700
17-06-2016,256.869995,260.299988,255.330002,258.679993,258.679993,2677000
18-06-2016,258.730011,263.549988,256.880005,260.160004,260.160004,2769300
19-06-2016,260.880005,263.649994,260.209991,263.630005,263.630005,3145300
20-06-2016,262.769989,265.880005,262,264.51001,264.51001,2149500
21-06-2016,264.5,269.399994,264.029999,268.329987,268.329987,2700000
22-06-2016,267.070007,269.049988,264.559998,266.559998,266.559998,2720500
23-06-2016,265.959991,268.429993,263.850006,264.119995,264.119995,1643500
24-06-2016,265.829987,269.980011,265,269.899994,269.899994,2527300
25-06-2016,269,271.790009,266.5,267.630005,267.630005,2209000
26-06-2016,268.73999,270.769989,267.660004,268.859985,268.859985,1741200
27-06-2016,267.390015,267.589996,260.799988,262.959991,262.959991,3332000
28-06-2016,260.48999,263.170013,259.589996,261.799988,261.799988,2000300
29-06-2016,259.850006,261.929993,258.339996,261.73999,261.73999,1696300
30-06-2016,266.480011,271.100006,266,267.290009,267.290009,3471000
01-07-2016,265.459991,268.25,264.839996,265.529999,265.529999,1903400
02-07-2016,265.709991,268.570007,265.609985,266.829987,266.829987,1667500
03-07-2016,266,271.910004,265.940002,269.200012,269.200012,3374300
04-07-2016,268.959991,269.109985,262.950012,266.880005,266.880005,2543900
05-07-2016,267,268.880005,263.019989,265.700012,265.700012,2088600
06-07-2016,265.809998,271.660004,265.019989,267.170013,267.170013,3512300
07-07-2016,267.75,270.5,264.209991,267.829987,267.829987,2476300
08-07-2016,269.73999,280.100006,269.130005,276.869995,276.869995,4632600
09-07-2016,276.679993,282.470001,275.23999,281.070007,281.070007,3086500
10-07-2016,276,278.410004,274.23999,274.779999,274.779999,3097800
11-07-2016,276.600006,276.799988,270.450012,271.670013,271.670013,2238900
12-07-2016,271.5,276.799988,270.290009,275.790009,275.790009,2649800
13-07-2016,275,277.070007,273.440002,273.98999,273.98999,2150800
14-07-2016,276.350006,280.200012,275.649994,278.059998,278.059998,2884000
15-07-2016,279.079987,282.910004,278.109985,281.76001,281.76001,2146100
16-07-2016,281.26001,283.339996,277.869995,278.160004,278.160004,2827500
17-07-2016,275.140015,278.600006,272.390015,273.440002,273.440002,2984000
18-07-2016,274.570007,275.839996,269.790009,273.359985,273.359985,4201000
19-07-2016,271.290009,273.160004,265,270.609985,270.609985,3863800
20-07-2016,272.299988,273.470001,269,272.089996,272.089996,2449600
21-07-2016,273.980011,277.980011,273.5,277.570007,277.570007,3029500
22-07-2016,279.179993,280.200012,274.540009,277.549988,277.549988,2519500
23-07-2016,276.190002,279.829987,276.190002,277.690002,277.690002,3193300
24-07-2016,279,283.290009,277.160004,282.100006,282.100006,2888200
25-07-2016,281.040009,286.579987,280.589996,283.730011,283.730011,3238200
26-07-2016,282,285.399994,282,284.029999,284.029999,1373000
27-07-2016,285,286.380005,282.070007,285.880005,285.880005,1985400
28-07-2016,286.420013,291.670013,286.140015,290.589996,290.589996,3046700
29-07-2016,291,292.570007,288.01001,291.529999,291.529999,2775600
30-07-2016,291.410004,293.339996,289.399994,292.329987,292.329987,1810200
31-07-2016,294.98999,300.690002,292.100006,299.660004,299.660004,4007300
01-08-2016,298.690002,307.549988,298.5,307.549988,307.549988,4539300
02-08-2016,307.269989,307.98999,304.350006,306.570007,306.570007,2245600
03-08-2016,307.299988,309.390015,305.51001,306.869995,306.869995,2660200
04-08-2016,306.970001,308.799988,305.690002,308.690002,308.690002,2029700
05-08-2016,306.269989,306.339996,301.869995,304.109985,304.109985,3063800
06-08-2016,304.390015,305.790009,301.910004,305.230011,305.230011,2973100
07-08-2016,309.25,309.25,302,303.480011,303.480011,2520700
08-08-2016,303.160004,305.059998,300.559998,301.059998,301.059998,1999600
09-08-2016,303.019989,303.839996,298.040009,298.940002,298.940002,2000500
10-08-2016,299,304.5,296.75,303.399994,303.399994,5405800
11-08-2016,299.549988,313.619995,295.549988,312.01001,312.01001,8817500
12-08-2016,311.070007,313,305.899994,306.100006,306.100006,3211800
13-08-2016,307.720001,309.779999,301.570007,302.410004,302.410004,3053400
14-08-2016,303.910004,305.149994,301,301.220001,301.220001,1891300
15-08-2016,303.079987,306.209991,298.899994,305.570007,305.570007,2971700
16-08-2016,304.630005,305.329987,301.5,304.209991,304.209991,2502600
17-08-2016,303.399994,303.619995,298.299988,300.98999,300.98999,2233200
18-08-2016,300.51001,301.359985,297.519989,300.75,300.75,1849000
19-08-2016,300.149994,300.98999,296.149994,296.910004,296.910004,1961000
20-08-2016,298.519989,298.519989,292.549988,295.73999,295.73999,2343400
21-08-2016,295.679993,299.269989,294.299988,297.26001,297.26001,1950300
22-08-2016,295.790009,299.079987,295.26001,296.690002,296.690002,1504500
23-08-2016,295.880005,296.369995,290.670013,293.970001,293.970001,2349900
24-08-2016,294.290009,294.290009,290.540009,291.339996,291.339996,1415000
25-08-2016,288.790009,289.299988,285.149994,286.470001,286.470001,2261400
26-08-2016,286.549988,288.329987,284.5,284.820007,284.820007,2422500
27-08-2016,285.190002,289.559998,283.480011,285.570007,285.570007,2477400
28-08-2016,285.880005,289.51001,285.73999,287.089996,287.089996,1586300
29-08-2016,285.089996,288.5,283.829987,284.570007,284.570007,1815300
30-08-2016,284.799988,289.869995,284.799988,289.730011,289.730011,1422600
31-08-2016,291.209991,291.5,287.899994,290.01001,290.01001,1961900
01-09-2016,290.429993,291.049988,285.619995,286.209991,286.209991,1711700
02-09-2016,283.869995,285.279999,279.73999,280.929993,280.929993,2476000
03-09-2016,280.359985,283,279.329987,281.579987,281.579987,1457100
04-09-2016,281.450012,285.980011,280,283.980011,283.980011,1566400
05-09-2016,284.589996,284.869995,280,280.980011,280.980011,1534700
06-09-2016,284.730011,291.390015,284.170013,288.799988,288.799988,2897600
07-09-2016,288.329987,295.230011,287.579987,293.640015,293.640015,2438600
08-09-2016,293.630005,297,292.709991,294.100006,294.100006,1816600
09-09-2016,295.329987,298.880005,290.799988,295.859985,295.859985,2292000
10-09-2016,297.220001,299.959991,296.600006,299.709991,299.709991,1643600
11-09-2016,300.549988,301,297.220001,300.359985,300.359985,1778400
12-09-2016,298.910004,301.859985,297.839996,299.640015,299.640015,1742600
13-09-2016,299.390015,302,297.660004,298.859985,298.859985,1606200
14-09-2016,300.140015,300.220001,296.200012,297.920013,297.920013,1350600
15-09-2016,299.820007,301,295.26001,296.059998,296.059998,1808400
16-09-2016,297.630005,304.649994,296.01001,304.170013,304.170013,2296500
17-09-2016,304.059998,312.73999,302.910004,312.029999,312.029999,2946400
18-09-2016,313.769989,314.540009,311.040009,312.059998,312.059998,2350900
19-09-2016,312.540009,320.570007,312.410004,316.339996,316.339996,5302300
20-09-2016,314.01001,315.899994,308.769989,311.48999,311.48999,1884900
21-09-2016,312.429993,318.079987,311.279999,314.130005,314.130005,2033600
22-09-2016,314.529999,316.709991,310.75,312.649994,312.649994,2008600
23-09-2016,313.899994,319.369995,313.26001,318.119995,318.119995,1989900
24-09-2016,316.920013,317.209991,313.350006,316.01001,316.01001,1657500
25-09-2016,313.410004,315.309998,311.059998,312.640015,312.640015,1623600
26-09-2016,314.220001,321,313.649994,320.950012,320.950012,2396400
27-09-2016,318.040009,321.730011,317.519989,320.51001,320.51001,2217400
28-09-2016,320.390015,322.920013,313.019989,314.76001,314.76001,2674800
29-09-2016,315.130005,319.200012,312.619995,319.040009,319.040009,1815000
30-09-2016,315.23999,315.339996,309.73999,310.029999,310.029999,2083200
01-10-2016,311.5,311.549988,300.269989,303.230011,303.230011,3166200
02-10-2016,303.420013,303.5,296.5,298.230011,298.230011,3247400
03-10-2016,304.630005,306.700012,302.589996,305.170013,305.170013,2555100
04-10-2016,304.769989,310.929993,303.839996,310.890015,310.890015,2163100
05-10-2016,309.220001,311.649994,307,310.700012,310.700012,1939100
06-10-2016,309.869995,310.790009,305.26001,306.399994,306.399994,2261100
07-10-2016,308.380005,310.799988,305.549988,310.48999,310.48999,2170700
08-10-2016,307.070007,311,305.23999,310.769989,310.769989,2648400
09-10-2016,319.359985,331.890015,316.75,328.929993,328.929993,5969800
10-10-2016,329.890015,330,323.799988,326.440002,326.440002,2522300
11-10-2016,327.720001,337.109985,325.679993,332.540009,332.540009,3935500
12-10-2016,330.839996,331.720001,324.059998,326.76001,326.76001,2818200
13-10-2016,329.630005,332.649994,326.75,332.209991,332.209991,5884700
14-10-2016,358.600006,368.399994,352.619995,363.390015,363.390015,12036800
15-10-2016,359.920013,362.75,357.200012,358.160004,358.160004,3635800
16-10-2016,358.959991,362.890015,356.290009,362.700012,362.700012,2185400
17-10-2016,362.619995,365,358.649994,361.079987,361.079987,4502200
18-10-2016,361.730011,366,359,364.029999,364.029999,2466800
19-10-2016,365.630005,365.769989,356.100006,359,359,3331000
20-10-2016,360.119995,361,354.399994,358.73999,358.73999,1938400
21-10-2016,356.779999,360.170013,354.839996,358.890015,358.890015,2007100
22-10-2016,360.450012,362.869995,354.5,356.179993,356.179993,2282300
23-10-2016,355.859985,357.899994,341.880005,343.559998,343.559998,4246300
24-10-2016,345.950012,351.049988,344.040009,350.309998,350.309998,2656900
25-10-2016,350.589996,355.369995,348.059998,354.380005,354.380005,2261700
26-10-2016,352.98999,355.480011,347.279999,349.529999,349.529999,2343100
27-10-2016,347.399994,356.220001,345.679993,356.220001,356.220001,2773300
28-10-2016,357.390015,368.940002,356.429993,367.399994,367.399994,4159800
29-10-2016,367.630005,372.899994,365.549988,369.170013,369.170013,4491600
30-10-2016,370.279999,373.48999,364.670013,366.179993,366.179993,2737400
31-10-2016,365.820007,368.779999,362.5,364.940002,364.940002,1904800
01-11-2016,367.559998,367.559998,360.450012,362.570007,362.570007,1771500
02-11-2016,364.049988,369.25,363.299988,368.920013,368.920013,1964600
03-11-2016,370,374.5,366.309998,372.309998,372.309998,2965500
04-11-2016,373.820007,377.790009,373.179993,376.640015,376.640015,2972300
05-11-2016,377.609985,382.5,374.820007,381.369995,381.369995,2724400
06-11-2016,383.5,387,382.609985,386.709991,386.709991,2269700
07-11-2016,389.100006,394.100006,388.619995,393.619995,393.619995,2406000
08-11-2016,399,399,389.100006,392.299988,392.299988,4714000
09-11-2016,390.109985,390.950012,383.100006,384.660004,384.660004,3702900
10-11-2016,383.5,389.690002,381.48999,385.959991,385.959991,2355300
11-11-2016,386.649994,386.649994,381.369995,384.48999,384.48999,1906500
12-11-2016,388.350006,388.350006,383.829987,386.950012,386.950012,1984700
13-11-2016,388.109985,388.209991,382.570007,384.890015,384.890015,2761800
14-11-2016,383.73999,389.059998,383.019989,387.779999,387.779999,2736800
15-11-2016,387.339996,388.980011,382,382.190002,382.190002,2451300
16-11-2016,381.26001,385,379.5,381.25,381.25,2123700
17-11-2016,385.320007,389.420013,383.799988,384.23999,384.23999,3025000
18-11-2016,385.029999,391.700012,385,388.970001,388.970001,2251700
19-11-2016,390.649994,391.359985,386.5,387.649994,387.649994,2343900
20-11-2016,389.230011,396.299988,383.100006,395.959991,395.959991,3489100
21-11-2016,394.269989,397.290009,392.600006,395.190002,395.190002,2427200
22-11-2016,396.549988,404.720001,395.779999,402.200012,402.200012,5033900
23-11-2016,403.690002,405,399.200012,402.920013,402.920013,2659500
24-11-2016,402.519989,403.720001,396.369995,399.200012,399.200012,1380400
25-11-2016,401.790009,404.519989,396.809998,404.390015,404.390015,1868500
26-11-2016,404.649994,405.630005,396.25,398.079987,398.079987,1986900
27-11-2016,399.410004,399.920013,392.450012,393.369995,393.369995,2487100
28-11-2016,394.579987,398.829987,393.799988,398.790009,398.790009,1996500
29-11-2016,398.799988,399.359985,394.019989,397.970001,397.970001,2137800
30-11-2016,398.290009,402.709991,396.220001,396.440002,396.440002,2210200
01-12-2016,395.850006,397,388.420013,393.630005,393.630005,3170600
02-12-2016,395.040009,398.470001,394.290009,398.029999,398.029999,1916000
03-12-2016,398.470001,403,396.040009,401.920013,401.920013,2316500
04-12-2016,403.709991,406.890015,398.440002,401.01001,401.01001,2103000
05-12-2016,402.529999,403.76001,393.799988,397.660004,397.660004,2679500
06-12-2016,397.980011,399.779999,388.450012,390.980011,390.980011,2844900
07-12-2016,392.130005,398.630005,391.290009,397.540009,397.540009,2340100
08-12-2016,398.940002,399.309998,392.529999,395.869995,395.869995,2678300
09-12-2016,393.679993,399.290009,389.410004,395.799988,395.799988,2601200
10-12-2016,394.26001,403.48999,393.660004,399.609985,399.609985,4505100
11-12-2016,403,407.799988,401.600006,407.049988,407.049988,3122100
12-12-2016,408,408.059998,402,404.540009,404.540009,2060500
13-12-2016,401,406.170013,397.790009,399.869995,399.869995,3025400
14-12-2016,398.160004,400.200012,387.269989,387.600006,387.600006,4458400
15-12-2016,390.5,394.100006,380.48999,386.279999,386.279999,3936800
16-12-2016,387.399994,394.73999,387.119995,394.429993,394.429993,2894500
17-12-2016,392.160004,392.850006,383.23999,384.200012,384.200012,3382300
18-12-2016,393.769989,406.25,387.700012,403.01001,403.01001,10473900
19-12-2016,371.76001,375.450012,357.76001,358.690002,358.690002,16154800
20-12-2016,358.980011,360.850006,340.100006,346.149994,346.149994,10280800
21-12-2016,349.589996,354,344.019989,347.950012,347.950012,4812900
22-12-2016,346,349.369995,337.730011,346.450012,346.450012,4435400
23-12-2016,347.399994,354.820007,347.399994,354.589996,354.589996,3335700
24-12-2016,358.980011,361.799988,352.48999,361.079987,361.079987,4330500
25-12-2016,361.609985,365,359.350006,360.869995,360.869995,3449700
26-12-2016,361.839996,363.609985,356.25,361.790009,361.790009,3222100
27-12-2016,356.429993,357.75,346.320007,349.25,349.25,6587700
28-12-2016,347.700012,357.200012,346.5,357.200012,357.200012,4175000
29-12-2016,359.339996,359.339996,353.350006,357.350006,357.350006,3520200
30-12-2016,355.279999,355.730011,349.450012,353.649994,353.649994,4998000
31-12-2016,352.640015,354.540009,346.100006,347.380005,347.380005,4168100
01-01-2017,348.799988,350.459991,344.380005,349.799988,349.799988,3492800
02-01-2017,352.440002,354.140015,346.75,346.76001,346.76001,4210000
03-01-2017,345.190002,353,343.290009,351.779999,351.779999,3644700
04-01-2017,353,361.079987,351.579987,358.320007,358.320007,3736400
05-01-2017,359.859985,364.75,357.170013,359.799988,359.799988,3622100
06-01-2017,357.220001,360.589996,355.5,360.130005,360.130005,3104900
07-01-2017,360.600006,365.869995,357.079987,362.100006,362.100006,3882000
08-01-2017,358.73999,360.959991,354.480011,359.779999,359.779999,2798300
09-01-2017,363.899994,365.679993,362.459991,363.899994,363.899994,2704400
10-01-2017,364.130005,372.730011,363.899994,372.369995,372.369995,3848300
11-01-2017,374.049988,375.329987,368.899994,372.160004,372.160004,2926600
12-01-2017,374.579987,374.98999,369.529999,372.059998,372.059998,2279800
13-01-2017,372.690002,372.730011,367,370.529999,370.529999,2105800
14-01-2017,370.98999,372.799988,367.279999,368.820007,368.820007,2246100
15-01-2017,366.399994,371.160004,363.609985,370.640015,370.640015,2216600
16-01-2017,376.619995,383.109985,368.079987,371.51001,371.51001,6829000
17-01-2017,372.799988,378.570007,371.549988,373.73999,373.73999,4402200
18-01-2017,375.720001,378.850006,374.880005,375.040009,375.040009,2303000
19-01-2017,377.320007,379,375,378.769989,378.769989,2483500
20-01-2017,378.769989,379,369.420013,373.230011,373.230011,2646700
21-01-2017,370.640015,373,366.220001,368.970001,368.970001,2558500
22-01-2017,371,372.839996,358.399994,360.619995,360.619995,5414100
23-01-2017,360.089996,361.5,348.600006,351.850006,351.850006,4873500
24-01-2017,354.029999,358.970001,348.839996,354.709991,354.709991,4445700
25-01-2017,357.130005,357.600006,343.399994,343.410004,343.410004,4120700
26-01-2017,343.149994,344,330.880005,338.470001,338.470001,5766400
27-01-2017,340.049988,347,336.079987,338.290009,338.290009,3986800
28-01-2017,342.399994,346.290009,334.059998,336.369995,336.369995,4297500
29-01-2017,338.089996,344.429993,338,342.98999,342.98999,3600100
30-01-2017,345.98999,348.299988,340.380005,341.959991,341.959991,4475500
31-01-2017,341.820007,342.5,328.459991,333.619995,333.619995,6399300
01-02-2017,335.149994,335.440002,315.609985,323,323,12534600
02-02-2017,320.98999,324.940002,313.130005,317.76001,317.76001,7077400
03-02-2017,321.880005,328,318.440002,327.070007,327.070007,6577600
04-02-2017,328.470001,332.179993,322.5,331.809998,331.809998,5056600
05-02-2017,330.600006,331,316.5,317.109985,317.109985,6126700
06-02-2017,314,316.5,309.5,311.730011,311.730011,7287500
07-02-2017,317.670013,320.480011,311.279999,315.910004,315.910004,4293500
08-02-2017,316.700012,318.279999,305.5,316.079987,316.079987,5398600
09-02-2017,321.170013,324,314.709991,323.679993,323.679993,4284900
10-02-2017,319.76001,328.660004,319.76001,324.910004,324.910004,4299200
11-02-2017,323.970001,331.149994,322.309998,330.869995,330.869995,2999400
12-02-2017,332,337.5,328.940002,329.320007,329.320007,3711600
13-02-2017,333.059998,333.130005,323.390015,324.579987,324.579987,3604600
14-02-2017,329.670013,337.399994,322.950012,337.149994,337.149994,9293700
15-02-2017,316.25,316.48999,302.709991,303.829987,303.829987,16180200
16-02-2017,304,304.390015,288,296.579987,296.579987,14479800
17-02-2017,296.440002,301.839996,290.450012,300.380005,300.380005,6509300
18-02-2017,298.100006,304.559998,298.100006,304.130005,304.130005,4088600
19-02-2017,304.130005,310.480011,304,307.890015,307.890015,4328600
20-02-2017,310.420013,313.290009,304.309998,308.01001,308.01001,3995100
21-02-2017,306.369995,310.230011,305,310.049988,310.049988,2519900
22-02-2017,309.529999,309.809998,297.040009,297.380005,297.380005,4682300
23-02-2017,295.559998,296.399994,286.679993,292.709991,292.709991,7015200
24-02-2017,290.820007,295.880005,287.230011,288.320007,288.320007,3848200
25-02-2017,290.570007,293.679993,284.380005,292.23999,292.23999,4063000
26-02-2017,294.299988,303.339996,294.160004,302.859985,302.859985,3729600
27-02-2017,302.600006,305.600006,300.75,304.640015,304.640015,3509900
28-02-2017,302.5,304.640015,296.660004,297.619995,297.619995,3323300
01-03-2017,298.019989,299.200012,290.380005,295.190002,295.190002,4295100
02-03-2017,292.799988,298.880005,291.549988,297.700012,297.700012,3636800
03-03-2017,295.76001,299,293.809998,296.76001,296.76001,2284200
04-03-2017,297.100006,304.459991,296.75,301.190002,301.190002,4095700
05-03-2017,302.209991,305.959991,301.519989,305.01001,305.01001,3408800
06-03-2017,305.049988,308.540009,303.01001,304.910004,304.910004,2576800
07-03-2017,305.459991,312.350006,304.899994,312.23999,312.23999,3052900
08-03-2017,314.410004,314.630005,307.380005,310.820007,310.820007,4862100
09-03-2017,309.5,313.820007,307.420013,310.160004,310.160004,2726000
10-03-2017,310.420013,314.869995,310.200012,313.779999,313.779999,2365500
11-03-2017,314.429993,314.649994,307.570007,312.549988,312.549988,4260200
12-03-2017,312.589996,312.600006,307,308.839996,308.839996,2203400
13-03-2017,305.75,307.920013,305.070007,307.190002,307.190002,2379200
14-03-2017,306.850006,309.5,303.839996,306.779999,306.779999,2107100
15-03-2017,308.100006,327.940002,306.899994,323.570007,323.570007,7796700
16-03-2017,325,330.880005,324.929993,329.670013,329.670013,5244000
17-03-2017,331.570007,333,325.649994,327.5,327.5,3212200
18-03-2017,327.649994,335.5,327.5,332.410004,332.410004,3663400
19-03-2017,336,340.720001,333.880005,335.200012,335.200012,4436800
20-03-2017,335.549988,335.549988,324.660004,325.910004,325.910004,4276300
21-03-2017,327.049988,329.299988,323.529999,326.269989,326.269989,2764800
22-03-2017,324.859985,328.690002,323.519989,327.619995,327.619995,2449800
23-03-2017,327.540009,331.339996,325.230011,325.619995,325.619995,2924100
24-03-2017,328,335.75,325,334.380005,334.380005,6401500
25-03-2017,335.26001,338.899994,325.980011,327,327,5320600
26-03-2017,327.76001,328.220001,320.420013,324.200012,324.200012,6054000
27-03-2017,323.329987,327.549988,321.410004,327.23999,327.23999,2604800
28-03-2017,327.540009,329.730011,322.73999,324.160004,324.160004,2626600
29-03-2017,324.329987,328.149994,321.73999,327.440002,327.440002,2327800
30-03-2017,328.48999,328.649994,322.130005,325.690002,325.690002,2699500
31-03-2017,325.880005,326.519989,323.269989,324.570007,324.570007,2416200
01-04-2017,324.980011,326.980011,322.23999,324.779999,324.779999,2671300
02-04-2017,325.859985,333.200012,325.100006,332.390015,332.390015,3173600
03-04-2017,333.200012,336.76001,331.660004,332.850006,332.850006,2681300
04-04-2017,334.829987,338.299988,333.079987,337.48999,337.48999,1944300
05-04-2017,337.5,337.549988,332.519989,333.549988,333.549988,2128900
06-04-2017,333.100006,333.73999,321.399994,323.809998,323.809998,4271600
07-04-2017,324.709991,330.200012,323.149994,329.970001,329.970001,3166100
08-04-2017,324.339996,329.980011,322.649994,327.920013,327.920013,2665000
09-04-2017,334.709991,347,334.709991,346.200012,346.200012,8300800
10-04-2017,347.029999,355.769989,345.359985,355.320007,355.320007,5609900
11-04-2017,353.720001,355.589996,349.399994,354.440002,354.440002,4170900
12-04-2017,355.619995,359.320007,353,355.899994,355.899994,3503600
13-04-2017,353.440002,356.959991,351.380005,352.450012,352.450012,3636000
14-04-2017,354.399994,359.679993,352.079987,358.660004,358.660004,3407400
15-04-2017,358.100006,361.709991,356.720001,359.76001,359.76001,2278400
16-04-2017,355.25,362.929993,355.25,360.839996,360.839996,2888900
17-04-2017,359.049988,360.630005,356.619995,358.140015,358.140015,2687300
18-04-2017,359.980011,364.850006,358.519989,358.609985,358.609985,7088700
19-04-2017,317.299988,324.869995,314.76001,324.01001,324.01001,17846500
20-04-2017,324.25,324.820007,316.5,320.410004,320.410004,5932000
21-04-2017,321.980011,322.899994,319.5,320,320,2883800
22-04-2017,321.450012,322.730011,318.5,322.51001,322.51001,3969000
23-04-2017,320.01001,320.679993,311.859985,312.98999,312.98999,5192000
24-04-2017,313.690002,315.829987,304.589996,307.059998,307.059998,7441500
25-04-2017,308.839996,316.179993,308.5,313.649994,313.649994,4200900
26-04-2017,313.299988,314.549988,310.059998,312.320007,312.320007,2852100
27-04-2017,310.829987,315.779999,310.200012,313.890015,313.890015,2296900
28-04-2017,315.209991,315.880005,309.649994,311.450012,311.450012,2935600
29-04-2017,311.940002,317.320007,310.660004,316.799988,316.799988,2705900
30-04-2017,318.480011,320.380005,316.880005,318.329987,318.329987,2468600
01-05-2017,318.890015,321.309998,316.950012,319.320007,319.320007,1915800
02-05-2017,327.600006,331.720001,326.140015,326.279999,326.279999,4939100
03-05-2017,327.799988,334.089996,326.709991,333.209991,333.209991,3420400
04-05-2017,334,335,328.320007,333.630005,333.630005,3896700
05-05-2017,335.480011,337.799988,333.769989,334.529999,334.529999,2485400
06-05-2017,334.869995,335.809998,333.01001,335.130005,335.130005,1713800
07-05-2017,334.679993,337.160004,334.019989,335.779999,335.779999,1810500
08-05-2017,336.480011,336.579987,332.230011,332.910004,332.910004,1971100
09-05-2017,332.98999,334.079987,330.799988,331.589996,331.589996,2211200
10-05-2017,333.209991,336.769989,332.709991,334.019989,334.019989,1957700
11-05-2017,337,344.359985,334.549988,341.829987,341.829987,3654700
12-05-2017,342.089996,346.670013,341.339996,343.179993,343.179993,2961600
13-05-2017,340,341.790009,338.799988,340.019989,340.019989,2252700
14-05-2017,341.76001,341.820007,337.679993,339.040009,339.040009,1939500
15-05-2017,339.980011,342.5,337.160004,342.380005,342.380005,2326000
16-05-2017,342.540009,343.269989,337.549988,339,339,1993700
17-05-2017,343.690002,349.380005,343.579987,345.950012,345.950012,3965600
18-05-2017,346.299988,346.829987,342.5,346.380005,346.380005,2107000
19-05-2017,344.540009,345.809998,339.040009,342.339996,342.339996,2955300
20-05-2017,341.609985,341.76001,329.179993,329.75,329.75,4646800
21-05-2017,334.299988,334.980011,328.820007,331.329987,331.329987,3797400
22-05-2017,329.940002,333.01001,326.390015,330.519989,330.519989,2720200
23-05-2017,329.559998,332.890015,328.790009,331.190002,331.190002,3429300
24-05-2017,330.910004,331.329987,319,323.890015,323.890015,4000400
25-05-2017,321.070007,329.480011,320.100006,327.76001,327.76001,3259900
26-05-2017,327.76001,328,321.519989,324,324,4136000
27-05-2017,325.440002,327.100006,323.709991,325,325,2576900
28-05-2017,327.600006,332.76001,325.570007,331.320007,331.320007,6886200
29-05-2017,328.48999,329.48999,321.059998,324.5,324.5,3109700
30-05-2017,322.459991,327.600006,321.25,323.630005,323.630005,2352600
31-05-2017,324.170013,329.440002,319.559998,328.209991,328.209991,2642200
01-06-2017,327.98999,328.540009,321.399994,321.929993,321.929993,2928800
02-06-2017,320.600006,323.5,317.640015,323.209991,323.209991,3638000
03-06-2017,320.5,323.75,319,321.820007,321.820007,1924600
04-06-2017,321.359985,323.429993,318.51001,322.440002,322.440002,2636200
05-06-2017,322.040009,322.170013,315.549988,317.459991,317.459991,3089100
06-06-2017,316.920013,318.529999,311.309998,318.410004,318.410004,3553900
07-06-2017,320.359985,325.160004,319.529999,322.73999,322.73999,3037400
08-06-2017,323.5,324.130005,319.600006,322.200012,322.200012,2290300
09-06-2017,319.429993,322,316.670013,316.980011,316.980011,2365400
10-06-2017,316.579987,324.109985,314.140015,322.700012,322.700012,3452800
11-06-2017,321.48999,322.269989,314.519989,315.369995,315.369995,3587900
12-06-2017,314.019989,317.769989,311.380005,311.390015,311.390015,3681900
13-06-2017,309.869995,313.200012,303.470001,306.450012,306.450012,4363900
14-06-2017,308,312.23999,305.75,308.309998,308.309998,3385800
15-06-2017,304.350006,307.899994,299.100006,305.970001,305.970001,5343900
16-06-2017,293.829987,306.820007,293.829987,302.859985,302.859985,4731300
17-06-2017,307.149994,309.200012,302.720001,303.640015,303.640015,4405100
18-06-2017,302.950012,306.529999,302.019989,306.209991,306.209991,3234500
19-06-2017,309.899994,315.640015,307.070007,315.329987,315.329987,3559300
20-06-2017,315.429993,318.980011,312.640015,312.970001,312.970001,3125900
21-06-2017,313.399994,316.799988,311.399994,313.179993,313.179993,9038200
22-06-2017,284.399994,293.809998,284,287.059998,287.059998,19801100
23-06-2017,285.700012,290.420013,285.019989,289.970001,289.970001,5950600
24-06-2017,289.76001,298,289.76001,295.589996,295.589996,5572600
25-06-2017,299.109985,299.609985,293.070007,294.119995,294.119995,4881900
26-06-2017,293.980011,299.73999,292.359985,299.070007,299.070007,4055200
27-06-2017,305.149994,305.720001,301.5,305.459991,305.459991,4550700
28-06-2017,306.23999,308.01001,303.23999,305.720001,305.720001,3242500
29-06-2017,303.98999,304.25,300.170013,302.809998,302.809998,3427400
30-06-2017,303.01001,304,294.160004,296.519989,296.519989,4674500
01-07-2017,296.690002,297,292.290009,296.640015,296.640015,3758100
02-07-2017,297.820007,299.98999,296.290009,299.859985,299.859985,2647400
03-07-2017,300,305.799988,300,305.109985,305.109985,2809100
04-07-2017,305.940002,312.380005,303.649994,312.01001,312.01001,3803600
05-07-2017,310.75,312.579987,308.790009,311.51001,311.51001,2183000
06-07-2017,312,317.890015,311.51001,316.480011,316.480011,3686400
07-07-2017,317.119995,332.880005,316.399994,327.820007,327.820007,8877800
08-07-2017,326.440002,328,318.029999,323.049988,323.049988,4784900
09-07-2017,323.98999,329.559998,323.25,324.929993,324.929993,3549500
10-07-2017,327.25,328.399994,324.019989,326.540009,326.540009,3281600
11-07-2017,324,332.670013,323.329987,330.540009,330.540009,3436700
12-07-2017,335.420013,338.329987,331.470001,332.630005,332.630005,4466600
13-07-2017,334.779999,337.390015,333.600006,335.640015,335.640015,2754200
14-07-2017,335.269989,336.329987,331.279999,335.040009,335.040009,2565000
15-07-2017,333.779999,334.649994,331.75,333.570007,333.570007,1983600
16-07-2017,336.029999,341.26001,336.029999,338.640015,338.640015,3051800
17-07-2017,338.119995,340.640015,325.929993,326,326,4944900
18-07-2017,327.5,327.929993,323.25,326.309998,326.309998,2790300
19-07-2017,325.730011,326.769989,314.359985,316.5,316.5,5681000
20-07-2017,315.529999,318.589996,313.470001,316.929993,316.929993,3290300
21-07-2017,316.799988,316.929993,310.839996,312.630005,312.630005,3265200
22-07-2017,311.570007,316.559998,304.820007,306.640015,306.640015,3639200
23-07-2017,302.98999,313.640015,301.140015,312.5,312.5,4049500
24-07-2017,312,313.190002,304.679993,305.839996,305.839996,3245900
25-07-2017,307.890015,312.640015,306.01001,307.359985,307.359985,3262900
26-07-2017,303.98999,310.640015,303.01001,307.320007,307.320007,3153500
27-07-2017,308.869995,310.859985,302.149994,306.070007,306.070007,3841600
28-07-2017,304.350006,304.48999,295.01001,295.059998,295.059998,6501300
29-07-2017,296.369995,299.670013,293.029999,298.880005,298.880005,4433500
30-07-2017,304.01001,304.5,293.25,297.730011,297.730011,7738100
31-07-2017,296.910004,301.540009,295.519989,299.899994,299.899994,8709100
01-08-2017,301.940002,307.359985,301.940002,306.540009,306.540009,4003800
02-08-2017,306.980011,307.48999,303.25,306.290009,306.290009,2713700
03-08-2017,306.380005,307,302.880005,303.029999,303.029999,1513800
04-08-2017,305,310.779999,303.809998,309.089996,309.089996,2893800
05-08-2017,307.850006,314.269989,306.579987,312.040009,312.040009,3009000
06-08-2017,309.910004,313.940002,309.339996,310.299988,310.299988,2093000
07-08-2017,311.549988,312.980011,310.01001,310.350006,310.350006,2048000
08-08-2017,312.579987,314.75,306.959991,308.519989,308.519989,2783200
09-08-2017,307.01001,308.380005,300.850006,302.190002,302.190002,2774200
10-08-2017,302.23999,303,292.380005,295.290009,295.290009,3519000
11-08-2017,297.5,301.279999,295.329987,298.420013,298.420013,2640300
12-08-2017,300.320007,303.140015,296.109985,300.459991,300.459991,3088400
13-08-2017,301.480011,302.869995,296.679993,296.929993,296.929993,2592400
14-08-2017,297.559998,298.51001,289.279999,291.410004,291.410004,3421400
15-08-2017,297.480011,301.5,293.230011,294.73999,294.73999,4136400
16-08-2017,291.929993,295.910004,286.5,293.269989,293.269989,5464600
17-08-2017,294,296,286.820007,286.950012,286.950012,4419200
18-08-2017,286.279999,290.790009,285.25,290.73999,290.73999,3478200
19-08-2017,292.589996,293.359985,286.390015,289.440002,289.440002,3075100
20-08-2017,289.640015,306,287.26001,297.25,297.25,10065100
21-08-2017,300,312.25,300,310.320007,310.320007,5362600
22-08-2017,308.079987,316.929993,307.720001,312.390015,312.390015,4496400
23-08-2017,311.820007,313,307.519989,309.660004,309.660004,3169700
24-08-2017,306.299988,310.23999,302.630005,306.75,306.75,2920300
25-08-2017,309.809998,311.51001,303.799988,303.910004,303.910004,3063800
26-08-2017,304.730011,312.799988,299.329987,311.779999,311.779999,8656600
27-08-2017,346.320007,359.5,340.73999,354.529999,354.529999,23856100
28-08-2017,350.049988,365,350.01001,364.470001,364.470001,10231900
29-08-2017,360.290009,367.820007,360.209991,363.549988,363.549988,6212600
30-08-2017,358.380005,367.5,358.230011,364.75,364.75,4169900
31-08-2017,366,378.799988,365.899994,373.890015,373.890015,7247600
01-09-2017,374.869995,375.98999,371.01001,374.279999,374.279999,3892400
02-09-2017,371,374.410004,367.200012,370.559998,370.559998,2724600
03-09-2017,371.190002,374.299988,368.51001,373,373,2287200
04-09-2017,371.230011,377.100006,371.100006,375.140015,375.140015,2786500
05-09-2017,375.100006,378.51001,373.149994,377.170013,377.170013,2791100
06-09-2017,378.410004,383,377.01001,381.829987,381.829987,3475100
07-09-2017,377.720001,379.98999,372.670013,375.429993,375.429993,3673200
08-09-2017,373.779999,376.73999,372.850006,373.369995,373.369995,2650600
09-09-2017,373.48999,381.880005,373.429993,379,379,2953800
10-09-2017,378.619995,383.700012,375.839996,383.660004,383.660004,3258000
11-09-2017,383.440002,384.540009,378,380.140015,380.140015,2177000
12-09-2017,378.649994,380.480011,376.160004,378.589996,378.589996,1920800
13-09-2017,377.269989,387.850006,376.540009,385.369995,385.369995,3174500
14-09-2017,384.070007,389.369995,383.279999,384.799988,384.799988,2687100
15-09-2017,384,385.98999,379.790009,380.160004,380.160004,2532300
16-09-2017,380.850006,385.899994,379.480011,385.660004,385.660004,2139200
17-09-2017,383.950012,386.100006,381.600006,384.609985,384.609985,1946500
18-09-2017,385.709991,387.899994,382.190002,382.720001,382.720001,2259100
19-09-2017,385.609985,388.420013,383.890015,387.829987,387.829987,2693500
20-09-2017,385.519989,387,378.880005,380.089996,380.089996,2627000
21-09-2017,378.399994,379.329987,375.279999,378.559998,378.559998,2311400
22-09-2017,377.450012,377.769989,369.179993,369.51001,369.51001,3121000
23-09-2017,370.609985,373.350006,366.26001,366.369995,366.369995,2495100
24-09-2017,368.820007,375.5,367.519989,374.23999,374.23999,2810000
25-09-2017,371.519989,373.98999,366.679993,370.579987,370.579987,2611700
26-09-2017,370.380005,373.940002,366.720001,373.350006,373.350006,2354100
27-09-2017,371.109985,374.5,369.640015,371.920013,371.920013,2037000
28-09-2017,369.970001,375.98999,366.700012,375.140015,375.140015,2654100
29-09-2017,373.869995,377.109985,372.190002,373.23999,373.23999,1915700
30-09-2017,376.290009,379.369995,375.920013,378.48999,378.48999,3763600
01-10-2017,378.070007,381.769989,374.940002,375.109985,375.109985,2239300
02-10-2017,373.98999,375.23999,372.269989,374.089996,374.089996,2228200
03-10-2017,375.170013,380.5,370.290009,370.959991,370.959991,3429500
04-10-2017,369.589996,371.399994,365.649994,367.350006,367.350006,2930000
05-10-2017,367.109985,373.170013,366.570007,370.559998,370.559998,2609800
06-10-2017,371.869995,376.119995,371.549988,374.589996,374.589996,1820900
07-10-2017,373.23999,377.700012,371.51001,372.100006,372.100006,2506100
08-10-2017,372.100006,373.160004,368.339996,370.26001,370.26001,2458100
09-10-2017,370.5,373.279999,369,372.25,372.25,1875300
10-10-2017,370.100006,380.200012,369.359985,377.040009,377.040009,3050700
11-10-2017,376.149994,379.309998,374.029999,374.410004,374.410004,1954900
12-10-2017,374.660004,381.579987,374.649994,381.200012,381.200012,2636400
13-10-2017,380.660004,384.420013,378.799988,383.540009,383.540009,2392300
14-10-2017,384.309998,387.119995,381.320007,382.649994,382.649994,2573500
15-10-2017,383.529999,385.279999,380.140015,382.359985,382.359985,1894500
16-10-2017,383.51001,387.809998,381.209991,385.109985,385.109985,2583600
17-10-2017,384.649994,385.779999,381.640015,383.450012,383.450012,1933200
18-10-2017,383.690002,387.450012,383.549988,386.040009,386.040009,2080400
19-10-2017,382.630005,383.559998,374.399994,375.559998,375.559998,3839700
20-10-2017,378.549988,391.940002,377,389.51001,389.51001,5016100
21-10-2017,391.309998,394.600006,386.799988,391.179993,391.179993,4643500
22-10-2017,391.910004,394.279999,388,389.799988,389.799988,3474700
23-10-2017,390.209991,391.880005,386.149994,389.98999,389.98999,7980000
24-10-2017,439,452.649994,439,445.100006,445.100006,17176900
25-10-2017,443.859985,446.98999,437.410004,438.559998,438.559998,5430900
26-10-2017,438.51001,439,428.040009,429.309998,429.309998,4140500
27-10-2017,426.75,434.23999,426.029999,429.369995,429.369995,3621700
28-10-2017,427.109985,431.75,419.23999,421.779999,421.779999,3647900
29-10-2017,423.820007,425.640015,416,422.869995,422.869995,3565800
30-10-2017,424.799988,429.769989,422.420013,423.040009,423.040009,2270400
31-10-2017,422.850006,427.51001,421.019989,421.190002,421.190002,2856400
01-11-2017,421.429993,422.720001,414.549988,419.100006,419.100006,2552500
02-11-2017,424.149994,428.5,422.850006,426.880005,426.880005,2766100
03-11-2017,430.75,435.200012,430.170013,433.690002,433.690002,2908800
04-11-2017,432.51001,439,431.369995,432.850006,432.850006,2393700
05-11-2017,431.079987,433.25,426.709991,431.019989,431.019989,1947800
06-11-2017,429.980011,433.529999,425.799988,426.869995,426.869995,1996300
07-11-2017,429.450012,433,427.01001,432.279999,432.279999,1888500
08-11-2017,428,430.399994,424.299988,426,426,4240300
09-11-2017,426,427.269989,421.459991,425.23999,425.23999,2390200
10-11-2017,424.869995,428.23999,420.630005,421.709991,421.709991,2464200
11-11-2017,420.600006,427.100006,418.359985,423.859985,423.859985,2196200
12-11-2017,428,436.899994,428,431.630005,431.630005,4121400
13-11-2017,431.549988,432.440002,427.609985,427.630005,427.630005,2020600
14-11-2017,426.200012,427,422,425.470001,425.470001,2244200
15-11-2017,427.450012,431.850006,425.01001,431.420013,431.420013,2231100
16-11-2017,429.709991,431.350006,425.470001,426.570007,426.570007,1912400
17-11-2017,427.230011,432.5,427.230011,429.230011,429.230011,3016100
18-11-2017,430.399994,433.160004,426.200012,430.920013,430.920013,2253300
19-11-2017,430.070007,433.230011,426.25,430.98999,430.98999,1668900
20-11-2017,434.399994,438.390015,432.75,436.589996,436.589996,2720800
21-11-2017,434.399994,436.76001,429.26001,430.779999,430.779999,2510800
22-11-2017,429.660004,430.799988,426.5,426.950012,426.950012,1907900
23-11-2017,425.619995,426.799988,421.429993,423.5,423.5,2172500
24-11-2017,422.959991,427.48999,419.140015,425.480011,425.480011,2288700
25-11-2017,426.459991,432.200012,425.660004,430.769989,430.769989,2172300
26-11-2017,432.290009,438.890015,431.470001,432.970001,432.970001,2922500
27-11-2017,431.25,432.359985,428.26001,429.920013,429.920013,2054400
28-11-2017,427.660004,428.049988,422.640015,423.670013,423.670013,2051000
29-11-2017,424.149994,427.970001,422.670013,427.26001,427.26001,2296400
30-11-2017,428.359985,431.350006,424.75,427.809998,427.809998,2185900
01-12-2017,430.299988,439.730011,429.410004,439.390015,439.390015,3378400
02-12-2017,440.26001,444.98999,433.23999,434.920013,434.920013,4495100
03-12-2017,437,439.23999,434.179993,436.290009,436.290009,1823600
04-12-2017,435.589996,447.040009,433.690002,445.98999,445.98999,3245000
05-12-2017,444.970001,446.470001,440.230011,440.839996,440.839996,2620800
06-12-2017,438.070007,443.470001,436.390015,440.100006,440.100006,2237500
07-12-2017,441.76001,443.48999,435.059998,438.100006,438.100006,2624500
08-12-2017,434.980011,437,429,429.859985,429.859985,2753200
09-12-2017,434.200012,435.570007,430.459991,434.089996,434.089996,2596900
10-12-2017,439.350006,440,435.579987,437.390015,437.390015,1987100
11-12-2017,437,438.200012,433.480011,437.709991,437.709991,1343400
12-12-2017,435.230011,439.730011,433.519989,436.040009,436.040009,1903200
13-12-2017,435.679993,437.730011,425.570007,436.720001,436.720001,3454200
14-12-2017,434.350006,435.98999,428.829987,429.700012,429.700012,2383100
15-12-2017,434.899994,438.720001,434.149994,434.390015,434.390015,2262900
16-12-2017,440.48999,444.720001,439,443.51001,443.51001,2401000
17-12-2017,448.290009,457.869995,447.540009,455.570007,455.570007,3956800
18-12-2017,462.320007,469.600006,458.160004,465.570007,465.570007,4736200
19-12-2017,463.040009,464.700012,460.200012,461.190002,461.190002,2987400
20-12-2017,465.5,475.880005,464.799988,475.480011,475.480011,4095600
21-12-2017,477.700012,485.420013,477.25,483.01001,483.01001,4932200
22-12-2017,492.570007,493.200012,485.399994,488.100006,488.100006,4752500
23-12-2017,487.899994,488.880005,482.549988,488,488,3181800
24-12-2017,485.98999,492.5,484.899994,488.269989,488.269989,3114900
25-12-2017,491.660004,491.660004,475.700012,482.179993,482.179993,9374400
26-12-2017,578.98999,580.570007,529.349976,529.419983,529.419983,21909400
27-12-2017,527.75,544.950012,526.599976,531.409973,531.409973,7491000
28-12-2017,536,536.390015,523.119995,526.030029,526.030029,5273100
29-12-2017,530.919983,532.969971,525.02002,529,529,3752600
30-12-2017,527.650024,539.200012,524.289978,536.76001,536.76001,3743100
31-12-2017,539.090027,542.840027,534.52002,536.150024,536.150024,3025600
01-01-2018,537.450012,540.440002,529.359985,535.030029,535.030029,3014200
02-01-2018,529.690002,536.950012,529.159973,531.900024,531.900024,2934600
03-01-2018,538.799988,539.140015,534.119995,537.01001,537.01001,2889400
04-01-2018,539.299988,542.73999,527.52002,529.460022,529.460022,3820500
05-01-2018,529.159973,529.460022,518.210022,522.619995,522.619995,3969200
06-01-2018,528.52002,532.280029,523,524,524,2615900
07-01-2018,523.650024,528.97998,522,527.460022,527.460022,2676600
08-01-2018,523.75,527.5,513.059998,525.909973,525.909973,3962300
09-01-2018,527.369995,534.659973,525.48999,529.659973,529.659973,2895200
10-01-2018,528.25,534.109985,528.25,531.52002,531.52002,1994800
11-01-2018,531.289978,538.73999,527.119995,535.219971,535.219971,2581700
12-01-2018,535.039978,539.48999,533,535.02002,535.02002,2071300
13-01-2018,533.73999,537.25,529,532.919983,532.919983,2313500
14-01-2018,530.390015,533.25,515.77002,515.780029,515.780029,4408000
15-01-2018,507.359985,512.330017,494.470001,494.470001,494.470001,6706500
16-01-2018,463.579987,476.579987,451,463.369995,463.369995,10097600
17-01-2018,487.48999,489.440002,466.25,466.369995,466.369995,5679300
18-01-2018,484.019989,503.720001,478.76001,500.769989,500.769989,6358600
19-01-2018,513.710022,522.690002,507.26001,518.369995,518.369995,6114500
20-01-2018,517.5,521.5,513.039978,518.01001,518.01001,2746700
21-01-2018,516.440002,519.409973,509.070007,512.890015,512.890015,3002300
22-01-2018,499.140015,510,493.429993,496.540009,496.540009,3864500
23-01-2018,505.089996,510.859985,497.720001,510.549988,510.549988,3707100
24-01-2018,514.5,515.840027,502.570007,504.720001,504.720001,3149700
25-01-2018,497.649994,502.850006,495.640015,499,499,2692500
26-01-2018,508.690002,518.349976,508.51001,517.539978,517.539978,3810700
27-01-2018,524,529.950012,515.059998,516.890015,516.890015,4370700
28-01-2018,515.150024,526.130005,514.780029,522.23999,522.23999,2576000
29-01-2018,521.070007,529.440002,520.609985,529.440002,529.440002,3227900
30-01-2018,529.440002,532.450012,518.580017,521.380005,521.380005,3130200
31-01-2018,523.25,527.919983,517.200012,522.369995,522.369995,2865900
01-02-2018,521.97998,528.299988,518.52002,527.390015,527.390015,2252800
02-02-2018,526.97998,546.969971,526.570007,538.869995,538.869995,4169500
03-02-2018,534.619995,546.23999,531.349976,540.26001,540.26001,6160100
04-02-2018,544.330017,549.780029,539.590027,548.390015,548.390015,3283300
05-02-2018,539.710022,543.549988,532.659973,538.400024,538.400024,3841700
06-02-2018,538.299988,541.210022,534,536.070007,536.070007,2237600
07-02-2018,530.549988,534.559998,522.869995,533.75,533.75,3501000
08-02-2018,542.570007,542.799988,521.400024,524.25,524.25,4031000
09-02-2018,520.02002,520.280029,494.329987,504.059998,504.059998,5434500
10-02-2018,506,511.480011,490.5,496.070007,496.070007,4457500
11-02-2018,505.440002,512.799988,501.670013,511.890015,511.890015,4004700
12-02-2018,511,520.799988,506,520.719971,520.719971,3768500
13-02-2018,512.98999,532.599976,508.100006,532.539978,532.539978,4597800
14-02-2018,536.98999,545.909973,536,543.679993,543.679993,3391400
15-02-2018,545.5,551.5,533.330017,537.47998,537.47998,4502800
16-02-2018,541.789978,542,529,541.940002,541.940002,3812100
17-02-2018,536.710022,539.390015,519.890015,533.159973,533.159973,4676400
18-02-2018,534.47998,541.789978,530.27002,539.799988,539.799988,3537400
19-02-2018,539.960022,550.820007,539.799988,550.190002,550.190002,2776100
20-02-2018,546.26001,553.200012,543.099976,548.900024,548.900024,2938000
21-02-2018,551.340027,552.25,539.679993,544.830017,544.830017,3582100
22-02-2018,547.75,563,547,562.440002,562.440002,4937000
23-02-2018,565.27002,570.940002,560.309998,570.76001,570.76001,4315800
24-02-2018,570.76001,579,567.380005,573.150024,573.150024,4375400
25-02-2018,572,573,555.280029,560.880005,560.880005,4327900
26-02-2018,563.869995,565.25,552.52002,555.77002,555.77002,3343600
27-02-2018,562.700012,569.150024,556.669983,563.909973,563.909973,7779400
28-02-2018,617.679993,619.450012,595.359985,599.030029,599.030029,10692700
01-03-2018,602.299988,609.849976,596.289978,608.609985,608.609985,4269700
02-03-2018,608.599976,614.710022,605.530029,611.01001,611.01001,3787100
03-03-2018,612.299988,617.22998,609.5,617.099976,617.099976,3926200
04-03-2018,617.700012,627.539978,615.390015,626.549988,626.549988,3896000
05-03-2018,626.01001,630.719971,625.280029,625.900024,625.900024,3874400
06-03-2018,627.130005,628.630005,620.409973,628.349976,628.349976,2816500
07-03-2018,629.530029,629.890015,622,625.309998,625.309998,3246900
08-03-2018,627.76001,645.929993,627.349976,640.950012,640.950012,4840500
09-03-2018,647.099976,657,643.090027,655.650024,655.650024,4723800
10-03-2018,655,662.26001,652,659.369995,659.369995,4092200
11-03-2018,658.650024,661.960022,647.849976,655.48999,655.48999,4048800
12-03-2018,651.01001,660,647.26001,659.679993,659.679993,3489500
13-03-2018,663.25,675.960022,663.25,673.25,673.25,5387300
14-03-2018,673,675.640015,664.219971,665.599976,665.599976,4284700
15-03-2018,663.570007,667,640.450012,642.349976,642.349976,6261100
16-03-2018,640.919983,649.98999,622.289978,647.809998,647.809998,7435900
17-03-2018,650.650024,653.25,641,643.299988,643.299988,4320200
18-03-2018,646.51001,664.880005,646.369995,663.539978,663.539978,4469800
19-03-2018,664.98999,672.859985,659,661.27002,661.27002,4705200
20-03-2018,667.940002,668.869995,657.570007,668.450012,668.450012,3896100
21-03-2018,671.5,682.77002,670.119995,678.98999,678.98999,4385100
22-03-2018,674.140015,675.799988,661.210022,671.150024,671.150024,4543400
23-03-2018,675,679.700012,671.23999,675.340027,675.340027,2697900
24-03-2018,680.799988,680.98999,672.099976,673.26001,673.26001,1966800
25-03-2018,675.900024,681.289978,664.599976,664.799988,664.799988,5693200
26-03-2018,673.75,681,667.859985,679.059998,679.059998,4751200
27-03-2018,681,684.820007,674.25,676.01001,676.01001,4273500
28-03-2018,679.440002,682.789978,661.47998,666.25,666.25,5064700
29-03-2018,666,674.780029,661.400024,672.640015,672.640015,4534800
30-03-2018,674.73999,675.460022,660.5,669.830017,669.830017,3732800
31-03-2018,663.130005,679.98999,659.789978,677.330017,677.330017,3651900
01-04-2018,678,679,655.679993,664.789978,664.789978,5158200
02-04-2018,665.590027,668.530029,659.559998,662.320007,662.320007,3440200
03-04-2018,651.22998,657.880005,639.619995,640.150024,640.150024,5474400
04-04-2018,641.75,658.590027,635.27002,657.909973,657.909973,4329700
05-04-2018,665.030029,671.5,657.349976,658.640015,658.640015,4753400
06-04-2018,663.559998,677.349976,659.320007,675.77002,675.77002,3964500
07-04-2018,680,682.5,670.650024,670.650024,670.650024,3681600
08-04-2018,668.650024,676.840027,664.130005,664.140015,664.140015,6841300
09-04-2018,668.5,669.900024,658.929993,664.51001,664.51001,3250900
10-04-2018,666.830017,668.48999,659.26001,663.150024,663.150024,2667800
11-04-2018,666.5,666.599976,656.630005,663.700012,663.700012,2722900
12-04-2018,663.349976,664.679993,660.599976,662.789978,662.789978,1091200
13-04-2018,665.559998,675.5,665.5,675.200012,675.200012,3783600
14-04-2018,677.97998,696.440002,677.890015,693.969971,693.969971,5735000
15-04-2018,691.890015,695.48999,686.380005,689.070007,689.070007,3519000
16-04-2018,686.080017,687.75,675.890015,675.890015,675.890015,3718200
17-04-2018,656.289978,657.719971,627.51001,636.98999,636.98999,9314500
18-04-2018,646.859985,646.909973,627.650024,633.789978,633.789978,5822600
19-04-2018,622,639.789978,620.309998,632.650024,632.650024,5329200
20-04-2018,621.799988,630,605.210022,607.940002,607.940002,7074900
21-04-2018,619.659973,624.140015,606,607.049988,607.049988,5512900
22-04-2018,612.47998,619.849976,598.570007,617.73999,617.73999,4891600
23-04-2018,625.25,625.98999,612.23999,617.890015,617.890015,4724100
24-04-2018,620.880005,620.880005,579.159973,581.809998,581.809998,7655200
25-04-2018,580.25,602.25,569.880005,593,593,7238000
26-04-2018,572.23999,584.619995,565.299988,570.179993,570.179993,7754500
27-04-2018,577.090027,584,566.450012,574.47998,574.47998,4807200
28-04-2018,564.359985,578.450012,547.179993,571.77002,571.77002,7966400
29-04-2018,573.580017,588.809998,568.219971,575.02002,575.02002,4952200
30-04-2018,588.72998,600.099976,584.109985,596.380005,596.380005,5120100
01-05-2018,597.98999,608.5,594.559998,596.530029,596.530029,4396100
02-05-2018,603.450012,604.5,590.380005,601.25,601.25,3765700
03-05-2018,601.98999,603.390015,578.780029,583.349976,583.349976,5152900
04-05-2018,608.369995,638.059998,597.549988,635.349976,635.349976,14015200
05-05-2018,571.97998,593,570,587,587,14677600
06-05-2018,578.150024,581.799988,570.309998,574.809998,574.809998,6355100
07-05-2018,570,571.559998,550.090027,552.099976,552.099976,6312000
08-05-2018,553.5,556,521.900024,531.070007,531.070007,10048700
09-05-2018,525,538.98999,519.219971,536.26001,536.26001,6199100
10-05-2018,529.280029,529.450012,499.190002,502.130005,502.130005,9708900
11-05-2018,486.470001,493.5,475.209991,488.100006,488.100006,9825500
12-05-2018,478.01001,498.380005,474,482.070007,482.070007,7077900
13-05-2018,491.76001,504.660004,486,490.480011,490.480011,6786200
14-05-2018,491.170013,509.299988,484,503.820007,503.820007,7397400
15-05-2018,510.700012,516.75,501.48999,507.079987,507.079987,5384800
16-05-2018,519.47998,524.450012,511.660004,521.099976,521.099976,5118500
17-05-2018,528.73999,537.47998,519.390015,534.099976,534.099976,4824000
18-05-2018,541.190002,541.200012,523.72998,525,525,4735000
19-05-2018,520.710022,535.950012,515.349976,534.900024,534.900024,4974700
20-05-2018,542.200012,560.650024,541.080017,559.5,559.5,5566600
21-05-2018,555.549988,556.909973,545.330017,552.940002,552.940002,4050800
22-05-2018,545.75,554.27002,533.150024,554.039978,554.039978,6231700
23-05-2018,555.52002,559.390015,545.289978,555.150024,555.150024,4525500
24-05-2018,560.119995,562.5,553.169983,555.22998,555.22998,4877000
25-05-2018,554,564.809998,552.51001,552.52002,552.52002,4145400
26-05-2018,556.289978,579.25,556,579.039978,579.039978,5038500
27-05-2018,581.75,585,573.700012,580.210022,580.210022,4582200
28-05-2018,577.960022,579.869995,573.109985,577.48999,577.48999,2741300
29-05-2018,581.070007,581.400024,571.070007,575.140015,575.140015,3416500
30-05-2018,573.539978,573.630005,555.549988,562.799988,562.799988,4926900
31-05-2018,557.869995,571.349976,554.73999,560.26001,560.26001,4730000
01-06-2018,559.559998,560.349976,550.130005,559.469971,559.469971,4377300
02-06-2018,566.73999,567,547.900024,558.929993,558.929993,3919900
03-06-2018,566.950012,570.059998,562.72998,569.609985,569.609985,3771300
04-06-2018,567,576.890015,563.049988,573.369995,573.369995,3454200
05-06-2018,571,581.52002,567,577.02002,577.02002,3876800
06-06-2018,576.640015,581.320007,571.140015,574.27002,574.27002,3537700
07-06-2018,569.51001,571.400024,555.01001,559.440002,559.440002,5928100
08-06-2018,560.940002,562.330017,546.090027,552.080017,552.080017,7296900
09-06-2018,548.909973,555.23999,538.580017,553.97998,553.97998,5155700
10-06-2018,545.109985,562.76001,545.049988,560.47998,560.47998,4000600
11-06-2018,561,572.47998,558.099976,569.630005,569.630005,3983700
12-06-2018,567.109985,583.549988,567.080017,582.950012,582.950012,5185500
13-06-2018,584.400024,584.75,575.559998,579.869995,579.869995,3121500
14-06-2018,580.150024,595.849976,576.5,593.859985,593.859985,4392600
15-06-2018,596.710022,603.23999,595,598.690002,598.690002,3890500
16-06-2018,599.280029,600.75,592.210022,593.640015,593.640015,2681800
17-06-2018,590.48999,599.030029,588.299988,598.5,598.5,2917400
18-06-2018,599,599.5,590.549988,593.190002,593.190002,2470800
19-06-2018,590.77002,593.469971,585.25,586.140015,586.140015,2308900
20-06-2018,587.52002,602.390015,587.5,602.080017,602.080017,2849900
21-06-2018,598.76001,599.599976,589.080017,591.429993,591.429993,3189000
22-06-2018,594.320007,597.859985,589,594.599976,594.599976,2591900
23-06-2018,596.140015,604,594.909973,595.929993,595.929993,2704300
24-06-2018,598.400024,604.059998,592.309998,603.169983,603.169983,2641100
25-06-2018,607.679993,616.809998,605.289978,614.820007,614.820007,4228300
26-06-2018,615.070007,624.380005,615.070007,620.75,620.75,3512100
27-06-2018,621.919983,626.77002,618.109985,625.890015,625.890015,2887700
28-06-2018,625.349976,637.640015,624.960022,635.349976,635.349976,4336400
29-06-2018,637.140015,638.01001,620.799988,627.900024,627.900024,4055900
30-06-2018,630,636.549988,623,632.98999,632.98999,2609400
01-07-2018,631,637.820007,628.5,631,631,2596300
02-07-2018,624.469971,628.25,611.559998,620.5,620.5,5083900
03-07-2018,616.609985,626.97998,616.25,626.200012,626.200012,2682900
04-07-2018,626.169983,626.75,614.880005,616.880005,616.880005,2521400
05-07-2018,611.799988,615.950012,601.280029,606.570007,606.570007,4068800
06-07-2018,615.539978,626.799988,599.200012,602,602,7872600
07-07-2018,666,669.97998,654,659.590027,659.590027,10310700
08-07-2018,663.919983,685.5,662.030029,683.849976,683.849976,6578500
09-07-2018,677.359985,680.299988,670.429993,671.320007,671.320007,4923400
10-07-2018,662.590027,674,662.140015,670.900024,670.900024,4635500
11-07-2018,673.309998,676.48999,656,659.090027,659.090027,4884100
12-07-2018,656.049988,676.950012,656.01001,673.950012,673.950012,4347200
13-07-2018,673.950012,686.97998,671.409973,679.75,679.75,3982200
14-07-2018,694,704.549988,693.5,703.070007,703.070007,6105600
15-07-2018,705.789978,719,701.650024,713.22998,713.22998,7338200
16-07-2018,717.380005,722.450012,711.51001,717.929993,717.929993,5048200
17-07-2018,714.640015,719.25,706.51001,709.919983,709.919983,4763400
18-07-2018,710.130005,713.25,700.280029,710.659973,710.659973,5432900
19-07-2018,709.900024,714.469971,693.909973,695.27002,695.27002,5121400
20-07-2018,689.559998,702.539978,688.76001,697.450012,697.450012,4283200
21-07-2018,691.880005,699.400024,689.559998,698.52002,698.52002,3025600
22-07-2018,701.049988,707.23999,700,702.799988,702.799988,2916200
23-07-2018,704.25,706,696.419983,696.75,696.75,2595100
24-07-2018,698.01001,707.5,698,704.200012,704.200012,3033800
25-07-2018,708,710.859985,705.52002,708.349976,708.349976,3267700
26-07-2018,708.330017,715,707.289978,714.909973,714.909973,2446700
27-07-2018,715,716.599976,711.099976,712.23999,712.23999,2246400
28-07-2018,712.330017,724.22998,711.320007,722.789978,722.789978,3618300
29-07-2018,720.900024,726.429993,718.219971,719.440002,719.440002,3263100
30-07-2018,720.969971,728.280029,715.5,728.23999,728.23999,3026600
31-07-2018,726.73999,727,718.429993,725.539978,725.539978,3367300
01-08-2018,726.5,731.5,724.419983,726.72998,726.72998,2704800
02-08-2018,729.890015,730,720.549988,723.73999,723.73999,2732500
03-08-2018,726.400024,729.419983,721.599976,726.640015,726.640015,2223400
04-08-2018,723.099976,728.909973,722.299988,727.650024,727.650024,2170300
05-08-2018,722.349976,724.97998,714.210022,717.909973,717.909973,3425700
06-08-2018,714.01001,721.98999,711.159973,715.23999,715.23999,3352200
07-08-2018,712.330017,720.809998,712.27002,719.299988,719.299988,2506900
08-08-2018,722,722.559998,713.349976,714.26001,714.26001,2709400
09-08-2018,712.049988,718,705.299988,717.51001,717.51001,3098000
10-08-2018,718.190002,718.200012,699.179993,706.390015,706.390015,5897800
11-08-2018,713.5,721.309998,710.809998,714.01001,714.01001,3677200
12-08-2018,715.719971,718.400024,712.719971,715.820007,715.820007,2137500
13-08-2018,716.580017,717,707.570007,710.599976,710.599976,2260500
14-08-2018,715.5,722.119995,712.5,722.080017,722.080017,2825000
15-08-2018,693,712.530029,692.200012,698.960022,698.960022,7632500
16-08-2018,692.01001,696.820007,682.119995,691.359985,691.359985,5568000
17-08-2018,700,708,698.169983,707.950012,707.950012,4037000
18-08-2018,715.75,719.5,713.539978,715.599976,715.599976,3070100
19-08-2018,717.200012,719.369995,712.539978,715.619995,715.619995,2855100
20-08-2018,717.320007,728,716.539978,725.679993,725.679993,2920400
21-08-2018,722.799988,729.559998,719.609985,728.099976,728.099976,2431400
22-08-2018,725.710022,737.77002,722.580017,737.609985,737.609985,3938200
23-08-2018,739.330017,739.549988,731.630005,736.570007,736.570007,2945800
24-08-2018,740.140015,746.099976,738,745.809998,745.809998,3429200
25-08-2018,750,755.900024,747,753.780029,753.780029,3195300
26-08-2018,756.859985,757.340027,740.330017,748.210022,748.210022,5623700
27-08-2018,746.76001,756.869995,741.25,742.630005,742.630005,4142300
28-08-2018,748.859985,749.039978,739.02002,741.200012,741.200012,2390500
29-08-2018,746.549988,746.549988,734.049988,735.440002,735.440002,3121400
30-08-2018,735.48999,741.599976,728.719971,736.070007,736.070007,2954900
31-08-2018,732.5,743.330017,732.309998,739.950012,739.950012,2216800
01-09-2018,744,746.25,740.700012,745.719971,745.719971,2214000
02-09-2018,747.5,749.359985,742.789978,744.429993,744.429993,2317100
03-09-2018,747.789978,751.280029,743.530029,744.859985,744.859985,2277700
04-09-2018,746.549988,748.5,735.349976,739.609985,739.609985,2679300
05-09-2018,742.710022,743.130005,732.75,735.590027,735.590027,2529700
06-09-2018,737.969971,740.940002,733.859985,736.669983,736.669983,2913100
07-09-2018,745.97998,753.359985,739.700012,752.609985,752.609985,7617600
08-09-2018,765,766,755,758.809998,758.809998,6777100
09-09-2018,759.869995,770.5,757.059998,767.73999,767.73999,3578200
10-09-2018,763.809998,765.01001,757.02002,760.580017,760.580017,3603300
11-09-2018,757.059998,758.890015,752.25,754.640015,754.640015,3581500
12-09-2018,753.700012,765,750.349976,760.77002,760.77002,3178200
13-09-2018,764.809998,768.469971,763.090027,765.97998,765.97998,2704400
14-09-2018,766.809998,767,761.02002,766.559998,766.559998,1986300
15-09-2018,767.390015,772.599976,766.900024,768.309998,768.309998,1876100
16-09-2018,769.799988,772.099976,766.190002,768.559998,768.559998,1604300
17-09-2018,769.940002,773.75,769.119995,771.23999,771.23999,2019700
18-09-2018,768.460022,773.150024,768.419983,772.559998,772.559998,1563300
19-09-2018,771.900024,772.039978,767.710022,768.48999,768.48999,2118500
20-09-2018,768.619995,768.72998,763.820007,764.039978,764.039978,1604600
21-09-2018,764.409973,765.219971,759.200012,764.630005,764.630005,1891100
22-09-2018,764,765.169983,760.599976,764.460022,764.460022,1458800
23-09-2018,761.900024,762.48999,756.890015,757.309998,757.309998,2343200
24-09-2018,757.5,759.849976,752.099976,759.47998,759.47998,1679300
25-09-2018,763.309998,764.700012,761,762.450012,762.450012,1524100
26-09-2018,763,763.409973,755.359985,757.25,757.25,1744100
27-09-2018,756,760.559998,754.73999,759.219971,759.219971,1623000
28-09-2018,760.049988,770,759.799988,769,769,2776800
29-09-2018,768.719971,774.97998,768.599976,771.289978,771.289978,2198600
30-09-2018,771.049988,771.840027,765.559998,767.580017,767.580017,1709200
01-10-2018,766.599976,769.640015,764,769.159973,769.159973,1633800
02-10-2018,770.900024,772.039978,766.75,770.619995,770.619995,1792300
03-10-2018,774.109985,776,771.700012,772.440002,772.440002,2181800
04-10-2018,774.039978,789.47998,770.219971,788.869995,788.869995,3719800
05-10-2018,789.530029,790.789978,784.330017,784.47998,784.47998,2424600
06-10-2018,783.890015,786.5,781.440002,784.059998,784.059998,2030500
07-10-2018,779.359985,781,760.109985,760.140015,760.140015,4257300
08-10-2018,757.349976,772.659973,756,771.48999,771.48999,3124700
09-10-2018,768.77002,769.890015,759.049988,761.01001,761.01001,3117200
10-10-2018,762.200012,767.5,758.849976,761.090027,761.090027,2523000
11-10-2018,762,770.869995,757.580017,769.690002,769.690002,3034000
12-10-2018,773.280029,780.460022,771.659973,778.52002,778.52002,5499200
13-10-2018,779.969971,781.940002,771,775.099976,775.099976,2297200
14-10-2018,776,781.369995,776,780.219971,780.219971,1937200
15-10-2018,783.25,790.690002,779.01001,789.73999,789.73999,2718600
16-10-2018,794.27002,805.890015,794.27002,804.700012,804.700012,4078900
17-10-2018,803.130005,807.75,802.119995,805.75,805.75,2353500
18-10-2018,801.799988,805.929993,797.150024,799.159973,799.159973,2651400
19-10-2018,801.849976,816.640015,801.109985,816.109985,816.109985,3819600
20-10-2018,818,830.140015,817.030029,828.719971,828.719971,4422100
21-10-2018,828.26001,837.5,824.630005,829.049988,829.049988,4922200
22-10-2018,832.609985,839.950012,832.400024,837.309998,837.309998,4430600
23-10-2018,836,839.859985,831.25,836.73999,836.73999,2769400
24-10-2018,840.909973,842.369995,830.26001,834.030029,834.030029,2950300
25-10-2018,838,845.669983,836.119995,844.359985,844.359985,3469100
26-10-2018,843.700012,847.210022,840.599976,841.659973,841.659973,2684000
27-10-2018,845.789978,845.950012,837.450012,839.429993,839.429993,2426200
28-10-2018,843.25,845.200012,840.27002,841.710022,841.710022,1827100
29-10-2018,841.02002,841.289978,828.349976,831,831,3588200
30-10-2018,834,837.669983,830.099976,834.090027,834.090027,2380400
31-10-2018,829,831.799988,821.210022,829.280029,829.280029,3091400
01-11-2018,835.080017,835.73999,822.960022,822.960022,822.960022,2999800
02-11-2018,821.5,822,811.679993,812.950012,812.950012,3361500
03-11-2018,822.109985,823.26001,815.02002,817.650024,817.650024,2512500
04-11-2018,820.400024,820.669983,815.169983,817.690002,817.690002,2090700
05-11-2018,813.98999,815.710022,803.099976,810.320007,810.320007,3152000
06-11-2018,809.359985,819.419983,809,818.98999,818.98999,2793000
07-11-2018,824.950012,838.299988,822.210022,838.090027,838.090027,4060900
08-11-2018,839.299988,843.090027,833.219971,835.179993,835.179993,3248400
09-11-2018,832.76001,833.440002,820,822.590027,822.590027,3998100
10-11-2018,831.23999,831.719971,815.429993,818.359985,818.359985,7406400
11-11-2018,782,789.48999,774.609985,776.320007,776.320007,10841100
12-11-2018,781.030029,793.700012,780.109985,789.820007,789.820007,5413300
13-11-2018,799,800.840027,776.710022,785.409973,785.409973,5305400
14-11-2018,783.929993,784.75,763.549988,765.559998,765.559998,5026500
15-11-2018,765.049988,777,764,767.030029,767.030029,3872500
16-11-2018,762.789978,766,753.22998,755.049988,755.049988,5122100
17-11-2018,771.640015,787.72998,770.940002,784.929993,784.929993,5984400
18-11-2018,784.969971,791.73999,779.099976,787.75,787.75,3373300
19-11-2018,764,777.5,760.090027,771.880005,771.880005,8562900
20-11-2018,778.809998,778.830017,717.700012,742.380005,742.380005,12747000
21-11-2018,735.72998,743.26001,728.900024,739.01001,739.01001,6594400
22-11-2018,745.51001,746,710.099976,719.070007,719.070007,7321300
23-11-2018,730,746.780029,725.98999,743.23999,743.23999,6755800
24-11-2018,739.880005,749.869995,735.609985,746.48999,746.48999,3648800
25-11-2018,749.320007,757.5,748,756.400024,756.400024,3690100
26-11-2018,761,767.73999,757.640015,760.159973,760.159973,4373400
27-11-2018,766,780.349976,765.109985,780,780,4614600
28-11-2018,788.169983,792.400024,781,785.330017,785.330017,5311300
29-11-2018,781.72998,781.75,773.119995,780.119995,780.119995,3540300
30-11-2018,786.5,786.75,777.900024,780.369995,780.369995,1837100
01-12-2018,776.98999,777,764.23999,766.77002,766.77002,4438800
02-12-2018,768,769.890015,761.320007,762.52002,762.52002,3272300
03-12-2018,762,768.090027,750.25,750.570007,750.570007,4625900
04-12-2018,752.409973,753.369995,738.030029,743.650024,743.650024,4666000
05-12-2018,743.400024,748.48999,736.700012,740.340027,740.340027,3561300
06-12-2018,745,761.48999,742,759.359985,759.359985,4314700
07-12-2018,763.98999,768.23999,757.25,764.719971,764.719971,3794700
08-12-2018,764.549988,770.419983,755.820007,770.419983,770.419983,3684900
09-12-2018,771.869995,773.789978,765.190002,767.330017,767.330017,3189600
10-12-2018,770,770.25,765.340027,768.659973,768.659973,2470900
11-12-2018,766.400024,766.890015,757.200012,760.119995,760.119995,2963900
12-12-2018,764.960022,782.460022,762,774.340027,774.340027,5285300
13-12-2018,778.25,780.859985,762.809998,768.820007,768.820007,5454800
14-12-2018,766.280029,769.099976,760.309998,761,761,3801900
15-12-2018,765,765.130005,754,757.77002,757.77002,4848200
16-12-2018,758.890015,770.5,756.159973,766,766,3113200
17-12-2018,768.650024,774.390015,767.710022,771.219971,771.219971,2703600
18-12-2018,770,771.219971,765.700012,770.599976,770.599976,2044600
19-12-2018,768.119995,771.210022,763.02002,766.340027,766.340027,2543600
20-12-2018,764.549988,766.5,757.98999,760.590027,760.590027,1976900
21-12-2018,763.400024,774.650024,761.200012,771.400024,771.400024,2638700
22-12-2018,776.25,780,770.5,772.130005,772.130005,3301000
23-12-2018,772.400024,773.400024,760.849976,765.150024,765.150024,3158300
24-12-2018,766.469971,767.400024,748.280029,749.869995,749.869995,4139400
25-12-2018,757.919983,758.76001,747.700012,753.669983,753.669983,3521100
26-12-2018,758.390015,759.679993,754.200012,757.179993,757.179993,2510500
27-12-2018,761.549988,782.400024,760.26001,780.450012,780.450012,5830100
28-12-2018,782.359985,799.440002,778.47998,795.98999,795.98999,5986200
29-12-2018,798,801.77002,791.77002,796.919983,796.919983,3446100
30-12-2018,796.599976,798,789.539978,795.900024,795.900024,2558400
31-12-2018,793.659973,799.5,789.51001,799.02002,799.02002,2992800
01-01-2019,800.309998,814.130005,799.5,813.640015,813.640015,4873900
02-01-2019,814.320007,821.650024,811.400024,817.140015,817.140015,3791900
03-01-2019,815.700012,816,803.440002,809.719971,809.719971,3670500
04-01-2019,809.5,811.72998,804.27002,807.47998,807.47998,2354200
05-01-2019,810,813.51001,807.320007,809.039978,809.039978,2540800
06-01-2019,815.280029,816.02002,806.26001,808.330017,808.330017,3376200
07-01-2019,806.799988,818.5,805.080017,817.880005,817.880005,2797500
08-01-2019,822,823.98999,814.5,822.440002,822.440002,2971700
09-01-2019,825.789978,837.419983,825.289978,836.52002,836.52002,3922600
10-01-2019,835.530029,843.840027,833,839.150024,839.150024,3586300
11-01-2019,839,839.700012,829.440002,835.77002,835.77002,2998700
12-01-2019,833,833.5,816.380005,830.380005,830.380005,3747300
13-01-2019,823.75,826.98999,819.559998,823.47998,823.47998,3137200
14-01-2019,829.210022,833.780029,824.940002,832.349976,832.349976,3850200
15-01-2019,836.590027,842.48999,828.26001,839.950012,839.950012,7350500
16-01-2019,806.719971,818.299988,804,810.200012,810.200012,10868800
17-01-2019,809.799988,810.719971,803,807.640015,807.640015,3897300
18-01-2019,809.309998,816.159973,807.5,812.5,812.5,3466100
19-01-2019,812.690002,821.47998,812.5,819.710022,819.710022,2858000
20-01-2019,821.599976,825,819.710022,821.359985,821.359985,2484900
21-01-2019,823.820007,828,822.849976,827.460022,827.460022,2429600
22-01-2019,831.619995,843,828.549988,836.530029,836.530029,4172600
23-01-2019,837,838.309998,831.450012,836.390015,836.390015,2792400
24-01-2019,834,842.809998,832.820007,842.700012,842.700012,2968900
25-01-2019,841.840027,845,839.380005,844.140015,844.140015,2714700
26-01-2019,842,847.27002,840.72998,845.070007,845.070007,3112300
27-01-2019,848.840027,857.97998,847.25,856.440002,856.440002,3507700
28-01-2019,856.950012,858.429993,852.179993,855.609985,855.609985,2617000
29-01-2019,857.570007,860.859985,848,852.190002,852.190002,3462000
30-01-2019,844.690002,845.809998,837.75,845.23999,845.23999,3688000
31-01-2019,842.380005,852.5,839.669983,848.640015,848.640015,2713600
01-02-2019,851.450012,854.090027,842.049988,845.039978,845.039978,2793700
02-02-2019,853.049988,854.830017,849.01001,853.080017,853.080017,2760100
03-02-2019,853.080017,854.820007,847.280029,848.909973,848.909973,2132100
04-02-2019,847.200012,851.98999,846.27002,849.880005,849.880005,1941100
05-02-2019,845.22998,848.48999,841.119995,846.609985,846.609985,2610400
06-02-2019,845.47998,848.460022,843.75,846.02002,846.02002,2247600
07-02-2019,848,853.070007,846.789978,850.5,850.5,2286500
08-02-2019,851,856.400024,850.309998,853,853,2048200
09-02-2019,857,857.349976,851.719971,852.460022,852.460022,2436400
10-02-2019,851.77002,855.690002,851.710022,854.590027,854.590027,1909700
11-02-2019,853.549988,853.75,847.549988,852.530029,852.530029,2130600
12-02-2019,854.330017,854.450012,847.109985,852.969971,852.969971,2562200
13-02-2019,855.299988,855.5,850.51001,853.419983,853.419983,1842300
14-02-2019,853.48999,853.830017,850.640015,852.309998,852.309998,3384400
15-02-2019,851.51001,857.799988,851.01001,856.969971,856.969971,2282700
16-02-2019,858.840027,862.799988,841.309998,843.200012,843.200012,4382900
17-02-2019,840.429993,849.369995,839.049988,848.059998,848.059998,2658700
18-02-2019,848.200012,850.890015,844.799988,847.380005,847.380005,1953000
19-02-2019,851.679993,851.799988,843.530029,845.609985,845.609985,2138300
20-02-2019,838.070007,850.299988,833.5,846.820007,846.820007,2755800
21-02-2019,851.75,858.460022,850.099976,856,856,3041600
22-02-2019,859.049988,876.440002,859.02002,874.320007,874.320007,4485800
23-02-2019,874.950012,877.059998,871.659973,876.340027,876.340027,2762700
24-02-2019,877,890.349976,876.650024,886.539978,886.539978,3957600
25-02-2019,888,893.48999,885.419983,891.51001,891.51001,3422300
26-02-2019,891.5,908.539978,890.280029,906.830017,906.830017,4984700
27-02-2019,910.820007,923.719971,905.619995,909.280029,909.280029,7508400
28-02-2019,913.799988,917.190002,894.48999,898.280029,898.280029,6344100
01-03-2019,899.650024,900.090027,889.309998,894.880005,894.880005,3710900
02-03-2019,899.630005,908.51001,899,907.039978,907.039978,3184300
03-03-2019,907.039978,911.23999,897.5,902.359985,902.359985,3012700
04-03-2019,903.090027,904.090027,895.25,896.22998,896.22998,2456100
05-03-2019,891.450012,894.969971,884.48999,884.669983,884.669983,3174600
06-03-2019,887.5,902.380005,887.5,901.98999,901.98999,2854700
07-03-2019,900.98999,909.609985,900.780029,903.780029,903.780029,2999200
08-03-2019,907.840027,910.5,897.369995,899.200012,899.200012,2870200
09-03-2019,899.700012,905.320007,896.289978,902.059998,902.059998,2814400
10-03-2019,902.669983,903.650024,896.77002,898.530029,898.530029,2420500
11-03-2019,908.679993,909.98999,903.820007,907.409973,907.409973,3122900
12-03-2019,907.039978,909.47998,903,907.619995,907.619995,3380600
13-03-2019,910.299988,915.75,907.559998,909.289978,909.289978,2608900
14-03-2019,914.390015,921.859985,912.109985,918.380005,918.380005,5305500
15-03-2019,948.830017,949.590027,924.330017,924.98999,924.98999,7364700
16-03-2019,927.799988,954.400024,927.799988,948.22998,948.22998,5466500
17-03-2019,946.650024,950.099976,941.409973,946.940002,946.940002,3848800
18-03-2019,946,946,935.900024,941.030029,941.030029,3582700
19-03-2019,944.75,945,934.219971,937.530029,937.530029,2418400
20-03-2019,940.52002,940.789978,930.299988,934.150024,934.150024,2866400
21-03-2019,940.950012,949.049988,939.210022,949.039978,949.039978,3415700
22-03-2019,952.799988,957.890015,950.200012,952.820007,952.820007,3262100
23-03-2019,953.5,953.75,945,948.950012,948.950012,2096500
24-03-2019,945.109985,950.289978,940.780029,947.619995,947.619995,2194100
25-03-2019,954.5,962.789978,951.530029,961.349976,961.349976,3625900
26-03-2019,958.72998,963.150024,956.059998,957.969971,957.969971,4270600
27-03-2019,961,970.059998,960.909973,966.070007,966.070007,3126100
28-03-2019,954.700012,960.400024,944.119995,944.76001,944.76001,5145600
29-03-2019,944.799988,962.75,944.76001,958.48999,958.48999,3939300
30-03-2019,962.840027,968.919983,959.719971,959.840027,959.840027,3972100
31-03-2019,964,971.380005,962.900024,970.669983,970.669983,2642200
01-04-2019,975.02002,975.200012,966.849976,971.539978,971.539978,2415600
02-04-2019,976,981,970.22998,980.349976,980.349976,2446000
03-04-2019,984.849976,999,982.109985,993.380005,993.380005,4822000
04-04-2019,995,998.650024,989.25,995.780029,995.780029,3415200
05-04-2019,996.51001,1001.200012,995.52002,996.700012,996.700012,3263100
06-04-2019,1000,1000.119995,982.159973,994.619995,994.619995,3913100
07-04-2019,998.590027,998.98999,991.369995,995.950012,995.950012,2454800
08-04-2019,998.98999,1008.47998,995.669983,1006.72998,1006.72998,3752300
09-04-2019,1007.22998,1013.210022,1003.51001,1011.340027,1011.340027,2719900
10-04-2019,1012,1016.5,1001.25,1003,1003,3346400
11-04-2019,1005.950012,1010.25,1002,1010.070007,1010.070007,2823000
12-04-2019,1012.059998,1013.609985,1006.109985,1010.27002,1010.27002,2767900
13-04-2019,1012.5,1012.98999,927,978.309998,978.309998,7647700
14-04-2019,967,975.950012,945,964.909973,964.909973,9447200
15-04-2019,977.98999,984.5,966.099976,980.789978,980.789978,4580000
16-04-2019,988.590027,990.340027,966.710022,976.469971,976.469971,3974900
17-04-2019,958.700012,965.72998,950.859985,964.169983,964.169983,5373900
18-04-2019,996,999.75,982,987.710022,987.710022,11472700
19-04-2019,1017,1017,989.900024,995.169983,995.169983,5043400
20-04-2019,998,1004.880005,992.02002,992.590027,992.590027,4076800
21-04-2019,998.700012,1002.719971,992.650024,1002.22998,1002.22998,2922500
22-04-2019,1002.22998,1006.960022,997.200012,1001.299988,1001.299988,2253400
23-04-2019,1002.539978,1004.619995,998.02002,1003.73999,1003.73999,2879100
24-04-2019,1008.5,1009.799988,992,993.97998,993.97998,3386200
25-04-2019,990.690002,998.799988,976,976.780029,976.780029,3782400
26-04-2019,978.549988,990.679993,969.210022,990.330017,990.330017,3737600
27-04-2019,979,987.559998,965.25,975.929993,975.929993,4303000
28-04-2019,980.119995,983.469971,967.609985,968,968,3357200
29-04-2019,972.789978,974.48999,951,953.659973,953.659973,2909100
30-04-2019,961.530029,975,955.25,971.400024,971.400024,3653000
01-05-2019,964.659973,974.400024,959.02002,965.140015,965.140015,3259600
02-05-2019,969.549988,980.109985,969.140015,978.76001,978.76001,2643400
03-05-2019,985,999.440002,983.5,996.469971,996.469971,3546300
04-05-2019,993,995.98999,983.719971,994.130005,994.130005,2982700
05-05-2019,1000.650024,1008.549988,998.099976,1006.51001,1006.51001,3608600
06-05-2019,1004.619995,1006.880005,995.900024,1000.630005,1000.630005,2880800
07-05-2019,1002.400024,1004.450012,996.890015,1001.809998,1001.809998,2102500
08-05-2019,1004.690002,1014.75,1003.809998,1010.039978,1010.039978,3712600
09-05-2019,1006,1026.030029,1004,1024.449951,1024.449951,4007600
10-05-2019,1025,1031.589966,1022.5,1026.869995,1026.869995,2964000
11-05-2019,1031.589966,1034.969971,1022.52002,1028.699951,1028.699951,3097500
12-05-2019,1021.280029,1026.099976,1011,1025.670044,1025.670044,2734600
13-05-2019,1028.339966,1043.01001,1027.430054,1038.949951,1038.949951,3288000
14-05-2019,1038.050049,1043.329956,1032.47998,1039.869995,1039.869995,2447600
15-05-2019,1043.199951,1053.199951,1043.199951,1052.800049,1052.800049,2921300
16-05-2019,1069.550049,1083.310059,1040.180054,1046,1046,10991700
17-05-2019,1012.140015,1032.849976,1001,1020.039978,1020.039978,7709400
18-05-2019,1019.049988,1019.049988,987.02002,987.780029,987.780029,7352100
19-05-2019,996.109985,1006.400024,991.580017,996.190002,996.190002,4572600
20-05-2019,1001.77002,1003.210022,981.72998,995.890015,995.890015,4070000
21-05-2019,999.469971,999.5,984.590027,986.919983,986.919983,3255800
22-05-2019,989.679993,991.669983,982,987.580017,987.580017,2730300
23-05-2019,990.650024,995,987.140015,992.27002,992.27002,2676600
24-05-2019,994.349976,996.280029,985.789978,989.840027,989.840027,2902800
25-05-2019,982.599976,988,975.27002,982.01001,982.01001,3569700
26-05-2019,976.299988,979.859985,954.679993,956.919983,956.919983,5684100
27-05-2019,960,970.390015,951.380005,967.98999,967.98999,3468000
28-05-2019,978.409973,985.5,976.190002,983.299988,983.299988,3042800
29-05-2019,988.900024,991.73999,982,982.73999,982.73999,2549300
30-05-2019,981.650024,986.460022,973.219971,978.179993,978.179993,3132100
31-05-2019,977.840027,977.840027,960.320007,960.570007,960.570007,3512400
01-06-2019,961.400024,965.429993,954.650024,958.469971,958.469971,3284800
02-06-2019,957.570007,961.200012,945.460022,953.289978,953.289978,3164500
03-06-2019,955.52002,967.929993,955.5,966.900024,966.900024,2750000
04-06-2019,959.380005,962,954.200012,958,958,2668300
05-06-2019,957.419983,959,941.140015,952.450012,952.450012,5195700
06-06-2019,956,957.619995,944.099976,945.26001,945.26001,3324800
07-06-2019,946.539978,953,942.25,946.02002,946.02002,2596700
08-06-2019,940,956,936.330017,954.059998,954.059998,2874300
09-06-2019,958.440002,969.409973,956.909973,967.590027,967.590027,2904600
10-06-2019,974.700012,981,972.76001,980.599976,980.599976,3331500
11-06-2019,984.200012,984.5,976.880005,978.25,978.25,2532200
12-06-2019,978.6610724,994.8636594,952.7164772,984.5089835,984.5089835,5083608
13-06-2019,992.7607809,1035.2568,988.0976212,997.2549716,997.2549716,3215956
14-06-2019,1002.279646,1004.513192,941.6288055,999.6851166,999.6851166,4199523
15-06-2019,1005.590632,1042.181515,989.3698954,997.4216899,997.4216899,3522135
16-06-2019,1030.470665,1039.183991,1018.594461,1023.454201,1023.454201,3697515
17-06-2019,1021.40587,1032.530979,981.9420171,1012.274871,1012.274871,3265202
18-06-2019,1024.22855,1062.614594,1012.738155,1033.097962,1033.097962,3467881
19-06-2019,1035.219911,1042.529109,1014.166488,1038.004129,1038.004129,3567367
20-06-2019,1046.568377,1051.934432,1035.458091,1043.986916,1043.986916,5192688
21-06-2019,1039.903104,1065.920827,1014.910065,1038.891437,1038.891437,5287351
22-06-2019,1042.916565,1049.092426,1004.386292,1034.894171,1034.894171,7509697
23-06-2019,1044.202567,1068.597164,1008.0231,1040.555301,1040.555301,4345912
24-06-2019,1023.103703,1058.358259,985.968675,1013.683876,1013.683876,4104325
25-06-2019,983.020232,993.5405481,967.8540287,976.4043405,976.4043405,5630722
26-06-2019,969.8259049,995.3508824,952.331795,970.7477305,970.7477305,4070371
27-06-2019,971.1864637,972.6648366,939.55329,965.0354505,965.0354505,4543813
28-06-2019,939.776955,976.2938186,926.4793732,938.837176,938.837176,3875913
29-06-2019,952.1942334,982.2995601,947.1873108,957.8953613,957.8953613,5100718
30-06-2019,950.4668948,982.2223294,912.7935585,955.8011728,955.8011728,2307812
01-07-2019,949.1634956,974.0338041,933.017681,950.7511963,950.7511963,4646544
02-07-2019,949.8235554,978.9381739,945.922091,952.3105808,952.3105808,2682162
03-07-2019,936.5920571,946.0689852,921.9717074,937.6023649,937.6023649,3500841
04-07-2019,946.0268077,947.4930429,902.1427507,938.7677427,938.7677427,3178958
05-07-2019,959.9024977,1009.588291,945.3336494,964.022994,964.022994,3766817
06-07-2019,969.5951295,988.907097,931.9564578,963.8616409,963.8616409,4563570
07-07-2019,963.2584224,989.0200899,952.8783307,961.3078873,961.3078873,4131762
08-07-2019,954.5412402,973.9939424,905.3925646,956.5543193,956.5543193,3730754
09-07-2019,956.0594824,983.099359,901.0515988,957.0690165,957.0690165,4372319
10-07-2019,960.9977428,970.2475774,932.2837071,952.3094088,952.3094088,2324383
11-07-2019,942.2545212,982.791183,943.5189746,948.6760908,948.6760908,4238360
12-07-2019,967.7154545,1012.88725,959.7340555,974.4752146,974.4752146,4621314
13-07-2019,972.4095849,985.4644275,961.9963867,971.1565508,971.1565508,4008513
14-07-2019,972.5756107,980.6197541,928.1555231,963.6321818,963.6321818,2885785
15-07-2019,951.7625148,972.6465221,914.4260985,949.2900252,949.2900252,3875723
16-07-2019,939.2023877,959.6860968,913.2664311,934.4774768,934.4774768,4420258
17-07-2019,966.9658939,989.9114742,903.7556668,958.6765258,958.6765258,2412842
18-07-2019,974.2496393,1017.940405,965.323047,970.0027776,970.0027776,2734384
19-07-2019,959.1896561,977.4290757,946.4088163,962.7246559,962.7246559,4050246
20-07-2019,950.0454616,988.8203485,928.4056588,946.3885104,946.3885104,4594753
21-07-2019,957.2001204,966.2270429,906.148335,948.7875809,948.7875809,4134165
22-07-2019,1045.431644,1061.281848,1004.499301,1039.552867,1039.552867,3653320
23-07-2019,1050.86134,1091.600884,998.2831391,1054.565354,1054.565354,2543755
24-07-2019,1074.165338,1092.584741,1047.039829,1079.342796,1079.342796,2541033
25-07-2019,1093.567244,1120.750601,1061.591501,1085.563848,1085.563848,2184580
26-07-2019,1097.349816,1130.027305,1062.07523,1106.341533,1106.341533,5761985
27-07-2019,1119.847227,1116.277785,1090.230942,1108.954428,1108.954428,3820572
28-07-2019,1098.92547,1115.91496,1093.564805,1101.752651,1101.752651,3383210
29-07-2019,1083.257948,1090.349743,1053.94104,1073.300858,1073.300858,4004286
30-07-2019,1094.562729,1119.957435,1054.386445,1096.335602,1096.335602,2773059
31-07-2019,1092.557353,1089.502659,1039.98541,1082.385693,1082.385693,2868194
01-08-2019,1105.428389,1137.10062,1063.468735,1098.80507,1098.80507,2996822
02-08-2019,1079.185569,1123.506943,1062.513232,1084.40736,1084.40736,2719085
03-08-2019,1066.349136,1103.908542,1052.07126,1076.176975,1076.176975,3796038
04-08-2019,1081.952673,1107.572723,1064.855924,1087.315747,1087.315747,2532407
05-08-2019,1094.44429,1151.363784,1032.010094,1084.120447,1084.120447,2520147
06-08-2019,1091.387297,1138.677044,1078.41042,1090.368937,1090.368937,4561184
07-08-2019,1092.719151,1122.225772,1076.964744,1086.926045,1086.926045,4718667
08-08-2019,1076.294636,1104.586245,1033.408528,1082.811988,1082.811988,4206465
09-08-2019,1113.196758,1124.15197,1058.750241,1103.537003,1103.537003,4206772
10-08-2019,1116.516279,1137.766981,1091.513758,1114.396292,1114.396292,2810253
11-08-2019,1110.324254,1125.712891,1092.596421,1102.014473,1102.014473,4661662
12-08-2019,1103.598429,1133.62938,1065.645956,1109.782419,1109.782419,3226380
13-08-2019,1134.454362,1150.114376,1090.731111,1128.378531,1128.378531,4236358
14-08-2019,1130.096196,1198.55834,1131.755842,1139.482272,1139.482272,3960718
15-08-2019,1163.719945,1166.457612,1123.713333,1152.357909,1152.357909,3591996
16-08-2019,1198.077793,1202.580195,1186.344284,1195.16174,1195.16174,4537538
17-08-2019,1217.826047,1238.754902,1207.102233,1216.787335,1216.787335,4189611
18-08-2019,1213.039214,1227.127211,1155.14026,1209.811029,1209.811029,2458223
19-08-2019,1203.248806,1261.577021,1178.646968,1212.211953,1212.211953,4136714
20-08-2019,1228.512315,1238.322925,1209.57469,1219.653118,1219.653118,5274161
21-08-2019,1217.040133,1279.415315,1204.600126,1215.75303,1215.75303,4892845
22-08-2019,1213.224748,1249.752799,1206.488639,1224.063832,1224.063832,3646608
23-08-2019,1237.618857,1293.169477,1162.133758,1227.087563,1227.087563,2991515
24-08-2019,1195.786286,1255.186366,1179.822612,1197.245778,1197.245778,2650049
25-08-2019,1219.290135,1226.303188,1181.847172,1213.523466,1213.523466,2734778
26-08-2019,1226.312568,1262.8793,1182.166159,1219.045196,1219.045196,2757371
27-08-2019,1225.713289,1269.664692,1185.118899,1221.409568,1221.409568,3795289
28-08-2019,1196.639469,1226.058786,1168.092956,1202.583084,1202.583084,3016839
29-08-2019,1228.350656,1292.036798,1191.838512,1219.299578,1219.299578,4557798
30-08-2019,1212.351387,1269.997146,1216.199478,1222.793336,1222.793336,4394992
31-08-2019,1201.649568,1216.525887,1155.059333,1195.805416,1195.805416,3975809
01-09-2019,1225.862222,1267.541908,1198.124962,1217.017005,1217.017005,3162570
02-09-2019,1205.591608,1287.6343,1171.913849,1214.04178,1214.04178,3584022
03-09-2019,1200.503784,1245.964166,1179.648342,1212.0039,1212.0039,3402101
04-09-2019,1227.197532,1243.63384,1208.304832,1225.728201,1225.728201,5960956
05-09-2019,1207.336724,1255.330783,1178.958635,1218.515511,1218.515511,3083902
06-09-2019,1203.814362,1275.499438,1187.135026,1200.986988,1200.986988,3515824
07-09-2019,1209.099051,1244.067733,1171.734237,1206.506511,1206.506511,3387429
08-09-2019,1228.154956,1237.011857,1193.224423,1216.421459,1216.421459,2131633
09-09-2019,1223.375345,1231.881729,1179.635952,1219.574437,1219.574437,2039140
10-09-2019,1201.950921,1217.048305,1186.84613,1205.079951,1205.079951,4488395
11-09-2019,1121.062738,1126.483666,1103.901766,1113.373665,1113.373665,3982985
12-09-2019,1105.365179,1123.642798,1068.083969,1099.322852,1099.322852,4153177
13-09-2019,1075.887037,1122.828026,1037.876756,1079.180303,1079.180303,2729463
14-09-2019,1079.132362,1103.760269,1059.592294,1081.729636,1081.729636,3209141
15-09-2019,1082.009977,1101.319875,1077.515737,1083.813618,1083.813618,3618247
16-09-2019,1097.89702,1151.845109,1065.189529,1101.476442,1101.476442,4313996
17-09-2019,1092.236387,1109.050463,1031.217352,1082.789189,1082.789189,4082738
18-09-2019,1071.22913,1087.399325,1033.989877,1064.640157,1064.640157,1883822
19-09-2019,1048.461851,1087.518526,1042.349268,1055.593079,1055.593079,5189024
20-09-2019,1057.586694,1077.944095,1018.538863,1063.87167,1063.87167,3602860
21-09-2019,1052.676062,1106.220155,1032.384236,1053.518637,1053.518637,2670864
22-09-2019,1075.987136,1091.40464,1031.834937,1066.472202,1066.472202,1964308
23-09-2019,1055.21618,1080.254967,1023.422169,1063.119434,1063.119434,4088792
24-09-2019,1091.325976,1108.689605,1029.872362,1092.673207,1092.673207,4441904
25-09-2019,1098.72411,1110.425846,1059.847274,1093.108337,1093.108337,2957769
26-09-2019,1204.915225,1244.22256,1183.612551,1197.679996,1197.679996,2724084
27-09-2019,1202.105481,1244.155521,1169.279189,1192.815472,1192.815472,1533051
28-09-2019,1162.249159,1193.265731,1079.68936,1152.23106,1152.23106,2751986
29-09-2019,1157.952953,1184.969088,1146.193154,1166.345484,1166.345484,4246697
30-09-2019,1082.225521,1091.439819,1058.664451,1077.586882,1077.586882,4214752
01-10-2019,1082.808747,1114.106075,1063.507496,1091.609447,1091.609447,1298036
02-10-2019,1090.491893,1097.934558,1072.659545,1086.980636,1086.980636,3793691
03-10-2019,1072.215664,1100.003911,1062.104341,1079.326366,1079.326366,3054510
04-10-2019,1081.96359,1089.382274,1069.217212,1081.258529,1081.258529,1868164
05-10-2019,1068.582892,1100.772334,1064.645528,1079.136497,1079.136497,4441856
06-10-2019,1083.510545,1115.814011,1061.393034,1091.674229,1091.674229,4685913
07-10-2019,1116.723465,1158.468041,1079.505013,1120.689819,1120.689819,2967742
08-10-2019,1110.875303,1129.725466,1104.738124,1117.685213,1117.685213,3529686
09-10-2019,1113.536834,1165.929049,1091.522741,1118.303579,1118.303579,2574927
10-10-2019,1108.013698,1164.131016,1103.853596,1119.053922,1119.053922,4283171
11-10-2019,1151.671125,1178.608581,1119.459456,1156.668499,1156.668499,2909275
12-10-2019,1161.457564,1188.071157,1108.477184,1153.657432,1153.657432,3681521
13-10-2019,1137.265408,1161.413761,1126.107565,1148.504541,1148.504541,3387423
14-10-2019,1173.564081,1169.753675,1142.038847,1164.32911,1164.32911,4106973
15-10-2019,1159.991177,1180.415388,1142.708357,1164.929954,1164.929954,3690365
16-10-2019,1115.138034,1162.825146,1118.089362,1123.02487,1123.02487,4412906
17-10-2019,1145.520454,1171.988043,1120.260974,1140.732488,1140.732488,3270666
18-10-2019,1145.149099,1214.170489,1109.935548,1136.721793,1136.721793,3991724
19-10-2019,1130.649486,1149.935497,1064.458025,1124.305224,1124.305224,3798348
20-10-2019,1155.657095,1195.83576,1135.57142,1159.678964,1159.678964,3680929
21-10-2019,1183.013664,1227.303198,1136.326619,1187.562941,1187.562941,5321608
22-10-2019,1170.028501,1236.8029,1147.571296,1173.466479,1173.466479,4011070
23-10-2019,1176.24807,1245.730314,1145.55098,1175.881896,1175.881896,3828093
24-10-2019,1185.781749,1217.936167,1105.984945,1182.312989,1182.312989,3827229
25-10-2019,1251.259798,1282.091364,1233.785988,1247.020743,1247.020743,4956656
26-10-2019,1278.835303,1312.924684,1234.891215,1267.166887,1267.166887,2552730
27-10-2019,1244.434335,1318.91374,1199.299991,1247.267475,1247.267475,3118105
28-10-2019,1235.621477,1229.892399,1183.782979,1224.8913,1224.8913,2298936
29-10-2019,1220.609267,1240.030523,1177.206404,1222.584537,1222.584537,3277726
30-10-2019,1237.138984,1270.738106,1225.652556,1244.125862,1244.125862,4192674
31-10-2019,1249.924358,1260.370688,1214.437142,1245.816116,1245.816116,6777468
01-11-2019,1240.899507,1299.270391,1222.529479,1250.970924,1250.970924,3712295
02-11-2019,1320.507479,1336.758273,1277.569763,1310.600476,1310.600476,2879892
03-11-2019,1308.633541,1311.810989,1242.896679,1301.905714,1301.905714,4463866
04-11-2019,1289.315411,1340.171608,1277.652006,1291.524046,1291.524046,4233758
05-11-2019,1322.679857,1389.384277,1258.757174,1312.608613,1312.608613,4967442
06-11-2019,1341.554682,1372.040661,1298.135829,1330.458482,1330.458482,3414876
07-11-2019,1334.959061,1367.822848,1323.739601,1341.41882,1341.41882,5429257
08-11-2019,1352.54835,1358.501543,1332.211371,1342.160968,1342.160968,2452328
09-11-2019,1355.514881,1365.415733,1326.702479,1343.922222,1343.922222,4075939
10-11-2019,1368.202308,1375.184586,1329.24335,1360.360701,1360.360701,2260190
11-11-2019,1370.680326,1415.075058,1289.841588,1365.374933,1365.374933,5546476
12-11-2019,1369.962147,1372.131107,1351.382742,1362.966131,1362.966131,3970720
13-11-2019,1369.841079,1474.427344,1359.679131,1379.251512,1379.251512,3107845
14-11-2019,1383.146552,1400.886929,1337.570893,1369.649255,1369.649255,2411446
15-11-2019,1373.789009,1391.096395,1351.448987,1362.954106,1362.954106,4442210
16-11-2019,1351.124217,1361.975367,1327.81158,1342.763198,1342.763198,4472505
17-11-2019,1336.840087,1334.732261,1307.959985,1326.17467,1326.17467,2247432
18-11-2019,1373.282525,1420.053835,1350.465828,1381.384898,1381.384898,4123189
19-11-2019,1348.854408,1406.166606,1312.786597,1351.01521,1351.01521,3801361
20-11-2019,1361.280138,1413.982225,1350.634267,1356.362367,1356.362367,6142764
21-11-2019,1405.467581,1458.097566,1369.33432,1392.961273,1392.961273,2454197
22-11-2019,1394.460375,1438.382995,1354.452915,1400.581119,1400.581119,4742377
23-11-2019,1386.911627,1437.800767,1357.037609,1394.174189,1394.174189,3651529
24-11-2019,1407.072017,1431.133476,1363.715215,1394.717545,1394.717545,2966935
25-11-2019,1403.328562,1459.325444,1368.756303,1406.605306,1406.605306,5563046
26-11-2019,1399.207482,1424.648758,1367.291729,1406.740539,1406.740539,4172253
27-11-2019,1369.200384,1393.653536,1335.752526,1381.873513,1381.873513,4966125
28-11-2019,1420.067669,1481.182905,1372.313131,1410.780435,1410.780435,4554540
29-11-2019,1365.773167,1441.841018,1321.517993,1368.67871,1368.67871,3101145
30-11-2019,1358.634252,1436.677541,1343.44877,1369.85117,1369.85117,3518439
01-12-2019,1360.071729,1378.176986,1357.678665,1370.426393,1370.426393,4391641
02-12-2019,1349.297997,1377.195118,1287.28893,1362.523471,1362.523471,2854693
03-12-2019,1374.437141,1422.724469,1326.656185,1361.327809,1361.327809,5202600
04-12-2019,1345.304834,1393.323887,1307.638388,1350.101603,1350.101603,5485512
05-12-2019,1429.700154,1508.692589,1359.961321,1423.992394,1423.992394,1235264
06-12-2019,1426.150478,1506.564597,1431.752267,1439.353335,1439.353335,3441952
07-12-2019,1457.923843,1504.253496,1437.861621,1465.456325,1465.456325,5859574
08-12-2019,1457.792109,1505.525691,1386.786292,1456.41993,1456.41993,3459974
09-12-2019,1443.000805,1503.943699,1433.931706,1447.034299,1447.034299,2408550
10-12-2019,1504.620039,1541.280406,1482.16663,1490.132001,1490.132001,3049458
11-12-2019,1488.591266,1565.02375,1487.005171,1501.751706,1501.751706,2637805
12-12-2019,1502.05374,1510.090326,1448.598501,1491.276386,1491.276386,3493125
13-12-2019,1562.442895,1650.375242,1545.480768,1564.287591,1564.287591,3421681
14-12-2019,1610.30238,1616.537888,1554.749704,1601.824582,1601.824582,3983958
15-12-2019,1608.154584,1656.968304,1580.926712,1616.539198,1616.539198,4269580
16-12-2019,1644.100254,1663.75296,1608.158518,1628.622539,1628.622539,2861592
17-12-2019,1634.412201,1662.556525,1613.632406,1621.106464,1621.106464,3439252
18-12-2019,1589.909206,1613.491217,1577.786709,1597.286987,1597.286987,3901023
19-12-2019,1630.275639,1676.404063,1580.455202,1626.110518,1626.110518,3526231
20-12-2019,1659.4719,1741.926492,1579.105054,1656.341844,1656.341844,4033610
21-12-2019,1655.78432,1724.101658,1545.207749,1652.292607,1652.292607,1942322
22-12-2019,1631.287864,1711.564342,1546.070265,1646.640144,1646.640144,4581242
23-12-2019,1684.460358,1680.596058,1635.053988,1669.043042,1669.043042,3231318
24-12-2019,1680.413121,1778.687237,1683.905194,1691.73526,1691.73526,2773979
25-12-2019,1694.084399,1731.679933,1685.798035,1706.042675,1706.042675,4663615
26-12-2019,1723.046319,1809.149121,1692.342607,1735.710307,1735.710307,2235823
27-12-2019,1738.598686,1782.964748,1690.592094,1740.293539,1740.293539,4356913
28-12-2019,1732.444192,1766.492224,1617.06853,1728.038788,1728.038788,4345063
29-12-2019,1789.051735,1792.78527,1719.294497,1776.488028,1776.488028,5137811
30-12-2019,1782.884971,1796.414629,1704.36159,1777.50782,1777.50782,3014573
31-12-2019,1829.959381,1887.256548,1779.252024,1837.254901,1837.254901,3966470
01-01-2020,1825.23319,1858.437706,1788.227498,1822.720644,1822.720644,3198114
02-01-2020,1773.042874,1842.555292,1738.276643,1785.201125,1785.201125,4495072
03-01-2020,1802.008196,1837.714787,1729.68372,1799.702465,1799.702465,3694816
04-01-2020,1793.727138,1873.229939,1760.487992,1792.783494,1792.783494,3844418
05-01-2020,1684.191824,1728.842409,1653.249372,1688.098748,1688.098748,2076601
06-01-2020,1702.666874,1759.306171,1680.548778,1707.905677,1707.905677,2916730
07-01-2020,1747.595535,1808.032792,1691.64113,1736.524265,1736.524265,3927640
08-01-2020,1759.928366,1767.618009,1687.649737,1751.698429,1751.698429,5207358
09-01-2020,1745.810047,1832.023496,1700.084112,1749.296962,1749.296962,4203736
10-01-2020,1772.069445,1780.295566,1718.493127,1769.641529,1769.641529,2667440
11-01-2020,1822.427265,1844.294834,1735.57791,1815.069427,1815.069427,3771249
12-01-2020,1769.43395,1866.039583,1727.667306,1778.229978,1778.229978,4527186
13-01-2020,1794.216316,1826.747479,1703.389962,1810.478571,1810.478571,1841950
14-01-2020,1843.702408,1936.610133,1772.109422,1858.599248,1858.599248,5583485
15-01-2020,1894.132551,1935.120229,1810.531971,1898.132122,1898.132122,4920936
16-01-2020,1949.594752,2052.811427,1835.912256,1931.341093,1931.341093,4052749
17-01-2020,1925.946584,1986.333293,1859.13129,1914.169889,1914.169889,3131975
18-01-2020,1918.143702,1997.276216,1894.966723,1910.1752,1910.1752,4058527
19-01-2020,1948.500823,2020.015801,1860.283588,1934.137623,1934.137623,4727144
20-01-2020,1918.374436,1960.376019,1827.691746,1924.368091,1924.368091,3447295
21-01-2020,1964.376098,1993.33479,1851.521709,1951.822541,1951.822541,2691800
22-01-2020,1956.456465,2001.180139,1929.678739,1957.496444,1957.496444,4582665
23-01-2020,1965.957212,2009.963367,1896.025131,1951.467442,1951.467442,3965577
24-01-2020,2011.856621,2107.174079,1945.064872,1993.693128,1993.693128,3557701
25-01-2020,1979.880269,2089.599237,1946.105207,1996.963104,1996.963104,3543214
26-01-2020,2005.33921,2098.392262,1971.86578,2019.311841,2019.311841,1598238
27-01-2020,1955.627006,1996.895469,1883.450197,1974.999082,1974.999082,2467633
28-01-2020,2029.250354,2065.088632,1890.597637,2010.638542,2010.638542,3275894
29-01-2020,2019.047981,2091.490378,1955.090873,2033.614412,2033.614412,4131122
30-01-2020,2062.641095,2107.399592,2042.408613,2052.080914,2052.080914,2720697
31-01-2020,2023.183102,2093.562727,1969.751715,2014.948231,2014.948231,2194044
01-02-2020,2055.263555,2094.263322,1956.92164,2056.396906,2056.396906,3675337
02-02-2020,2073.794141,2123.758096,2023.762523,2060.856703,2060.856703,3156878
03-02-2020,2082.397057,2151.354854,2019.445648,2100.523859,2100.523859,5002648
04-02-2020,2139.705453,2152.834005,2115.340589,2133.273309,2133.273309,3306141
05-02-2020,2142.971708,2184.720783,2061.403245,2133.80995,2133.80995,3488428
06-02-2020,2118.834449,2125.147045,1993.498821,2109.476427,2109.476427,3358294
07-02-2020,2122.813133,2179.228018,2064.029436,2104.419962,2104.419962,4068319
08-02-2020,2097.825835,2168.620647,2053.305634,2118.311292,2118.311292,4072932
09-02-2020,2136.291307,2196.158698,2123.274935,2133.242973,2133.242973,2336429
10-02-2020,2136.574285,2154.868566,2107.380078,2134.390815,2134.390815,3092564
11-02-2020,2096.233704,2198.517135,2063.555164,2099.617333,2099.617333,3062549
12-02-2020,2078.707276,2112.884038,2010.303565,2096.104452,2096.104452,3550538
13-02-2020,2125.584077,2183.482921,2097.936113,2141.791756,2141.791756,2309589
14-02-2020,2121.257222,2181.401619,2085.644334,2101.507782,2101.507782,4444032
15-02-2020,2078.556897,2155.324211,2044.848253,2098.868562,2098.868562,3258334
16-02-2020,2081.663859,2202.691179,1981.077235,2097.15682,2097.15682,5312131
17-02-2020,2137.525347,2179.133494,2122.087721,2134.022637,2134.022637,3735283
18-02-2020,2161.111531,2189.470383,2086.658992,2142.388188,2142.388188,3719260
19-02-2020,2122.569781,2143.320807,2021.404976,2133.152429,2133.152429,2564481
20-02-2020,2117.627255,2168.9638,2082.396531,2121.370282,2121.370282,2508971
21-02-2020,2137.511447,2156.982955,2003.035287,2119.314361,2119.314361,5285128
22-02-2020,2103.082779,2228.158806,2034.848802,2092.347944,2092.347944,2891061
23-02-2020,2071.026954,2167.927641,1955.769085,2072.983247,2072.983247,3240294
24-02-2020,2174.153747,2195.235888,2037.013891,2155.018544,2155.018544,4325506
25-02-2020,2179.817645,2218.102522,2129.046386,2181.199996,2181.199996,5403912
26-02-2020,2225.547108,2264.451265,2188.882836,2210.838979,2210.838979,4125902
27-02-2020,2279.302948,2341.326655,2169.73416,2258.676923,2258.676923,5183677
28-02-2020,2263.023381,2326.428383,2249.414947,2271.599711,2271.599711,5631494
29-02-2020,2279.437974,2394.775971,2248.327848,2274.120365,2274.120365,3763135
01-03-2020,2238.196588,2310.581691,2209.865266,2255.474859,2255.474859,2911898
02-03-2020,2255.220421,2348.217301,2185.513526,2255.910124,2255.910124,4759298
03-03-2020,2259.908567,2345.51653,2223.494575,2252.728999,2252.728999,1384141
04-03-2020,2294.973708,2321.784768,2262.536609,2304.00809,2304.00809,2822324
05-03-2020,2354.076391,2388.578321,2307.095621,2337.537792,2337.537792,4617562
06-03-2020,2314.021304,2471.922232,2303.66308,2335.658611,2335.658611,3781324
07-03-2020,2285.268286,2413.381221,2245.217484,2306.526877,2306.526877,6719262
08-03-2020,2334.048518,2419.809627,2195.506458,2329.466561,2329.466561,4192716
09-03-2020,2311.660459,2371.481505,2241.282041,2332.188187,2332.188187,5707654
10-03-2020,2292.471458,2328.527217,2191.521962,2285.203973,2285.203973,3816150
11-03-2020,2312.803726,2359.401425,2267.103747,2307.158024,2307.158024,3739449
12-03-2020,2343.046791,2382.354418,2244.297323,2340.476367,2340.476367,3823962
13-03-2020,2360.464001,2421.362978,2313.630921,2349.739695,2349.739695,2759363
14-03-2020,2374.207743,2539.713451,2299.325903,2390.632786,2390.632786,2760216
15-03-2020,2393.851681,2477.072071,2324.664022,2396.799423,2396.799423,1691121
16-03-2020,2463.401141,2568.191188,2296.881721,2460.503911,2460.503911,5204532
17-03-2020,2404.61116,2443.05142,2348.083672,2409.407578,2409.407578,3258395
18-03-2020,2445.730887,2506.551799,2345.603264,2429.201128,2429.201128,3341786
19-03-2020,2444.974125,2551.658938,2374.165406,2431.733222,2431.733222,5630280
20-03-2020,2394.724677,2454.442397,2273.64621,2411.97399,2411.97399,4360992
21-03-2020,2354.39006,2386.839081,2278.346947,2369.515495,2369.515495,5857573
22-03-2020,2351.522825,2413.739733,2277.522627,2366.010706,2366.010706,3668260
23-03-2020,2369.092358,2374.644799,2307.132424,2349.304843,2349.304843,4109011
24-03-2020,2322.116707,2361.077628,2295.814037,2344.474108,2344.474108,3086561
25-03-2020,2376.313294,2451.47069,2335.025459,2369.936946,2369.936946,3746673
26-03-2020,2360.187576,2459.167003,2280.094586,2375.499846,2375.499846,4128436
27-03-2020,2374.42491,2427.644779,2262.979488,2380.107194,2380.107194,3907374
28-03-2020,2413.196782,2519.732776,2387.649426,2434.694297,2434.694297,4371499
29-03-2020,2365.488092,2395.443901,2306.2388,2373.161311,2373.161311,3712457
30-03-2020,2423.267077,2583.000171,2412.847565,2428.654394,2428.654394,1442654
31-03-2020,2368.928051,2470.884037,2311.889287,2361.344675,2361.344675,5278807
01-04-2020,2428.641377,2523.552908,2327.114583,2408.903185,2408.903185,2337715
02-04-2020,2441.752896,2522.026341,2413.230536,2439.900278,2439.900278,4408680
03-04-2020,2429.640754,2554.491434,2379.356944,2433.435757,2433.435757,4014390
04-04-2020,2451.118599,2539.699686,2427.523471,2443.504574,2443.504574,4028814
05-04-2020,2471.383217,2527.051197,2418.759337,2465.950997,2465.950997,3134827
06-04-2020,2443.150616,2570.107819,2396.633452,2466.306157,2466.306157,3847623
07-04-2020,2525.236671,2543.703435,2488.230428,2522.446926,2522.446926,4464156
08-04-2020,2486.507233,2573.171567,2449.587565,2503.568483,2503.568483,5378167
09-04-2020,2595.442153,2641.027285,2548.445554,2583.408975,2583.408975,3049118
10-04-2020,2566.381786,2601.818704,2579.961507,2588.39995,2588.39995,3824495
11-04-2020,2604.238095,2770.492173,2595.71621,2613.980449,2613.980449,4455808
12-04-2020,2565.745817,2643.38423,2457.383749,2564.815296,2564.815296,1811867
13-04-2020,2454.932151,2486.429806,2418.249811,2460.005854,2460.005854,3579615
14-04-2020,2450.790699,2502.512435,2396.512744,2469.706772,2469.706772,3479916
15-04-2020,2433.69001,2461.402434,2342.813261,2437.346053,2437.346053,3116859
16-04-2020,2514.198706,2544.68368,2449.711121,2503.636596,2503.636596,3455928
17-04-2020,2536.681459,2573.949489,2505.204844,2530.17455,2530.17455,2877829
18-04-2020,2511.147657,2552.452738,2479.247928,2516.187508,2516.187508,4828240
19-04-2020,2494.18909,2600.65907,2483.532426,2511.661816,2511.661816,4342985
20-04-2020,2476.42859,2615.438565,2380.03296,2497.637717,2497.637717,4742921
21-04-2020,2521.793809,2558.244686,2420.586725,2500.396491,2500.396491,4485205
22-04-2020,2536.828645,2601.593893,2506.092992,2531.176481,2531.176481,3556202
23-04-2020,2560.996585,2666.995115,2417.795926,2574.673066,2574.673066,3045882
24-04-2020,2630.014126,2636.706026,2537.570156,2610.462282,2610.462282,3720938
25-04-2020,2598.294623,2767.693002,2470.2853,2616.823545,2616.823545,4428146
26-04-2020,2683.396289,2715.143584,2546.75968,2677.731758,2677.731758,5416127
27-04-2020,2708.272026,2799.093183,2672.284652,2715.934248,2715.934248,2743103
28-04-2020,2776.604986,2836.496785,2637.205931,2763.200312,2763.200312,3714775
29-04-2020,2701.345028,2739.537777,2665.910067,2716.783377,2716.783377,4686076
30-04-2020,2667.085829,2779.515104,2523.094344,2670.691407,2670.691407,5238286
01-05-2020,2680.419304,2754.28754,2634.705997,2660.717143,2660.717143,3860880
02-05-2020,2688.199745,2814.594889,2536.51599,2678.688845,2678.688845,1542391
03-05-2020,2718.001804,2793.938048,2633.278038,2741.321487,2741.321487,4184116
04-05-2020,2738.428584,2842.461502,2604.610908,2734.952719,2734.952719,3432028
05-05-2020,2652.605495,2786.771817,2568.340235,2664.071849,2664.071849,3961022
06-05-2020,2631.922464,2716.285377,2525.542447,2649.305615,2649.305615,4306875
07-05-2020,2607.738287,2632.087197,2595.297303,2614.591601,2614.591601,3424975
08-05-2020,2514.667284,2618.106737,2404.496622,2534.826039,2534.826039,1061290
09-05-2020,2591.758805,2593.051623,2467.299592,2567.781335,2567.781335,3793500
10-05-2020,2459.276529,2582.203831,2432.830608,2468.96719,2468.96719,2946253
11-05-2020,2475.886323,2549.165372,2365.310795,2481.054818,2481.054818,4166572
12-05-2020,2489.654087,2511.436728,2385.995705,2489.472996,2489.472996,4318870
13-05-2020,2497.688078,2554.409623,2378.487278,2480.22357,2480.22357,1927215
14-05-2020,2460.317195,2524.160926,2367.043307,2436.079075,2436.079075,3693884
15-05-2020,2266.841904,2443.728989,2266.07449,2282.860329,2282.860329,2675023
16-05-2020,2574.638248,2669.563606,2555.370574,2595.876813,2595.876813,3973352
17-05-2020,2555.03221,2643.187569,2478.195414,2574.682126,2574.682126,4182719
18-05-2020,2586.888601,2638.041351,2519.333869,2572.61769,2572.61769,4387313
19-05-2020,2537.059765,2553.812112,2361.859852,2528.100799,2528.100799,3245482
20-05-2020,2546.672614,2607.599865,2472.821963,2552.396062,2552.396062,3300703
21-05-2020,2561.217349,2688.649081,2498.437091,2558.10533,2558.10533,4987122
22-05-2020,2545.776339,2668.226743,2555.997084,2565.951008,2565.951008,2913333
23-05-2020,2541.777976,2552.474011,2398.544177,2537.104693,2537.104693,4074717
24-05-2020,2554.036186,2657.351125,2513.740404,2558.15765,2558.15765,3079555
25-05-2020,2594.933122,2619.27191,2546.928715,2602.677889,2602.677889,3615986
26-05-2020,2678.980732,2813.710975,2508.879633,2653.121165,2653.121165,4421559
27-05-2020,2728.590312,2902.638235,2680.953774,2725.280326,2725.280326,2801413
28-05-2020,2723.715726,2745.889918,2558.268972,2703.722305,2703.722305,3880495
29-05-2020,2672.087879,2794.743868,2596.166357,2671.01407,2671.01407,3835993
30-05-2020,2745.213133,2859.265261,2667.536284,2728.809244,2728.809244,2040358
31-05-2020,2703.6201,2803.056775,2623.284462,2713.72413,2713.72413,3522510
01-06-2020,2468.001739,2464.294961,2375.917759,2451.894312,2451.894312,3632214
02-06-2020,2334.613005,2376.038414,2249.539874,2357.466556,2357.466556,3165177
03-06-2020,2355.47324,2386.171803,2258.701403,2339.140948,2339.140948,3082293
04-06-2020,2250.922354,2326.060678,2187.649596,2260.842369,2260.842369,3169241
05-06-2020,2271.101607,2294.776974,2254.088917,2280.066384,2280.066384,2470477
06-06-2020,2257.855737,2281.674699,2196.2429,2260.251199,2260.251199,3694338
07-06-2020,2267.262563,2277.331227,2176.567087,2247.028394,2247.028394,4181899
08-06-2020,2278.064117,2310.528906,2114.05448,2259.187756,2259.187756,4619849
09-06-2020,2233.973504,2368.295704,2103.679065,2237.257789,2237.257789,3179529
10-06-2020,2234.917169,2336.105742,2202.45003,2240.2973,2240.2973,5610674
11-06-2020,2280.27442,2365.815317,2232.80916,2289.640961,2289.640961,4038155
12-06-2020,2281.470807,2340.215911,2189.305777,2287.42196,2287.42196,2521690
13-06-2020,2202.458828,2318.423515,2174.135837,2199.39669,2199.39669,3091433
14-06-2020,2172.456319,2201.078032,2146.380445,2164.857672,2164.857672,3057060
15-06-2020,2142.699748,2160.040093,2087.226463,2133.407445,2133.407445,4049146
16-06-2020,2091.303594,2119.450011,1998.415633,2107.689453,2107.689453,4506273
17-06-2020,2169.112887,2277.050497,2090.570647,2179.997408,2179.997408,3358476
18-06-2020,2202.311592,2282.781086,2124.860351,2221.10603,2221.10603,3227475
19-06-2020,2176.653762,2319.230036,2056.6308,2198.072867,2198.072867,4363807
20-06-2020,2225.194861,2351.721358,2157.017121,2224.893118,2224.893118,4231908
21-06-2020,2223.094172,2216.005192,2184.097833,2204.527174,2204.527174,4351704
22-06-2020,2214.489521,2259.923325,2163.214349,2206.549218,2206.549218,2574256
23-06-2020,2188.036018,2222.947855,2132.2378,2194.244892,2194.244892,3298545
24-06-2020,2104.879793,2219.666399,2050.136587,2124.829673,2124.829673,3524307
25-06-2020,2160.594333,2194.277935,2096.746623,2169.959784,2169.959784,4818102
26-06-2020,2240.818379,2230.247255,2151.344138,2218.884163,2218.884163,3820147
27-06-2020,2218.974317,2290.963935,2182.711667,2233.871522,2233.871522,3949780
28-06-2020,2281.740322,2303.590854,2213.363885,2260.263523,2260.263523,1429741
29-06-2020,2216.008504,2251.677532,2161.110926,2213.325504,2213.325504,5070788
30-06-2020,2210.181247,2271.210625,2170.529813,2205.119411,2205.119411,3751383
01-07-2020,2115.812294,2163.897489,2080.023548,2121.124492,2121.124492,3658354
02-07-2020,2140.468637,2224.393391,2011.798924,2147.348308,2147.348308,3755835
03-07-2020,2205.886519,2279.165437,2173.80955,2206.90256,2206.90256,4433890
04-07-2020,2227.790194,2321.671442,2195.125665,2228.61945,2228.61945,2932762
05-07-2020,2292.184962,2379.010964,2265.409139,2286.785983,2286.785983,4109081
06-07-2020,2291.956994,2342.252292,2271.369053,2314.757306,2314.757306,3454216
07-07-2020,2317.963045,2357.833042,2249.379973,2325.750055,2325.750055,1439415
08-07-2020,2343.47388,2487.111776,2294.815202,2341.264109,2341.264109,4279208
09-07-2020,2380.309078,2496.384938,2300.40887,2395.746813,2395.746813,3403136
10-07-2020,2437.298615,2501.374812,2385.872774,2446.56009,2446.56009,3896044
11-07-2020,2426.321765,2498.653434,2364.718072,2433.135726,2433.135726,4777376
12-07-2020,2407.191806,2444.804423,2308.310812,2428.053007,2428.053007,3431454
13-07-2020,2442.493926,2559.012916,2399.902261,2432.661946,2432.661946,3344875
14-07-2020,2423.495147,2438.804644,2371.435847,2410.572147,2410.572147,5022159
15-07-2020,2451.095815,2508.702632,2394.24493,2452.947476,2452.947476,3968381
16-07-2020,2478.531241,2529.543254,2351.578296,2465.138338,2465.138338,3588615
17-07-2020,2503.600032,2581.369412,2446.433528,2501.243398,2501.243398,4188556
18-07-2020,2484.35513,2513.457491,2426.475017,2493.273406,2493.273406,3616118
19-07-2020,2490.086593,2493.242259,2387.522668,2468.191089,2468.191089,4121079
20-07-2020,2472.168743,2618.004153,2328.524183,2477.843228,2477.843228,3367582
21-07-2020,2528.366766,2542.505928,2493.64939,2506.218073,2506.218073,4873754
22-07-2020,2524.741745,2534.215235,2435.976823,2507.439691,2507.439691,4127061
23-07-2020,2612.956956,2666.047181,2475.646178,2599.664188,2599.664188,5734080
24-07-2020,2575.421039,2646.307899,2436.401307,2550.599596,2550.599596,4886309
25-07-2020,2608.949582,2654.714951,2577.573125,2598.08707,2598.08707,3328061
26-07-2020,2627.088059,2768.474238,2541.782663,2613.06177,2613.06177,4928224
27-07-2020,2561.196526,2646.29445,2456.122762,2575.066201,2575.066201,3400581
28-07-2020,2491.461734,2517.990671,2368.280031,2493.60365,2493.60365,2344715
29-07-2020,2494.237423,2505.115999,2377.776745,2494.415043,2494.415043,4518803
30-07-2020,2444.798401,2630.973062,2387.860076,2456.440999,2456.440999,3602691
31-07-2020,2388.704026,2422.075713,2353.36148,2412.218165,2412.218165,3824182
01-08-2020,2369.002529,2399.594293,2289.741629,2391.044445,2391.044445,3862501
02-08-2020,2442.027184,2465.729404,2386.538917,2436.879365,2436.879365,2584403
03-08-2020,2471.336326,2569.408134,2400.917315,2480.423226,2480.423226,4444889
04-08-2020,2445.532587,2531.702405,2388.502653,2457.087818,2457.087818,3843567
05-08-2020,2476.076338,2617.552464,2412.911505,2469.262596,2469.262596,3004726
06-08-2020,2466.729869,2554.377073,2306.694152,2446.967111,2446.967111,5144378
07-08-2020,2481.62202,2644.73341,2455.086862,2489.071294,2489.071294,3193174
08-08-2020,2518.175746,2607.422579,2440.201832,2523.923619,2523.923619,2472632
09-08-2020,2542.138886,2580.111026,2550.211511,2562.921599,2562.921599,4181669
10-08-2020,2514.04322,2552.485291,2456.940114,2507.265309,2507.265309,4565131
11-08-2020,2526.732844,2653.743054,2460.378469,2519.726125,2519.726125,2771541
12-08-2020,2425.075184,2531.032762,2303.440122,2439.401813,2439.401813,2203326
13-08-2020,2393.268115,2533.833995,2361.522371,2413.631671,2413.631671,5520000
14-08-2020,2387.918916,2465.350328,2361.412617,2394.019524,2394.019524,3183599
15-08-2020,2430.312589,2452.308625,2339.113807,2430.11868,2430.11868,4103379
16-08-2020,2366.540313,2402.715063,2307.25078,2367.090847,2367.090847,3410761
17-08-2020,2431.241567,2482.779823,2285.72837,2430.008314,2430.008314,2790866
18-08-2020,2428.112629,2481.370592,2371.377128,2408.44885,2408.44885,2323874
19-08-2020,2422.424445,2547.470529,2360.397459,2431.594248,2431.594248,4514985
20-08-2020,2462.761518,2628.168256,2450.370797,2478.056966,2478.056966,4638434
21-08-2020,2525.648285,2576.049802,2441.056442,2523.513238,2523.513238,2301322
22-08-2020,2479.564282,2543.425219,2345.950465,2488.976711,2488.976711,2264817
23-08-2020,2499.980788,2580.196386,2405.621659,2483.7777,2483.7777,3765014
24-08-2020,2506.099719,2606.729512,2409.0695,2520.864045,2520.864045,3208161
25-08-2020,2458.227034,2532.727789,2437.611919,2478.732507,2478.732507,5942491
26-08-2020,2455.884041,2566.52137,2435.629014,2470.252809,2470.252809,842209
27-08-2020,2462.945979,2501.713369,2322.038204,2448.784786,2448.784786,4175645
28-08-2020,2480.473031,2556.901099,2440.993763,2469.606881,2469.606881,4704753
29-08-2020,2436.427466,2516.336637,2414.212708,2459.875061,2459.875061,2994366
30-08-2020,2471.157734,2548.216867,2367.912561,2474.640403,2474.640403,4096632
31-08-2020,2463.937183,2532.241893,2385.206732,2453.611451,2453.611451,2650268
01-09-2020,2492.578062,2548.332095,2315.663971,2468.294568,2468.294568,4443457
02-09-2020,2514.689473,2561.490778,2339.013779,2494.703976,2494.703976,4302804
03-09-2020,2504.061495,2557.567232,2377.42494,2509.366355,2509.366355,4677084
04-09-2020,2502.055109,2590.125038,2463.337584,2508.791271,2508.791271,3329049
05-09-2020,2500.69697,2592.131077,2473.703444,2502.065121,2502.065121,3722836
06-09-2020,2453.193795,2579.875717,2434.668017,2462.986021,2462.986021,5349508
07-09-2020,2483.030495,2548.414944,2370.535764,2494.71342,2494.71342,1347303
08-09-2020,2736.964976,2838.186057,2696.806498,2739.124716,2739.124716,3792769
09-09-2020,2793.212039,2854.488017,2673.209025,2781.070531,2781.070531,4212311
10-09-2020,2767.505702,2818.059221,2730.55218,2787.638707,2787.638707,2327978
11-09-2020,2794.864857,2841.249075,2691.13466,2774.579782,2774.579782,6103615
12-09-2020,2832.751645,3005.696897,2834.326815,2852.371023,2852.371023,4480461
13-09-2020,2966.98453,3106.38907,2958.532888,2989.279654,2989.279654,5598523
14-09-2020,2910.048368,2940.482139,2869.484139,2893.986826,2893.986826,2909220
15-09-2020,2940.326692,3128.895323,2840.86734,2922.496453,2922.496453,4114361
16-09-2020,2912.891699,3033.724247,2788.730535,2925.356204,2925.356204,5197402
17-09-2020,2988.932812,3036.093154,2883.427027,2980.188077,2980.188077,1693482
18-09-2020,2960.544204,3117.168119,2928.666305,2967.29081,2967.29081,3954503
19-09-2020,2743.381122,2810.911298,2730.899699,2752.440234,2752.440234,4145722
20-09-2020,2732.032954,2786.477665,2664.12383,2727.860293,2727.860293,4754985
21-09-2020,2720.728455,2863.407595,2689.484361,2731.702495,2731.702495,2479211
22-09-2020,2794.982449,2833.943738,2692.23125,2769.596939,2769.596939,3007051
23-09-2020,2781.444587,2853.502251,2659.305884,2782.199059,2782.199059,5743361
24-09-2020,2803.274567,2883.993896,2711.917839,2799.246133,2799.246133,1898760
25-09-2020,2673.875067,2762.004398,2640.653516,2689.913278,2689.913278,5696803
26-09-2020,2646.400548,2751.424696,2635.934382,2668.056184,2668.056184,5144404
27-09-2020,2730.294098,2727.134622,2623.805222,2710.427671,2710.427671,4317069
28-09-2020,2714.602779,2735.585132,2635.432915,2702.929606,2702.929606,4037531
29-09-2020,2496.815701,2518.414833,2442.908321,2507.220449,2507.220449,2755088
30-09-2020,2562.745205,2613.526087,2441.094547,2576.9991,2576.9991,4415943
01-10-2020,2514.654934,2547.78108,2437.116105,2535.591381,2535.591381,3264385
02-10-2020,2588.262981,2624.477966,2438.568025,2603.805269,2603.805269,3011050
03-10-2020,2607.61057,2677.899306,2589.308834,2604.2281,2604.2281,2950438
04-10-2020,2607.955519,2657.179003,2602.613754,2625.408962,2625.408962,4607614
05-10-2020,2666.917272,2666.554142,2498.446248,2641.120164,2641.120164,3873019
06-10-2020,2638.200361,2675.170486,2490.913679,2637.595091,2637.595091,5177086
07-10-2020,2570.647639,2667.465838,2530.922188,2591.164939,2591.164939,3788823
08-10-2020,2626.2492,2702.947294,2568.872051,2612.510997,2612.510997,2674893
09-10-2020,2651.067542,2685.771777,2559.190911,2636.151931,2636.151931,5161475
10-10-2020,2643.372493,2718.264397,2567.953108,2623.731807,2623.731807,3474991
11-10-2020,2635.8747,2735.287843,2575.413338,2625.586806,2625.586806,3414137
12-10-2020,2598.454688,2642.936663,2516.342476,2602.096973,2602.096973,3727516
13-10-2020,2588.358192,2609.743439,2460.04897,2576.408846,2576.408846,1233887
14-10-2020,2577.777692,2642.321385,2525.133356,2575.446335,2575.446335,3393253
15-10-2020,2588.322732,2698.396708,2529.457763,2612.770431,2612.770431,5287294
16-10-2020,2646.583241,2750.005705,2538.549496,2620.834537,2620.834537,3871214
17-10-2020,2615.284348,2704.14853,2551.015051,2627.166521,2627.166521,3972216
18-10-2020,2669.820177,2720.345549,2592.231898,2693.17299,2693.17299,4021883
19-10-2020,2639.312347,2756.77196,2598.342984,2650.447527,2650.447527,4345166
20-10-2020,2709.392038,2845.426144,2670.044404,2686.462825,2686.462825,5204208
21-10-2020,2935.013364,3036.468718,2810.168527,2943.461939,2943.461939,6363369
22-10-2020,2893.474472,2983.160253,2784.592846,2914.817736,2914.817736,5780658
23-10-2020,2786.411687,2873.013143,2776.518168,2811.541342,2811.541342,1854166
24-10-2020,3057.762028,3255.133535,3003.458492,3086.992806,3086.992806,4205589
25-10-2020,3029.243565,3216.97035,3024.329854,3050.798585,3050.798585,3484455
26-10-2020,3020.655274,3077.196938,2975.384113,3009.011445,3009.011445,6046017
27-10-2020,3051.815849,3092.288089,2876.564118,3062.898485,3062.898485,4282397
28-10-2020,3084.243873,3190.101867,2982.830848,3085.222193,3085.222193,4910752
29-10-2020,3165.023385,3289.739569,3010.037185,3135.589487,3135.589487,3420219
30-10-2020,3169.619129,3199.747503,3053.899012,3149.300625,3149.300625,4004059
31-10-2020,3143.757862,3186.563639,3007.620506,3125.056209,3125.056209,4735048
01-11-2020,3111.839206,3276.451954,3066.764159,3106.951799,3106.951799,3360284
02-11-2020,3155.682598,3146.884298,3057.14188,3124.914417,3124.914417,2797469
03-11-2020,3153.614407,3267.251074,3040.750028,3166.958581,3166.958581,4592836
04-11-2020,3210.802848,3313.037157,3186.70735,3212.723886,3212.723886,2384988
05-11-2020,3197.119808,3309.011645,3097.426794,3219.11503,3219.11503,2553557
06-11-2020,3192.31072,3310.507129,3075.614219,3200.551162,3200.551162,2001757
07-11-2020,3224.41184,3228.408466,3132.926435,3209.721962,3209.721962,4636136
08-11-2020,3284.919015,3438.537185,3230.55924,3278.67001,3278.67001,4259661
09-11-2020,3273.159371,3396.063996,3251.691132,3305.247997,3305.247997,4589459
10-11-2020,3215.833724,3421.102414,3107.119751,3247.358923,3247.358923,3676311
11-11-2020,3216.716544,3326.604072,3134.63002,3232.703236,3232.703236,3804622
12-11-2020,3233.920051,3239.687726,3167.107122,3203.043956,3203.043956,4592643
13-11-2020,3126.763276,3184.792343,3036.55917,3151.151057,3151.151057,4057054
14-11-2020,3150.143215,3228.874743,3102.072953,3152.405924,3152.405924,4981812
15-11-2020,3149.234517,3288.700092,3146.498281,3175.903089,3175.903089,3555476
16-11-2020,3174.514396,3269.876522,3027.008696,3143.59958,3143.59958,1220641
17-11-2020,3178.379374,3194.823315,3082.682406,3168.112642,3168.112642,2931554
18-11-2020,3145.127451,3316.237549,3133.007536,3155.645913,3155.645913,4651213
19-11-2020,3249.135222,3315.670384,3184.022997,3263.905839,3263.905839,4346271
20-11-2020,3280.957407,3332.032736,3250.050832,3309.275727,3309.275727,5330589
21-11-2020,3287.138164,3379.067344,3155.501146,3275.638768,3275.638768,3224964
22-11-2020,3276.331859,3304.764777,3160.355243,3247.590605,3247.590605,4097291
23-11-2020,3246.757341,3332.578319,3078.467527,3249.966405,3249.966405,2644096
24-11-2020,3225.336271,3367.999036,3215.73336,3233.75736,3233.75736,3695355
25-11-2020,3255.25682,3365.550312,3087.669087,3254.681468,3254.681468,2268767
26-11-2020,3338.257746,3362.255456,3219.452401,3323.808955,3323.808955,3282432
27-11-2020,3334.148575,3468.886032,3222.441021,3317.879077,3317.879077,3631207
28-11-2020,3636.699412,3629.206576,3585.395048,3613.63586,3613.63586,2948217
29-11-2020,3625.828064,3660.930997,3522.313034,3592.327611,3592.327611,2945590
30-11-2020,3568.339131,3756.889149,3356.674018,3572.468887,3572.468887,4295596
01-12-2020,3614.089919,3723.157262,3494.721844,3591.483886,3591.483886,4026877
02-12-2020,3640.602304,3682.860824,3452.243362,3616.799755,3616.799755,3436336
03-12-2020,3670.505012,3950.742402,3521.605085,3701.777937,3701.777937,3720271
04-12-2020,3682.768681,3734.063566,3591.216283,3653.955136,3653.955136,3859109
05-12-2020,3723.980403,3748.348078,3639.352234,3707.471918,3707.471918,2053551
06-12-2020,3655.871083,3775.377836,3542.911164,3690.512163,3690.512163,5366374
07-12-2020,3703.688842,3777.292659,3688.78548,3704.536417,3704.536417,2417783
08-12-2020,3724.27443,3840.331417,3672.021141,3759.336525,3759.336525,3487188
09-12-2020,3784.998956,3875.666772,3724.533244,3792.696401,3792.696401,3567684
10-12-2020,3873.918557,3938.612277,3695.417615,3847.567586,3847.567586,3112543
11-12-2020,3888.669397,4147.872471,3859.460244,3890.575675,3890.575675,2688483
12-12-2020,3971.400249,4049.812952,3918.355367,3972.231732,3972.231732,5008059
13-12-2020,3990.256072,4108.370254,3914.298371,3966.664383,3966.664383,5083342
14-12-2020,3925.300075,3979.173329,3846.172376,3895.253288,3895.253288,4120609
15-12-2020,3862.544643,4138.355789,3850.956097,3878.720318,3878.720318,3477995
16-12-2020,3821.31467,3911.037588,3794.145137,3843.489545,3843.489545,4896924
17-12-2020,3795.842454,3958.043474,3638.856011,3829.976241,3829.976241,3198501
18-12-2020,3831.048188,4060.523372,3791.249473,3832.188483,3832.188483,4794414
19-12-2020,3856.480151,4113.059204,3797.280922,3845.646269,3845.646269,4122214
20-12-2020,3724.597331,3750.685238,3607.50864,3714.801813,3714.801813,3714557
21-12-2020,3718.801688,3804.703138,3679.755571,3697.097566,3697.097566,3645553
22-12-2020,3631.803523,3686.129115,3566.8186,3655.253467,3655.253467,2205790
23-12-2020,3511.915595,3591.527006,3411.030858,3538.217349,3538.217349,4065547
24-12-2020,3500.305473,3506.833656,3376.41375,3485.556522,3485.556522,5872258
25-12-2020,3458.468863,3530.767011,3457.153105,3478.275839,3478.275839,4014313
26-12-2020,3448.69704,3503.23489,3391.887599,3482.75323,3482.75323,2666706
27-12-2020,3164.440604,3374.019438,3149.95929,3192.282897,3192.282897,6423454
28-12-2020,3230.078394,3276.389919,3190.392879,3243.166528,3243.166528,4109371
29-12-2020,3270.869563,3360.424065,3194.310966,3283.406871,3283.406871,3589393
30-12-2020,3247.415744,3287.172887,3171.865144,3217.837308,3217.837308,4933810
31-12-2020,3230.60133,3252.561855,3094.935641,3225.611661,3225.611661,3225666
01-01-2021,3300.988234,3341.962824,3246.681313,3279.913608,3279.913608,2663184
02-01-2021,3283.072976,3318.484347,3141.380942,3279.486993,3279.486993,804576
03-01-2021,3291.584056,3500.803853,3126.514442,3287.063887,3287.063887,3305181
04-01-2021,3310.92108,3424.603206,3151.108783,3318.436242,3318.436242,2371514
05-01-2021,3425.816988,3562.758877,3291.28901,3417.270787,3417.270787,3456311
06-01-2021,3453.044283,3538.799283,3289.913309,3425.341505,3425.341505,4904747
07-01-2021,3390.416672,3498.967711,3312.41729,3371.550422,3371.550422,1125091
08-01-2021,3345.652089,3354.985577,3286.53757,3312.948276,3312.948276,2089314
09-01-2021,3293.979256,3364.153027,3167.346232,3275.985412,3275.985412,3358130
10-01-2021,3346.036121,3504.099346,3252.647149,3323.381034,3323.381034,2953719
11-01-2021,3358.004429,3459.386379,3274.639327,3352.42153,3352.42153,2732215
12-01-2021,3347.791278,3390.151141,3313.96549,3333.70297,3333.70297,6438877
13-01-2021,3290.657144,3430.087378,3210.453184,3318.729692,3318.729692,2857246
14-01-2021,3357.437937,3381.463988,3327.611972,3359.382961,3359.382961,1711749
15-01-2021,3366.010035,3382.531784,3277.203362,3357.281305,3357.281305,3619963
16-01-2021,3310.388212,3444.567445,3309.539754,3343.61955,3343.61955,4296084
17-01-2021,3365.261057,3573.689543,3318.28228,3363.913514,3363.913514,3696618
18-01-2021,3312.1781,3425.492257,3167.35915,3345.130787,3345.130787,3705203
19-01-2021,3335.983946,3369.039037,3183.776596,3322.67836,3322.67836,3987155
20-01-2021,3363.898773,3451.326489,3352.846818,3378.427408,3378.427408,1389206
21-01-2021,3369.34123,3422.014981,3356.77566,3375.866911,3375.866911,2571836
22-01-2021,3440.391889,3505.829278,3212.82188,3429.676793,3429.676793,3978620
23-01-2021,3461.52434,3526.792919,3451.216072,3473.175557,3473.175557,4588916
24-01-2021,3412.208146,3547.423683,3219.496195,3444.699001,3444.699001,4681493
25-01-2021,3451.236117,3525.177511,3319.363896,3458.261772,3458.261772,4316537
26-01-2021,3439.5148,3493.15882,3322.3735,3449.925597,3449.925597,5588182
27-01-2021,3506.374357,3559.670522,3427.637705,3495.779253,3495.779253,4141853
28-01-2021,3482.983107,3602.206001,3340.606024,3487.218358,3487.218358,4706826
29-01-2021,3460.866234,3472.684647,3396.199638,3430.721515,3430.721515,2403500
30-01-2021,3415.153574,3447.514921,3387.128977,3431.383581,3431.383581,4713800
31-01-2021,3503.878347,3619.272459,3445.247572,3474.045853,3474.045853,3303661
01-02-2021,3518.706027,3563.485636,3422.577495,3521.941786,3521.941786,3710386
02-02-2021,3498.870809,3650.668779,3301.65092,3525.612906,3525.612906,4327946
03-02-2021,3547.358707,3561.450718,3369.474481,3531.637462,3531.637462,2940065
04-02-2021,3516.767842,3542.706056,3412.372202,3497.269448,3497.269448,4104359
05-02-2021,3494.997892,3519.918401,3431.330956,3490.979152,3490.979152,1892452
06-02-2021,3491.203502,3558.798895,3293.685311,3514.768721,3514.768721,4825952
07-02-2021,3468.514727,3541.741314,3263.587272,3459.686191,3459.686191,3472834
08-02-2021,3459.640862,3446.89084,3342.312828,3428.270494,3428.270494,2998284
09-02-2021,3345.972814,3378.422164,3282.69525,3332.481293,3332.481293,4392674
10-02-2021,3366.191479,3435.340095,3295.980569,3342.701974,3342.701974,3266590
11-02-2021,3338.804482,3449.620234,3305.185496,3347.830253,3347.830253,3775991
12-02-2021,3278.353619,3401.540574,3255.621068,3305.76223,3305.76223,4062762
13-02-2021,3341.446336,3382.052973,3266.945535,3346.706053,3346.706053,3894385
14-02-2021,3320.263536,3414.449747,3321.112194,3346.145899,3346.145899,3844345
15-02-2021,3357.444757,3508.676467,3198.04364,3373.539974,3373.539974,4370050
16-02-2021,3376.634795,3418.999982,3296.17802,3369.223114,3369.223114,5037477
17-02-2021,3227.286342,3315.059727,3112.41868,3256.444369,3256.444369,3457644
18-02-2021,3255.184323,3273.131346,3062.083975,3239.288738,3239.288738,5239600
19-02-2021,3256.36729,3265.179402,3174.689235,3247.182347,3247.182347,3866654
20-02-2021,3191.500323,3323.624147,3071.978145,3199.976148,3199.976148,2398666
21-02-2021,3297.851888,3425.043238,3226.923564,3303.405714,3303.405714,3859598
22-02-2021,3294.460708,3302.601671,3181.610352,3279.316027,3279.316027,3839434
23-02-2021,3203.395082,3248.198216,3205.912461,3233.211119,3233.211119,2349694
24-02-2021,3315.405694,3460.958627,3260.019924,3294.991073,3294.991073,4443894
25-02-2021,3189.990953,3268.432608,3164.255886,3189.016448,3189.016448,2854873
26-02-2021,3243.926567,3270.223649,3146.747904,3246.563222,3246.563222,6141233
27-02-2021,3235.192223,3330.993245,3205.133956,3233.494646,3233.494646,2262305
28-02-2021,3202.564219,3339.700841,3112.985652,3218.335981,3218.335981,2975325
01-03-2021,3253.242616,3397.394875,3249.912042,3268.513337,3268.513337,5677830
02-03-2021,3306.924363,3386.219554,3284.293392,3331.643566,3331.643566,4734253
03-03-2021,3278.498453,3406.2551,3197.523119,3306.542367,3306.542367,2512004
04-03-2021,3484.16409,3537.825976,3432.86697,3499.761869,3499.761869,3751274
05-03-2021,3463.702796,3634.667318,3275.711741,3467.328889,3467.328889,4039988
06-03-2021,3414.641918,3498.525419,3378.065268,3433.717699,3433.717699,3236373
07-03-2021,3403.864015,3488.039229,3251.071861,3378.408343,3378.408343,2899723
08-03-2021,3357.940618,3480.193268,3167.667634,3347.978847,3347.978847,3194647
09-03-2021,3320.263797,3424.922326,3301.078335,3328.392674,3328.392674,3619410
10-03-2021,3358.224592,3401.078801,3245.132489,3349.941713,3349.941713,4568063
11-03-2021,3374.485161,3414.778916,3223.609158,3370.505337,3370.505337,2048643
12-03-2021,3383.496717,3458.105628,3357.259243,3374.245378,3374.245378,2847613
13-03-2021,3338.479811,3450.331308,3141.640667,3359.48938,3359.48938,2811163
14-03-2021,3385.317064,3441.066803,3209.230882,3365.51489,3365.51489,3255606
15-03-2021,3385.539716,3506.599458,3350.317991,3410.643136,3410.643136,5366330
16-03-2021,3322.318567,3466.292027,3207.944307,3351.361505,3351.361505,4048825
17-03-2021,3405.952894,3526.105546,3375.818702,3418.382067,3418.382067,2986430
18-03-2021,3388.3279,3413.874981,3333.13977,3381.04261,3381.04261,4679552
19-03-2021,3295.081604,3361.629431,3298.068722,3328.234991,3328.234991,2649242
20-03-2021,3386.467855,3519.12018,3259.047525,3391.281651,3391.281651,4069999
21-03-2021,3434.645302,3474.939779,3256.988554,3423.547624,3423.547624,3097100
22-03-2021,3465.758455,3472.697699,3379.181932,3457.236836,3457.236836,3748350
23-03-2021,3507.26851,3660.764377,3335.131964,3485.638419,3485.638419,4595501
24-03-2021,3634.692033,3810.550595,3546.590929,3656.291333,3656.291333,3758717
25-03-2021,3654.899468,3741.615127,3589.64335,3674.819696,3674.819696,3522547
26-03-2021,3653.87819,3724.050091,3449.247652,3658.979801,3658.979801,3933797
27-03-2021,3655.815576,3749.003903,3558.668377,3620.035303,3620.035303,3786759
28-03-2021,3664.480822,3675.72713,3473.203485,3629.594193,3629.594193,3990770
29-03-2021,3592.187469,3678.947993,3582.955112,3608.191844,3608.191844,3193741
30-03-2021,3635.492084,3764.549199,3592.558404,3630.691796,3630.691796,5021215
31-03-2021,3719.668739,3820.912906,3566.502464,3693.320189,3693.320189,2728723
01-04-2021,3698.446116,3715.847629,3585.77546,3676.005856,3676.005856,2982937
02-04-2021,3776.134242,3864.043518,3706.26342,3812.58515,3812.58515,3512551
03-04-2021,3749.721641,3966.771764,3724.73376,3775.298721,3775.298721,5166835
04-04-2021,3742.77272,3967.821695,3580.816974,3731.034284,3731.034284,3783740
05-04-2021,3697.115169,3799.904387,3493.363474,3696.587122,3696.587122,3656488
06-04-2021,3698.069843,3731.696959,3619.743187,3708.344447,3708.344447,2945896
07-04-2021,3701.173002,3868.970555,3659.332629,3710.396112,3710.396112,3682475
08-04-2021,3750.707404,3787.197753,3674.071417,3765.512512,3765.512512,3585965
09-04-2021,3730.907502,3872.430257,3633.822817,3733.750182,3733.750182,3257989
10-04-2021,3781.965071,3871.717752,3618.369831,3813.526165,3813.526165,2244717
11-04-2021,3772.407348,3874.614768,3702.674075,3806.041898,3806.041898,3252296
12-04-2021,3778.643879,3837.740889,3651.887944,3807.640116,3807.640116,4258783
13-04-2021,3824.521003,3892.925557,3631.167191,3830.552643,3830.552643,4425297
14-04-2021,3946.282447,4078.322945,3743.318915,3911.776915,3911.776915,4788458
15-04-2021,3874.846437,4114.756006,3819.248454,3904.099825,3904.099825,2411727
16-04-2021,3947.5313,4080.332115,3871.079535,3956.449965,3956.449965,3367885
17-04-2021,3906.430614,4024.623029,3754.612633,3928.905424,3928.905424,5139586
18-04-2021,3872.039258,4004.789693,3671.102304,3859.453957,3859.453957,4298342
19-04-2021,3982.438053,4005.619631,3821.146256,3959.397634,3959.397634,3488452
20-04-2021,4082.620551,4144.120725,3843.671059,4051.555101,4051.555101,3087271
21-04-2021,4069.236544,4183.389636,4074.507233,4104.474105,4104.474105,4488190
22-04-2021,4129.397833,4206.905731,4020.754225,4159.219374,4159.219374,5388195
23-04-2021,4077.047341,4181.849034,4086.09691,4113.25463,4113.25463,3038943
24-04-2021,4287.499447,4446.386249,4161.197427,4294.113391,4294.113391,3859502
25-04-2021,4189.824575,4298.064656,4119.904279,4231.730149,4231.730149,2945400
26-04-2021,4293.310812,4345.994816,4077.791539,4251.514972,4251.514972,3855891
27-04-2021,4232.186405,4390.05162,4101.478216,4248.435762,4248.435762,3800927
28-04-2021,4176.161341,4240.165626,4113.343179,4158.828796,4158.828796,3961033
29-04-2021,4077.667921,4117.73372,4073.748675,4092.003931,4092.003931,2939871
30-04-2021,4141.821717,4180.931101,4065.847574,4120.027087,4120.027087,2234814
01-05-2021,4158.472701,4375.216229,4044.153543,4123.534087,4123.534087,5972587
02-05-2021,4081.347382,4354.813426,4042.433562,4110.513832,4110.513832,3420304
03-05-2021,4140.135738,4163.824487,3987.449807,4136.788932,4136.788932,4593561
04-05-2021,4107.379098,4214.251722,3881.670135,4077.063335,4077.063335,3691942
05-05-2021,4149.771472,4279.387126,4130.897056,4171.939192,4171.939192,3070341
06-05-2021,4300.330738,4332.747756,4237.679282,4259.528831,4259.528831,4200598
07-05-2021,4247.646693,4398.191098,4217.313304,4258.815893,4258.815893,4566914
08-05-2021,4242.373329,4449.736149,4071.367778,4231.350106,4231.350106,4402150
09-05-2021,4173.125825,4294.392601,3987.229627,4162.797496,4162.797496,2830088
10-05-2021,4233.132537,4448.542092,4134.086636,4238.290746,4238.290746,3960381
11-05-2021,4215.765031,4237.668058,3988.132434,4189.349801,4189.349801,2460035
12-05-2021,4171.62581,4270.951499,3988.595952,4161.773912,4161.773912,4226347
13-05-2021,4022.551968,4046.984529,3931.682345,4002.717673,4002.717673,4250475
14-05-2021,4079.68638,4194.712208,3867.730925,4057.868768,4057.868768,5625235
15-05-2021,3994.313292,4011.59331,3875.651473,3968.866223,3968.866223,3878585
16-05-2021,3956.907037,4101.38575,3935.267964,3994.13169,3994.13169,3062812
17-05-2021,3938.00604,4090.005987,3831.822353,3963.692105,3963.692105,4211280
18-05-2021,3942.492523,4080.038693,3835.89103,3929.571032,3929.571032,3408356
19-05-2021,3863.798347,3956.562894,3871.811006,3897.744243,3897.744243,4046251
20-05-2021,3915.769145,3977.441261,3738.615341,3900.976864,3900.976864,3319059
21-05-2021,3997.840964,4012.445191,3976.698492,4001.117587,4001.117587,2579048
22-05-2021,4031.210573,4264.907222,3889.844973,4057.071468,4057.071468,2153390
23-05-2021,4322.657087,4382.976557,4271.677863,4335.890613,4335.890613,5179543
24-05-2021,4353.842353,4421.564438,4260.561382,4387.116848,4387.116848,4278736
25-05-2021,4401.213443,4603.446135,4098.606452,4370.313456,4370.313456,3401028
26-05-2021,4378.605112,4526.066019,4247.347167,4367.848901,4367.848901,3353324
27-05-2021,4310.066783,4519.474752,4173.771837,4317.972292,4317.972292,4247085
28-05-2021,4365.207794,4546.12496,4274.73207,4360.510074,4360.510074,3620097
29-05-2021,4299.860713,4470.283872,4058.530697,4332.19203,4332.19203,4645353
30-05-2021,4350.670846,4524.236992,4170.172896,4387.13744,4387.13744,2933915
31-05-2021,4374.856957,4423.855651,4252.586522,4332.009735,4332.009735,4516822
01-06-2021,4272.406041,4352.873265,4194.592923,4280.75438,4280.75438,2007930
02-06-2021,4210.295226,4414.052239,3942.988413,4183.878415,4183.878415,3655603
03-06-2021,4041.949888,4145.473896,3909.494195,4049.315093,4049.315093,5048506
04-06-2021,4033.032414,4101.695588,3952.963861,4048.387091,4048.387091,5013478
05-06-2021,4039.112076,4086.214511,4000.466453,4065.339403,4065.339403,4293995
06-06-2021,3984.164822,4047.14309,3850.025083,3996.368316,3996.368316,3997702
07-06-2021,3974.21753,4166.626462,3780.837407,3996.788518,3996.788518,3066560
08-06-2021,3943.167128,4066.230806,3888.667274,3946.565843,3946.565843,3390001
09-06-2021,3920.492778,4066.615011,3824.720961,3938.966417,3938.966417,4593047
10-06-2021,4027.017993,4105.213171,3970.955715,3999.286108,3999.286108,3332139
11-06-2021,4085.482832,4118.025357,3920.285359,4051.067037,4051.067037,3487032
12-06-2021,4076.7257,4180.654373,4070.780091,4102.418043,4102.418043,3025280
13-06-2021,3988.517438,4072.126683,3902.216304,3971.827372,3971.827372,2600842
14-06-2021,3878.264263,4137.486542,3723.083442,3907.118384,3907.118384,1882703
15-06-2021,3932.666285,3988.593283,3697.525679,3929.534716,3929.534716,2633545
16-06-2021,3940.53834,3961.839412,3678.777562,3926.805829,3926.805829,4773141
17-06-2021,3983.464686,4147.80884,3860.882654,3982.828528,3982.828528,4214340
18-06-2021,3996.45872,4041.656194,3788.650139,3970.307336,3970.307336,3721731
19-06-2021,3922.45322,4107.717732,3813.914826,3957.611475,3957.611475,3079119
20-06-2021,3973.412721,4071.952796,3830.599991,3957.096712,3957.096712,1964326
21-06-2021,3967.935097,4082.384477,3882.891085,3970.305622,3970.305622,4158312
22-06-2021,3911.50307,4109.216308,3802.610814,3902.934863,3902.934863,4340713
23-06-2021,3800.129748,3881.258409,3792.958221,3836.707296,3836.707296,4394113
24-06-2021,3827.344925,3992.040171,3681.917514,3843.000112,3843.000112,3172341
25-06-2021,3928.981054,4146.0289,3912.065448,3942.004263,3942.004263,2228573
26-06-2021,3995.45023,4117.97393,3891.570477,3958.286053,3958.286053,5731587
27-06-2021,3965.570728,4199.274853,3808.684262,3936.184592,3936.184592,2840790
28-06-2021,3983.863369,4178.371387,3803.336624,4007.169029,4007.169029,5162436
29-06-2021,4051.15082,4046.685598,3855.28166,4012.903071,4012.903071,4882995
30-06-2021,3987.030885,4115.603673,3810.523717,3951.049244,3951.049244,5620173
01-07-2021,3920.818239,4165.594306,3838.352103,3949.859447,3949.859447,2704665
02-07-2021,4025.200049,4041.521144,3863.695983,4003.531654,4003.531654,5775192
03-07-2021,3959.483895,4165.901769,3971.407127,3995.992046,3995.992046,3913433
04-07-2021,4012.627844,4037.381441,3897.581339,3996.376226,3996.376226,2638160
05-07-2021,4075.855065,4136.818928,3893.194103,4048.3808,4048.3808,3429082
06-07-2021,4078.192392,4127.748577,3999.102387,4069.928911,4069.928911,3536607
07-07-2021,3950.10479,4011.894861,3756.960646,3978.848808,3978.848808,4741327
08-07-2021,3967.206755,4114.461227,3952.360289,4004.282283,4004.282283,4788543
09-07-2021,4016.525926,4096.609644,3775.133026,4045.72787,4045.72787,4694077
10-07-2021,4046.444817,4118.477037,3922.14145,4043.196831,4043.196831,4980958
11-07-2021,4159.974081,4207.850327,3979.512658,4137.734165,4137.734165,2258995
12-07-2021,4107.23964,4231.505326,3847.431915,4102.572608,4102.572608,2361875
13-07-2021,4072.329792,4140.369336,4012.16156,4033.807867,4033.807867,4454292
14-07-2021,4159.755019,4217.173631,4028.833891,4146.904244,4146.904244,3495702
15-07-2021,3980.322822,4044.980282,3871.715735,3988.416299,3988.416299,3889442
16-07-2021,3941.581779,4050.614174,3721.703846,3979.161071,3979.161071,2767185
17-07-2021,3950.577077,4061.771046,3915.666459,3935.186204,3935.186204,3538859
18-07-2021,4000.796698,4045.791982,3678.100583,3968.467027,3968.467027,2933294
19-07-2021,3907.064481,3968.984636,3696.610373,3937.916382,3937.916382,5355162
20-07-2021,3916.265994,3973.950701,3904.322777,3935.673704,3935.673704,4331932
21-07-2021,3931.069955,4155.100327,3879.581651,3920.186573,3920.186573,3147601
22-07-2021,3913.466135,4000.191784,3881.18392,3936.993958,3936.993958,4096860
23-07-2021,3981.22226,4147.962772,3801.917296,3963.000138,3963.000138,4134920
24-07-2021,3854.521586,3959.01973,3810.135202,3889.62944,3889.62944,3715583
25-07-2021,3888.209486,4081.546608,3836.679387,3864.026424,3864.026424,4709326
26-07-2021,3841.399352,3924.343872,3849.812241,3871.520812,3871.520812,5287532
27-07-2021,3955.231327,3989.552577,3741.09716,3921.647494,3921.647494,4206486
28-07-2021,3958.98987,3996.178513,3838.010246,3953.687229,3953.687229,5527915
29-07-2021,3944.27648,4007.050836,3891.611553,3969.973065,3969.973065,2808054
30-07-2021,3921.240047,3987.553116,3905.36131,3935.471546,3935.471546,5394907
31-07-2021,3907.796836,4080.827777,3726.584997,3913.73456,3913.73456,2221286
01-08-2021,3762.288815,3879.191047,3689.503744,3793.641828,3793.641828,4987811
02-08-2021,3865.263027,3964.981237,3793.188006,3845.19129,3845.19129,3238768
03-08-2021,3868.58802,4047.911458,3745.655109,3830.396434,3830.396434,4622781
04-08-2021,3873.298109,3956.403671,3828.840567,3874.33941,3874.33941,3445241
05-08-2021,3868.776138,3908.905875,3788.736049,3838.874975,3838.874975,3671583
06-08-2021,3827.547009,3965.081533,3725.575416,3846.246396,3846.246396,3044045
07-08-2021,3864.237787,3873.216428,3589.237947,3831.089742,3831.089742,2729481
08-08-2021,3853.009367,3921.558197,3756.512587,3843.878036,3843.878036,3490609
09-08-2021,3814.559321,3858.513311,3739.948116,3800.315296,3800.315296,3658877
10-08-2021,3881.161469,3914.169713,3815.060863,3844.513491,3844.513491,4091424
11-08-2021,3841.726151,3926.367679,3805.017693,3860.392613,3860.392613,3374084
12-08-2021,3763.005735,3911.735052,3742.783671,3774.001679,3774.001679,6172965
13-08-2021,3870.289437,3895.744492,3763.041208,3842.434273,3842.434273,2527022
14-08-2021,3878.239689,3926.988728,3843.3717,3873.826838,3873.826838,3369574
15-08-2021,3936.102267,4083.742776,3822.396861,3900.355858,3900.355858,3296792
16-08-2021,3899.75828,3972.426476,3855.60869,3908.237158,3908.237158,4919756
17-08-2021,3889.06284,3969.747652,3864.592946,3928.162431,3928.162431,4753804
18-08-2021,4025.849305,4033.542729,3872.132284,3986.270572,3986.270572,4025673
19-08-2021,4040.197035,4171.796683,3876.236861,4035.91589,4035.91589,1807298
20-08-2021,4001.463967,4167.706394,3826.855905,4026.187273,4026.187273,3843508
21-08-2021,4092.234676,4077.408222,3892.481103,4058.892335,4058.892335,3962003
22-08-2021,3974.711104,4177.84475,3899.505338,4012.953408,4012.953408,4729341
23-08-2021,3987.89812,4102.254752,3900.22981,4005.226147,4005.226147,4025036
24-08-2021,4050.261334,4168.445702,3967.942037,4014.185144,4014.185144,4631138
25-08-2021,4070.461831,4109.86927,3974.355343,4048.939079,4048.939079,3498612
26-08-2021,4037.316478,4286.557991,3877.333249,4078.059758,4078.059758,4805593
27-08-2021,4120.744016,4314.415332,3886.057231,4118.189657,4118.189657,2848054
28-08-2021,4129.392756,4190.719565,3927.726967,4126.362386,4126.362386,3928958
29-08-2021,4032.792837,4109.268483,3877.782465,4043.232776,4043.232776,5368551
30-08-2021,4059.706788,4088.310318,3986.885509,4038.058963,4038.058963,5283993
31-08-2021,4066.175956,4255.85644,3953.622648,4054.767223,4054.767223,3352591
01-09-2021,4040.128796,4075.205485,3972.656755,4057.837588,4057.837588,4305577
02-09-2021,4085.326569,4182.411054,4030.942405,4067.641396,4067.641396,3401259
03-09-2021,4052.955803,4068.505479,4029.565187,4057.891164,4057.891164,4007778
04-09-2021,3992.552294,4068.662504,3988.399823,4005.467781,4005.467781,3622053
05-09-2021,3974.125454,4047.047676,3931.723517,4000.312419,4000.312419,3127738
06-09-2021,3965.364634,4184.73838,3819.819076,4001.283939,4001.283939,4421219
07-09-2021,3828.209599,3901.158675,3679.95735,3851.93275,3851.93275,4483752
08-09-2021,3820.305883,3973.460744,3677.107564,3855.595607,3855.595607,4276863
09-09-2021,3844.01577,3985.533339,3820.721183,3863.798505,3863.798505,2935536
10-09-2021,3886.643372,3939.06754,3826.426723,3868.772158,3868.772158,2782172
11-09-2021,3963.777128,4110.481726,3756.414328,3928.549839,3928.549839,4283243
12-09-2021,3955.490746,4077.17488,3737.337021,3945.728392,3945.728392,4292862
13-09-2021,3994.626527,4136.473268,3894.840326,4014.343567,4014.343567,5945796
14-09-2021,4095.230312,4207.024113,3979.292808,4125.715174,4125.715174,4333782
15-09-2021,4140.44474,4241.753527,4011.488429,4116.695373,4116.695373,3003123
16-09-2021,4113.338719,4125.909889,4012.701606,4074.822651,4074.822651,3756408
17-09-2021,4027.698495,4222.258617,3802.766527,4066.855203,4066.855203,3886195
18-09-2021,4075.765265,4187.594159,4004.876731,4052.508149,4052.508149,2775885
19-09-2021,4039.949889,4085.973062,3846.279013,4001.962838,4001.962838,1843234
20-09-2021,4061.407908,4137.793168,3984.434087,4062.654376,4062.654376,2736808
21-09-2021,4012.886954,4092.091492,4023.620386,4052.662217,4052.662217,5424310
22-09-2021,4004.545163,4060.449852,3803.883304,4000.306387,4000.306387,3098971
23-09-2021,3973.460867,4093.679224,3911.318002,4002.534973,4002.534973,4301158
24-09-2021,4010.718838,4181.177414,3938.977735,3994.426962,3994.426962,3070929
25-09-2021,4047.853216,4171.459164,3938.584769,4010.23643,4010.23643,3441203
26-09-2021,3994.689349,4130.66848,3934.679817,3982.993678,3982.993678,4298538
27-09-2021,4085.687621,4141.132113,4022.873977,4092.100409,4092.100409,4268411
28-09-2021,4181.431493,4254.808591,4019.094564,4140.25795,4140.25795,5584414
29-09-2021,4075.778186,4183.552474,4011.955547,4113.556762,4113.556762,4949496
30-09-2021,4063.316269,4173.49844,4026.503082,4097.801151,4097.801151,1582417
01-10-2021,4048.801623,4065.827529,3875.499946,4051.360696,4051.360696,2686998
02-10-2021,4056.090452,4110.844391,3960.283974,4028.025894,4028.025894,2440290
03-10-2021,4062.401875,4252.415562,3906.928444,4082.828063,4082.828063,5973514
04-10-2021,4070.843558,4267.896187,3922.76548,4048.935722,4048.935722,4999607
05-10-2021,4082.708828,4135.612027,3936.245119,4051.274437,4051.274437,4365867
06-10-2021,3991.017555,4191.739438,3899.603373,4020.419592,4020.419592,4687791
07-10-2021,4095.216323,4185.901205,4022.940106,4072.474147,4072.474147,2496668
08-10-2021,4135.318563,4120.17224,4062.398209,4100.302809,4100.302809,3832779
09-10-2021,4056.581084,4163.19361,4022.64421,4050.874109,4050.874109,2327548
10-10-2021,4035.725447,4106.997858,3814.245989,4028.209579,4028.209579,1263252
11-10-2021,4108.494258,4271.670282,4005.888612,4086.750623,4086.750623,5068742
12-10-2021,4026.321261,4244.701911,3962.627475,4031.303114,4031.303114,4864677
13-10-2021,4014.841619,4091.054488,3969.217864,4016.325148,4016.325148,4692668
14-10-2021,4012.935551,4201.075834,3925.559475,4048.99096,4048.99096,3966306
15-10-2021,4135.250906,4182.932741,4055.981584,4110.189087,4110.189087,4902596
16-10-2021,4121.942674,4330.980598,3959.151072,4107.988641,4107.988641,3013134
17-10-2021,4155.411237,4169.750331,4015.033921,4142.797966,4142.797966,4783474
18-10-2021,4154.154488,4214.174331,4087.480218,4182.610606,4182.610606,912256
19-10-2021,4249.332528,4249.304798,4180.555956,4220.459566,4220.459566,2175650
20-10-2021,4193.316567,4327.463607,4106.446932,4225.121289,4225.121289,3960783
21-10-2021,4198.619257,4299.046089,4149.499686,4205.214798,4205.214798,4585274
22-10-2021,4078.749852,4203.962577,4018.523554,4112.402711,4112.402711,4093126
23-10-2021,4115.399414,4233.466757,3976.306237,4095.838405,4095.838405,3361859
24-10-2021,4132.445838,4402.700998,4086.344395,4129.7533,4129.7533,3307167
25-10-2021,4197.945714,4375.910527,4103.259707,4187.041641,4187.041641,3915488
26-10-2021,4159.503139,4248.14449,4073.352409,4172.717849,4172.717849,4534185
27-10-2021,4080.990921,4179.208454,4036.889207,4082.354055,4082.354055,3468405
28-10-2021,4151.683805,4249.080683,3946.32797,4171.216835,4171.216835,3880670
29-10-2021,4070.980205,4148.038816,4079.486186,4098.715396,4098.715396,3782053
30-10-2021,4320.426701,4400.541268,4222.306317,4338.225936,4338.225936,4105854
31-10-2021,4372.979642,4453.709754,4211.898579,4392.706929,4392.706929,2163014
01-11-2021,4408.49186,4429.162601,4292.925719,4397.546389,4397.546389,2144553
02-11-2021,4299.689467,4447.218235,4194.097229,4315.795107,4315.795107,3351645
03-11-2021,4334.702736,4348.716445,4259.626154,4329.389841,4329.389841,3746386
04-11-2021,4341.265765,4385.453948,4277.042124,4335.584963,4335.584963,4254770
05-11-2021,4334.338795,4456.26058,4133.065816,4302.960448,4302.960448,2980746
06-11-2021,4340.315146,4421.863443,4146.393645,4306.529138,4306.529138,3507009
07-11-2021,4241.657515,4319.434634,4115.770072,4257.41838,4257.41838,2460548
08-11-2021,4225.255427,4250.42083,4140.434411,4210.914013,4210.914013,3550752
09-11-2021,4180.05157,4226.954038,4078.441161,4176.697913,4176.697913,5798756
10-11-2021,4153.273292,4330.374787,4010.925803,4173.787357,4173.787357,5253712
11-11-2021,4170.060365,4248.164188,3970.92724,4140.060654,4140.060654,4670872
12-11-2021,4170.160121,4257.772743,3972.422092,4155.320744,4155.320744,3705205
13-11-2021,4220.032968,4336.581666,4114.183507,4236.673322,4236.673322,4232849
14-11-2021,4333.605821,4394.332919,4188.097382,4295.444868,4295.444868,2199954
15-11-2021,4235.932607,4306.523933,4208.003215,4229.236017,4229.236017,4647200
16-11-2021,4251.032412,4384.303397,4173.084958,4265.03181,4265.03181,3757460
17-11-2021,4279.504935,4395.032207,4089.961893,4256.771049,4256.771049,2647376
18-11-2021,4334.08075,4464.239498,4280.791041,4321.344638,4321.344638,3667509
19-11-2021,4349.84862,4396.73947,4284.504125,4352.424506,4352.424506,3345708
20-11-2021,4318.492053,4468.705068,4175.109208,4297.043721,4297.043721,4132470
21-11-2021,4297.095665,4403.758445,4054.49149,4328.533772,4328.533772,3632250
22-11-2021,4351.03253,4423.397719,4185.703942,4387.900933,4387.900933,3608330
23-11-2021,4513.380408,4581.317859,4233.454306,4523.35385,4523.35385,3275630
24-11-2021,4557.171223,4726.477054,4331.345232,4523.480392,4523.480392,3339423
25-11-2021,4589.415326,4819.058255,4462.482834,4608.780514,4608.780514,4252140
26-11-2021,4725.181196,4821.372628,4636.831715,4753.427457,4753.427457,6187609
27-11-2021,4858.525335,4957.91486,4759.771813,4812.156538,4812.156538,4401163
28-11-2021,4701.77128,4931.153086,4548.238437,4703.254633,4703.254633,5014670
29-11-2021,4699.3318,4748.763132,4537.946032,4659.962588,4659.962588,2714273
30-11-2021,4660.704671,4794.568735,4615.29001,4696.833973,4696.833973,3046104
01-12-2021,4869.894905,4954.407102,4805.314378,4842.365748,4842.365748,3477593
02-12-2021,4978.8602,5112.419214,4914.083795,4954.744701,4954.744701,3574403
03-12-2021,4954.97121,5022.285083,4833.980999,4968.941934,4968.941934,5371177
04-12-2021,4907.640113,5154.358998,4835.599053,4948.927583,4948.927583,3697851
05-12-2021,4931.140108,5039.674791,4920.772603,4978.543388,4978.543388,3771997
06-12-2021,5000.080705,5216.988136,4912.898135,4987.064364,4987.064364,3712709
07-12-2021,4932.654278,4938.029609,4840.000009,4895.740487,4895.740487,2884435
08-12-2021,4903.043025,4999.940228,4641.608644,4881.353354,4881.353354,4183688
09-12-2021,4902.978825,5140.637657,4618.562618,4922.627234,4922.627234,1847779
10-12-2021,5055.838487,5259.186447,4865.695594,5045.433139,5045.433139,3501278
11-12-2021,5045.424138,5158.969809,5043.326021,5081.40959,5081.40959,1747523
12-12-2021,5093.504403,5210.864106,5020.947007,5058.317522,5058.317522,4037405
13-12-2021,5027.711094,5163.68224,4936.671959,5012.232929,5012.232929,3293524
14-12-2021,4876.977099,4948.40898,4692.82609,4904.930843,4904.930843,4138747
15-12-2021,4958.436861,4999.734778,4753.49454,4927.391644,4927.391644,4368824
16-12-2021,5026.918866,5208.215179,4903.386317,5031.900566,5031.900566,2523702
17-12-2021,5053.570451,5254.839567,4935.206993,5075.318935,5075.318935,3310400
18-12-2021,4956.299531,5113.410057,4785.684371,4954.583904,4954.583904,6042705
19-12-2021,5658.509072,5920.017808,5438.576888,5654.722895,5654.722895,3738488
20-12-2021,5703.691076,5830.240819,5564.133342,5751.89555,5751.89555,4181678
21-12-2021,5754.287557,5904.633988,5618.730614,5769.930394,5769.930394,4275261
22-12-2021,5723.4815,5834.006898,5519.699327,5780.546825,5780.546825,2955810
23-12-2021,5805.987287,6062.93806,5713.712854,5760.154209,5760.154209,2555563
24-12-2021,5726.647949,5794.857192,5606.098763,5733.8045,5733.8045,3806898
25-12-2021,5757.538185,5774.91192,5475.135515,5730.217388,5730.217388,5381113
26-12-2021,5720.381179,5812.618295,5497.287521,5704.939514,5704.939514,3670896
27-12-2021,5703.242016,5770.177261,5503.159171,5653.135782,5653.135782,3696569
28-12-2021,5606.071908,5875.099611,5602.920721,5641.566076,5641.566076,5006606
29-12-2021,5750.901898,5920.878766,5631.547229,5761.222486,5761.222486,4598015
30-12-2021,5919.945501,5998.341104,5680.260095,5912.914245,5912.914245,5527167
31-12-2021,5839.718668,5881.048196,5680.0426,5831.924376,5831.924376,3361816
01-01-2022,5909.833878,6010.681087,5760.385974,5932.564826,5932.564826,3442371
02-01-2022,5884.044176,5938.855423,5699.729067,5919.132671,5919.132671,3322213
03-01-2022,6074.007257,6427.914267,5827.276775,6080.10272,6080.10272,5725733
04-01-2022,6074.08602,6123.37072,5776.462246,6033.960764,6033.960764,3885361
05-01-2022,6057.508146,6236.486922,5858.829087,6054.082695,6054.082695,3774947
06-01-2022,6112.472411,6227.371575,5932.266524,6144.478788,6144.478788,4970265
07-01-2022,6169.24075,6248.841176,5994.240882,6120.39256,6120.39256,3044361
08-01-2022,6169.85819,6304.50084,6033.06818,6138.184399,6138.184399,3351037
09-01-2022,6048.801989,6255.656249,5927.496511,6097.382407,6097.382407,3927001
10-01-2022,6109.515539,6189.99477,5962.218607,6062.42379,6062.42379,4212373
11-01-2022,5946.429735,6039.713499,5803.296547,5954.521165,5954.521165,3287883
12-01-2022,5855.757539,6045.912502,5660.152217,5865.142126,5865.142126,3691781
13-01-2022,5845.313654,5994.132953,5698.003016,5853.260997,5853.260997,4481868
14-01-2022,5830.037945,6021.971634,5780.312822,5852.499669,5852.499669,5316707
15-01-2022,5946.942901,6119.122247,5734.490903,5947.049259,5947.049259,4345100
16-01-2022,6031.468109,6267.45183,5744.962962,5986.719403,5986.719403,4383391
17-01-2022,5950.726227,6118.068704,5855.468721,5993.314993,5993.314993,4916129
18-01-2022,5936.181321,6115.973435,5875.399546,5937.773766,5937.773766,4092694
19-01-2022,5924.285452,6034.185577,5683.911807,5932.705472,5932.705472,3389294
20-01-2022,5827.905081,6007.041184,5634.468257,5808.650689,5808.650689,4138665
21-01-2022,5766.572828,5998.094137,5623.680045,5817.562156,5817.562156,2875188
22-01-2022,5739.545138,5815.701755,5566.553737,5768.633655,5768.633655,3467365
23-01-2022,5777.467614,6013.555335,5634.168937,5798.095,5798.095,4008799
24-01-2022,5871.574461,5909.867984,5726.846831,5836.303043,5836.303043,3250782
25-01-2022,5762.311731,6034.474314,5668.862674,5801.959829,5801.959829,2485674
26-01-2022,5827.900481,5907.088163,5718.088447,5779.654146,5779.654146,2694091
27-01-2022,5711.263466,5899.927759,5562.736775,5734.739325,5734.739325,4777718
28-01-2022,5674.537928,5705.155695,5560.345662,5638.878296,5638.878296,3813422
29-01-2022,5633.765853,5744.87355,5553.854781,5662.168742,5662.168742,3108075
30-01-2022,5678.670517,5778.658153,5501.400282,5689.058298,5689.058298,4229154
31-01-2022,5626.208338,5944.222504,5324.551797,5671.177578,5671.177578,3066512
01-02-2022,5680.26092,5755.54916,5409.552726,5685.78396,5685.78396,3431288
02-02-2022,5662.679285,6036.821489,5569.715151,5665.28544,5665.28544,5310167
03-02-2022,5714.222723,5966.253213,5633.783549,5740.848731,5740.848731,2838655
04-02-2022,5798.974966,5901.812417,5727.950904,5747.618627,5747.618627,2829631
05-02-2022,5811.387615,6029.253627,5698.122176,5817.921884,5817.921884,3729452
06-02-2022,5771.460151,5941.862875,5662.608156,5818.759815,5818.759815,1801748
07-02-2022,5749.679632,6091.000132,5456.540568,5709.317445,5709.317445,4425605
08-02-2022,5797.069589,5807.231183,5697.13187,5755.752802,5755.752802,3537315
09-02-2022,5803.51411,6041.959639,5694.116001,5854.790207,5854.790207,3187995
10-02-2022,5872.24554,6157.229282,5761.352031,5863.036702,5863.036702,2970988
11-02-2022,5804.096959,6063.637592,5512.119088,5809.24474,5809.24474,3279561
12-02-2022,5708.027121,5921.914059,5397.074615,5731.484363,5731.484363,5743366
13-02-2022,5740.145728,5892.605787,5549.464439,5737.092793,5737.092793,2704888
14-02-2022,5765.134207,5977.804891,5667.932539,5718.977649,5718.977649,4049426
15-02-2022,5814.69957,5943.373415,5820.805008,5841.170362,5841.170362,4393885
16-02-2022,5837.539038,5853.758372,5599.654081,5815.052691,5815.052691,3984665
17-02-2022,5972.050575,6140.282716,5708.700351,5973.192298,5973.192298,3769909
18-02-2022,5598.286183,5827.661195,5489.107261,5633.678452,5633.678452,2669989
19-02-2022,5549.765692,5588.714518,5456.143415,5534.025899,5534.025899,3903258
20-02-2022,5640.339506,5693.333992,5323.6451,5594.09668,5594.09668,4262778
21-02-2022,5553.464327,5683.960886,5474.874568,5530.246221,5530.246221,2330692
22-02-2022,5495.953491,5833.502901,5271.108137,5531.341314,5531.341314,4200103
23-02-2022,5599.936839,5683.843092,5205.273442,5577.142647,5577.142647,3805587
24-02-2022,5511.181056,5595.884448,5318.18014,5523.07959,5523.07959,4306792
25-02-2022,5501.844478,5670.387764,5357.401919,5508.701778,5508.701778,3882751
26-02-2022,5452.039696,5789.178341,5291.693613,5484.345403,5484.345403,3752169
27-02-2022,5494.156557,5591.82019,5325.478232,5497.300996,5497.300996,3726328
28-02-2022,5476.528529,5583.098399,5456.245844,5484.411999,5484.411999,5078393
01-03-2022,5641.122326,5767.354285,5501.377492,5636.047634,5636.047634,4994349
02-03-2022,5667.941229,5710.815059,5578.817047,5614.544588,5614.544588,3697917
03-03-2022,5672.050985,5693.11367,5561.491798,5617.506723,5617.506723,5517107
04-03-2022,5457.391928,5666.479975,5425.99924,5460.250928,5460.250928,1517249
05-03-2022,5009.632632,5033.89054,4681.140526,5004.852339,5004.852339,3381170
06-03-2022,4886.491903,4998.932847,4770.293275,4901.830707,4901.830707,2815433
07-03-2022,4944.18021,5112.148987,4777.814463,4916.959814,4916.959814,4587476
08-03-2022,4964.991575,5006.909069,4706.340163,4927.420797,4927.420797,2042751
09-03-2022,4880.491576,5213.711309,4822.811491,4877.336287,4877.336287,2463356
10-03-2022,4959.030623,5160.068364,4695.048836,4911.763245,4911.763245,4428232
11-03-2022,4913.416149,4944.053589,4774.004348,4894.055242,4894.055242,3647879
12-03-2022,4933.264592,4978.33176,4826.962838,4902.7768,4902.7768,5347711
13-03-2022,4945.782835,4959.259019,4826.894523,4897.690808,4897.690808,4980808
14-03-2022,5002.437655,5142.573381,4918.739167,4995.421876,4995.421876,3248216
15-03-2022,5037.578201,5190.002256,4892.181389,5036.57424,5036.57424,2160057
16-03-2022,5065.658168,5154.148268,4852.320923,5035.683555,5035.683555,5859765
17-03-2022,4932.223969,5180.764,4714.177179,4925.234283,4925.234283,3499173
18-03-2022,4884.426255,5053.254631,4829.929425,4901.195257,4901.195257,2990288
19-03-2022,4923.921371,5160.319995,4909.170088,4959.100265,4959.100265,5818972
20-03-2022,4936.452817,5111.132256,4716.780199,4910.084671,4910.084671,2267039
21-03-2022,4852.52371,5180.175654,4802.171876,4884.142233,4884.142233,5023066
22-03-2022,4970.297221,4998.887384,4892.731937,4932.000827,4932.000827,7000135
23-03-2022,4822.705426,5067.740292,4775.996801,4828.8711,4828.8711,4858406
24-03-2022,4844.892032,4853.947981,4601.0442,4813.429807,4813.429807,3669694
25-03-2022,4897.392066,5067.774711,4844.566501,4910.37438,4910.37438,4477672
26-03-2022,4938.148849,4994.87287,4738.478502,4933.693676,4933.693676,1119769
27-03-2022,5012.267922,5193.94676,4899.335596,5019.489306,5019.489306,2227376
28-03-2022,5064.060628,5256.841652,4919.535199,5023.290181,5023.290181,2648654
29-03-2022,4923.145452,5107.592455,4941.436908,4964.38836,4964.38836,3143206
30-03-2022,4942.808545,5082.490371,4745.051921,4959.596931,4959.596931,6039073
31-03-2022,5048.412125,5104.806898,4809.284985,5031.221995,5031.221995,2298120
01-04-2022,4933.135213,5194.359716,4902.697084,4972.485364,4972.485364,3772503
02-04-2022,5023.486411,5350.114419,4948.65868,4980.995971,4980.995971,4009109
03-04-2022,5084.022486,5360.158675,4792.592236,5050.653023,5050.653023,4135433
04-04-2022,5063.549994,5323.490336,4779.757482,5053.552348,5053.552348,3881342
05-04-2022,5221.129959,5350.839385,4973.355181,5174.818507,5174.818507,2875580
06-04-2022,5421.870575,5787.043185,5247.367305,5423.200402,5423.200402,2204354
07-04-2022,5397.80094,5464.806573,5136.411506,5382.043684,5382.043684,4607944
08-04-2022,5310.176266,5463.867634,4984.77511,5307.258638,5307.258638,4022019
09-04-2022,5276.157959,5281.433498,5098.520237,5257.619644,5257.619644,5472245
10-04-2022,5344.868622,5436.100806,5263.74126,5302.325351,5302.325351,2415516
11-04-2022,5380.098979,5495.945971,5191.165933,5337.266392,5337.266392,4231254
12-04-2022,5419.436144,5637.420311,5214.239295,5410.850152,5410.850152,1761965
13-04-2022,5421.661119,5570.773665,5071.722733,5380.73909,5380.73909,2044065
14-04-2022,5351.644905,5443.369331,5330.34605,5394.686024,5394.686024,3535430
15-04-2022,5269.810528,5449.765997,5234.028471,5294.809197,5294.809197,4665747
16-04-2022,5427.270555,5667.432996,5272.710789,5476.456843,5476.456843,2883479
17-04-2022,5540.314724,5593.089645,5259.990808,5540.083967,5540.083967,4652734
18-04-2022,5595.367458,5606.493263,5306.47366,5554.443925,5554.443925,4195595
19-04-2022,5604.155,5709.583541,5546.431474,5623.069647,5623.069647,3093162
20-04-2022,5537.25377,5626.385167,5198.447423,5499.674277,5499.674277,2527000
21-04-2022,5550.599337,5598.94533,5401.150392,5507.544013,5507.544013,4249465
22-04-2022,5520.766456,5582.039015,5370.05777,5509.354367,5509.354367,3487424
23-04-2022,5489.828334,5525.950126,5392.359762,5438.80022,5438.80022,3140593
24-04-2022,5477.630799,5570.262429,5398.885405,5474.821883,5474.821883,3087870
25-04-2022,5365.662834,5524.668416,5290.976042,5399.051584,5399.051584,2596435
26-04-2022,5436.975616,5461.911696,5304.924435,5383.185368,5383.185368,3156922
27-04-2022,5385.166935,5507.755121,5162.731659,5376.424787,5376.424787,3942431
28-04-2022,5383.056362,5474.090032,5183.999661,5422.250304,5422.250304,2982299
29-04-2022,5355.691103,5577.525589,5105.569135,5379.358209,5379.358209,2387500
30-04-2022,5343.527408,5500.374176,5239.793344,5338.749678,5338.749678,4488264
01-05-2022,5307.612245,5449.487628,5304.402916,5359.678032,5359.678032,1453794
02-05-2022,5414.512029,5420.204427,5313.832725,5391.465602,5391.465602,3877606
03-05-2022,5518.727974,5628.789949,5252.556152,5537.402499,5537.402499,3590694
04-05-2022,5465.919204,5627.257072,5424.780565,5511.011981,5511.011981,3354297
05-05-2022,5505.7181,5531.545541,5170.539836,5508.953141,5508.953141,4330841
06-05-2022,5499.389779,5562.380927,5397.543697,5498.1415,5498.1415,3107848
07-05-2022,5452.877101,5524.362197,5332.421395,5505.31558,5505.31558,2613565
08-05-2022,5372.538063,5609.363715,5112.494466,5330.06702,5330.06702,4128647
09-05-2022,5409.570913,5570.205311,5186.768953,5391.103902,5391.103902,4343718
10-05-2022,5415.586907,5654.707036,5097.751579,5372.744008,5372.744008,5269987
11-05-2022,5327.523804,5493.838128,5166.834827,5320.459326,5320.459326,3272976
12-05-2022,5379.325406,5440.452774,5238.574924,5326.733478,5326.733478,4587696
13-05-2022,5366.6364,5497.107045,5123.968614,5329.791287,5329.791287,3127716
14-05-2022,5194.360167,5550.394835,4956.197446,5212.313685,5212.313685,2966226
15-05-2022,5230.693208,5277.39837,4971.320475,5209.523202,5209.523202,3761415
16-05-2022,5232.538736,5400.07052,5144.597896,5280.280714,5280.280714,4187491
17-05-2022,5359.173037,5659.146273,5290.824564,5404.00453,5404.00453,3169038
18-05-2022,5396.932423,5536.232214,5297.769009,5409.641148,5409.641148,2514112
19-05-2022,5377.713275,5463.915184,5224.021113,5411.830875,5411.830875,2493814
20-05-2022,5434.952473,5682.840851,5343.157128,5461.949595,5461.949595,3139811
21-05-2022,5454.97958,5620.806409,5318.708751,5485.262243,5485.262243,3100591
22-05-2022,5452.812543,5645.409015,5358.113217,5473.983227,5473.983227,5869059
23-05-2022,5409.931262,5714.967999,5207.317582,5374.263973,5374.263973,4562541
24-05-2022,5289.916985,5520.862306,5164.931688,5342.823732,5342.823732,4843538
25-05-2022,5358.815002,5561.421825,5277.740542,5373.618381,5373.618381,5777008
26-05-2022,5505.315425,5579.157803,5312.583581,5474.33964,5474.33964,2773592
27-05-2022,5533.253298,5638.745714,5169.850941,5499.407894,5499.407894,3454652
28-05-2022,5600.443629,5730.311651,5529.610005,5549.926332,5549.926332,5967217
29-05-2022,5545.120516,5639.900654,5473.017856,5591.796773,5591.796773,3321168
30-05-2022,5544.967176,5623.392248,5397.749797,5537.109959,5537.109959,3574195
31-05-2022,5523.908412,5603.931003,5315.953441,5517.147441,5517.147441,4470512
01-06-2022,5454.196924,5538.92786,5165.029275,5452.32843,5452.32843,2324193
02-06-2022,5365.874757,5374.767385,5181.506735,5332.058572,5332.058572,5220501
03-06-2022,5333.851334,5540.289116,5193.642771,5341.603792,5341.603792,4194577
04-06-2022,5350.421519,5425.076942,5118.137115,5308.266164,5308.266164,4316000
05-06-2022,5285.540545,5328.563124,5130.745146,5288.174175,5288.174175,3271038
06-06-2022,5208.895621,5301.424456,5199.661822,5258.160375,5258.160375,4896604
07-06-2022,5412.419827,5634.527402,5318.091184,5423.596588,5423.596588,4540656
08-06-2022,5455.742997,5510.632871,5267.769275,5414.905205,5414.905205,2949336
09-06-2022,5326.211641,5695.506981,5095.633871,5329.001205,5329.001205,3457189
10-06-2022,5341.84251,5397.045161,5174.717394,5331.143719,5331.143719,4183499
11-06-2022,5316.570138,5392.918198,5140.726,5305.995434,5305.995434,5284358
12-06-2022,5191.28998,5513.681618,4889.816204,5170.429027,5170.429027,3157100
13-06-2022,5193.014149,5276.843046,5079.21136,5228.767414,5228.767414,2981157
14-06-2022,5527.498914,5838.657609,5371.653628,5520.246614,5520.246614,3361243
15-06-2022,5475.705352,5662.606544,5249.338171,5497.783122,5497.783122,4969245
16-06-2022,5436.586423,5654.07775,5334.460282,5448.142495,5448.142495,1955016
17-06-2022,5521.044137,5650.819615,5410.51955,5542.160092,5542.160092,6043902
18-06-2022,5528.438844,5697.394971,5289.733604,5582.049457,5582.049457,5336766
19-06-2022,5433.786044,5540.513513,5419.295924,5462.548715,5462.548715,2610987
20-06-2022,5422.229996,5515.124141,5324.076882,5433.026701,5433.026701,4997519
21-06-2022,5471.001788,5461.546032,5124.579876,5443.493575,5443.493575,5172098
22-06-2022,5377.4692,5628.664442,5260.484123,5422.191928,5422.191928,5435774
23-06-2022,5449.443499,5515.40258,5198.854903,5469.136078,5469.136078,2547601
24-06-2022,5558.893904,5904.539898,5450.647196,5611.879462,5611.879462,2427974
25-06-2022,5449.01567,5574.60413,5459.410301,5493.515076,5493.515076,3925421
26-06-2022,5419.859845,5588.058657,5153.116902,5393.867665,5393.867665,3338291
27-06-2022,5341.967948,5450.284322,5231.296546,5391.852589,5391.852589,3183737
28-06-2022,5487.404746,5607.486552,5249.368942,5442.411234,5442.411234,4224731
29-06-2022,5503.843702,5628.898351,5121.954875,5496.818151,5496.818151,4072255
30-06-2022,5481.438702,5637.045184,5339.83391,5495.691917,5495.691917,4342213
01-07-2022,5527.36032,5683.23152,5375.27858,5514.808159,5514.808159,5378285
02-07-2022,5443.00309,5525.34814,5277.821215,5438.607078,5438.607078,4590673
03-07-2022,5545.240753,5647.30309,5218.117094,5505.228097,5505.228097,5914603
04-07-2022,5546.595338,5575.660564,5278.756853,5542.412929,5542.412929,3043783
05-07-2022,5561.79242,5618.191844,5498.80088,5570.899366,5570.899366,4560403
06-07-2022,5689.040331,6030.015283,5466.498079,5678.127457,5678.127457,2458388
07-07-2022,5604.927559,5789.534682,5277.222128,5592.532217,5592.532217,6976516
08-07-2022,5761.639411,5846.395483,5578.013349,5748.178426,5748.178426,5034578
09-07-2022,5892.305978,6151.22377,5674.980998,5848.818519,5848.818519,3516425
10-07-2022,5834.775175,5921.318221,5787.077562,5864.034105,5864.034105,4094261
11-07-2022,5852.440519,5986.790285,5589.910801,5810.232991,5810.232991,3161342
12-07-2022,5837.636295,5864.455922,5657.496954,5815.440604,5815.440604,2977340
13-07-2022,5836.94441,6044.871742,5634.172992,5822.771016,5822.771016,2812042
14-07-2022,5681.179375,5941.251033,5643.408182,5696.323983,5696.323983,3488145
15-07-2022,5590.164154,5802.449069,5562.575037,5627.037191,5627.037191,5067678
16-07-2022,5521.167031,5668.149267,5509.846256,5545.216516,5545.216516,4928722
17-07-2022,5692.116909,6004.172871,5381.468515,5662.829371,5662.829371,3122771
18-07-2022,5573.093684,5811.673415,5386.719348,5585.998213,5585.998213,3636927
19-07-2022,5870.133743,5914.456544,5643.430552,5831.613136,5831.613136,3011643
20-07-2022,5691.725358,5968.170592,5416.116878,5703.074533,5703.074533,4568062
21-07-2022,5715.317492,5794.462755,5573.004188,5732.201057,5732.201057,4084677
22-07-2022,5900.149356,5989.17208,5779.540376,5881.810387,5881.810387,3235515
23-07-2022,5860.330563,6228.05192,5559.120916,5890.834093,5890.834093,4672393
24-07-2022,5704.661092,5884.049023,5370.520609,5713.735411,5713.735411,4622095
25-07-2022,5750.270912,5835.495055,5608.700947,5750.108568,5750.108568,3296404
26-07-2022,5688.235709,5754.375365,5546.55004,5705.842224,5705.842224,3082468
27-07-2022,5755.94569,6001.037593,5436.504225,5717.981579,5717.981579,3797520
28-07-2022,5839.148853,5952.333738,5711.36221,5814.214674,5814.214674,3229614
29-07-2022,5911.961303,6059.060111,5665.11135,5949.14776,5949.14776,1727095
30-07-2022,5841.815868,5910.754793,5765.499055,5843.91496,5843.91496,3884260
31-07-2022,5878.86642,6047.931373,5781.908348,5838.637613,5838.637613,5583441
01-08-2022,5880.633834,6075.731158,5505.82738,5850.473397,5850.473397,4299759
02-08-2022,5872.785254,5906.865265,5647.180135,5827.539664,5827.539664,4194210
03-08-2022,5602.693217,5757.001374,5520.75639,5599.927828,5599.927828,6194157
04-08-2022,5600.63549,5713.049836,5429.379417,5601.336533,5601.336533,4640848
05-08-2022,5514.740472,5787.134145,5185.127358,5559.040162,5559.040162,1924091
06-08-2022,5556.674784,5634.507106,5379.273481,5536.429203,5536.429203,3817254
07-08-2022,5732.502116,5802.117437,5460.314287,5686.99168,5686.99168,3910172
08-08-2022,5804.953857,5850.604758,5545.930071,5765.380961,5765.380961,2504898
09-08-2022,5738.338088,5942.759243,5708.642369,5792.231632,5792.231632,5295340
10-08-2022,5671.585497,5802.646894,5626.175274,5681.252491,5681.252491,5492951
11-08-2022,5832.130445,6056.768996,5410.459371,5798.119209,5798.119209,4005142
12-08-2022,5761.298898,5911.394142,5688.373254,5793.470151,5793.470151,4238024
13-08-2022,5855.341091,5961.67479,5772.882148,5888.919961,5888.919961,3050733
14-08-2022,6026.947622,6126.68684,5861.294922,6056.038274,6056.038274,2163430
15-08-2022,6074.034192,6086.915597,5925.514438,6028.70671,6028.70671,3104404
16-08-2022,6064.104745,6363.989484,6004.513909,6116.320518,6116.320518,4498042
17-08-2022,6108.573783,6338.239392,6072.272021,6119.547382,6119.547382,2571018
18-08-2022,6145.03043,6366.903806,5884.75105,6087.972766,6087.972766,3520570
19-08-2022,6182.692895,6338.193387,6076.144007,6215.32491,6215.32491,4606137
20-08-2022,5983.283172,6001.508813,5817.751027,5939.970467,5939.970467,2509791
21-08-2022,5847.628508,5944.286975,5767.140841,5901.395085,5901.395085,4679476
22-08-2022,5929.69294,6170.154279,5789.130624,5933.112572,5933.112572,2963649
23-08-2022,5903.886137,5953.204686,5745.959315,5935.603981,5935.603981,5817398
24-08-2022,5905.0593,6240.861653,5792.974115,5943.854302,5943.854302,4636362
25-08-2022,5948.059321,6080.191433,5800.153302,5921.770413,5921.770413,4591142
26-08-2022,5915.399579,6084.911808,5705.040671,5932.666224,5932.666224,3546827
27-08-2022,5775.912372,5963.405571,5642.12116,5827.724961,5827.724961,4446635
28-08-2022,5782.323753,5984.422458,5716.385013,5801.066151,5801.066151,3875655
29-08-2022,5992.551112,6081.151861,5823.705756,5958.825396,5958.825396,4170890
30-08-2022,5948.635697,6241.690137,5857.677598,5956.599259,5956.599259,4340460
31-08-2022,6117.487504,6278.504276,6012.397531,6096.551982,6096.551982,3264056
01-09-2022,6056.708424,6335.497609,6017.427538,6071.481513,6071.481513,3122213
02-09-2022,6186.62193,6287.618389,6041.843887,6155.705698,6155.705698,3113015
03-09-2022,5995.302247,6036.067014,5930.685941,5983.383627,5983.383627,4139652
04-09-2022,5925.991182,6222.919415,5620.323867,5985.789234,5985.789234,4037585
05-09-2022,6036.172836,6322.073268,5944.901392,5990.021235,5990.021235,4725261
06-09-2022,6066.025916,6145.986993,5962.529446,6056.977659,6056.977659,4252901
07-09-2022,5950.079555,6068.219229,5734.451638,6007.316517,6007.316517,2841597
08-09-2022,6021.163916,6035.421848,5784.119113,5990.981584,5990.981584,5001272
09-09-2022,5951.620314,6038.057912,5677.149519,5920.732859,5920.732859,4580057
10-09-2022,5822.800975,6228.007215,5717.775565,5867.859317,5867.859317,4414634
11-09-2022,5975.761783,6110.330878,5748.020119,5931.064118,5931.064118,4027894
12-09-2022,5927.341414,6016.024076,5717.370229,5909.005864,5909.005864,3687501
13-09-2022,6008.463957,6155.814087,5835.56684,5978.644178,5978.644178,4785388
14-09-2022,5954.209582,6107.61209,5676.849487,5966.167323,5966.167323,3130972
15-09-2022,6042.940332,6028.882866,5840.332735,5989.65784,5989.65784,5190019
16-09-2022,6002.066881,6067.428999,5735.243194,5997.47326,5997.47326,4318012
17-09-2022,6062.221721,6330.966385,5995.166672,6105.630602,6105.630602,3751865
18-09-2022,6098.209965,6155.948159,5948.65625,6093.075959,6093.075959,3416519
19-09-2022,6038.484662,6220.146413,5944.170563,6033.48672,6033.48672,3567703
20-09-2022,5892.354844,6014.36061,5736.707625,5902.826375,5902.826375,2946579
21-09-2022,5827.25384,5937.420967,5699.079793,5804.155629,5804.155629,5268455
22-09-2022,5683.450139,5749.998452,5472.173735,5694.611277,5694.611277,4391366
23-09-2022,5698.152668,5732.744104,5543.958004,5689.014359,5689.014359,3695587
24-09-2022,5888.013915,5944.58216,5776.54147,5842.521789,5842.521789,4561098
25-09-2022,5858.134993,6253.749256,5691.042311,5901.748975,5901.748975,4922403
26-09-2022,5934.373786,5983.320536,5876.498636,5953.319866,5953.319866,2423133
27-09-2022,5875.717679,6061.194833,5860.985232,5908.378523,5908.378523,4411548
28-09-2022,5443.060962,5508.021674,5257.365153,5415.604972,5415.604972,4453512
29-09-2022,5295.587101,5618.027397,5267.228365,5333.159823,5333.159823,3613615
30-09-2022,5443.761703,5546.019504,5438.174748,5473.651993,5473.651993,1803139
01-10-2022,5534.258584,5583.562232,5454.925812,5500.860681,5500.860681,4180247
02-10-2022,5436.636878,5606.840295,5259.554557,5399.018144,5399.018144,5147962
03-10-2022,5580.506744,5753.435684,5312.590252,5544.700567,5544.700567,4506762
04-10-2022,5546.317074,5604.321614,5501.338129,5551.036382,5551.036382,2889032
05-10-2022,5546.664706,5530.257361,5339.061517,5504.59095,5504.59095,4639537
06-10-2022,5573.055085,5665.575485,5489.531444,5520.592668,5520.592668,3286274
07-10-2022,5555.276844,5854.529705,5485.827574,5562.225971,5562.225971,4134792
08-10-2022,5694.565517,5910.764774,5621.79652,5667.08616,5667.08616,4353674
09-10-2022,5547.189284,5699.833254,5348.18711,5572.371391,5572.371391,4819476
10-10-2022,5637.169827,5733.788465,5562.813884,5648.090912,5648.090912,2521308
11-10-2022,5425.487265,5539.934152,5444.922578,5469.463477,5469.463477,3329122
12-10-2022,5479.923451,5532.067487,5213.27779,5492.094454,5492.094454,4374883
13-10-2022,5336.123011,5621.790998,5201.356211,5358.531122,5358.531122,4519129
14-10-2022,5413.908083,5480.527509,5294.043146,5435.915235,5435.915235,4817069
15-10-2022,5371.023147,5491.239418,5265.031261,5353.725752,5353.725752,3270984
16-10-2022,5364.955225,5635.191609,5230.229319,5397.829829,5397.829829,3194442
17-10-2022,5299.609906,5456.235526,5142.773071,5317.86596,5317.86596,5189710
18-10-2022,5334.004901,5525.442147,4995.267009,5338.86807,5338.86807,3591252
19-10-2022,5382.826532,5504.25369,5374.987382,5413.920475,5413.920475,4546766
20-10-2022,5478.752548,5774.001294,5406.420085,5510.660185,5510.660185,6212692
21-10-2022,5469.631229,5549.632906,5306.316204,5435.180036,5435.180036,3268627
22-10-2022,5251.091613,5336.663436,5126.53113,5302.684127,5302.684127,3848591
23-10-2022,5314.622383,5425.409208,5221.537642,5344.640968,5344.640968,3439035
24-10-2022,5411.923173,5492.114334,5293.650358,5390.145316,5390.145316,4183171
25-10-2022,5437.337116,5749.861732,5441.52764,5471.889256,5471.889256,2742113
26-10-2022,5469.206443,5653.847878,5424.961527,5461.584379,5461.584379,4344182
27-10-2022,5461.86251,5588.841671,5271.647746,5514.96136,5514.96136,4858264
28-10-2022,5510.819292,5677.291797,5370.801375,5478.647294,5478.647294,2974401
29-10-2022,5475.25573,5568.743089,5374.110889,5489.273283,5489.273283,3924897
30-10-2022,5485.466649,5547.877806,5393.835532,5465.188868,5465.188868,3856520
31-10-2022,5427.447659,5528.406975,5243.153533,5374.246739,5374.246739,3011494
01-11-2022,5318.951837,5397.256443,5133.129976,5313.340303,5313.340303,4307411
02-11-2022,5328.206041,5386.509439,5044.420541,5314.105562,5314.105562,4220907
03-11-2022,4964.97005,5009.806081,4844.758425,4929.330791,4929.330791,3854613
04-11-2022,4876.798024,4971.670384,4718.860433,4871.530714,4871.530714,4040153
05-11-2022,4971.270258,4994.641967,4873.704653,4936.558591,4936.558591,3708631
06-11-2022,4919.417806,5024.815296,4768.483668,4941.704247,4941.704247,4203361
07-11-2022,4911.342496,4946.393372,4782.048139,4913.656888,4913.656888,3880497
08-11-2022,4955.625908,5066.688435,4794.545612,4949.66567,4949.66567,3554097
09-11-2022,5095.127601,5354.495057,4795.795309,5103.031455,5103.031455,2548063
10-11-2022,4962.702569,4964.248572,4869.407768,4943.475719,4943.475719,5507639
11-11-2022,4915.023262,4961.25943,4840.928256,4927.866458,4927.866458,3536580
12-11-2022,4975.016635,5017.257088,4876.848003,4927.311495,4927.311495,3003842
13-11-2022,4927.24583,5040.190541,4782.282722,4921.711989,4921.711989,5112561
14-11-2022,4826.082892,5095.012358,4654.202012,4858.683334,4858.683334,3626378
15-11-2022,4672.755596,4725.067006,4566.338757,4666.72285,4666.72285,4094661
16-11-2022,4629.069491,4788.379731,4593.20708,4643.278888,4643.278888,3014859
17-11-2022,4507.317507,4701.324075,4373.862366,4528.040244,4528.040244,3213066
18-11-2022,4543.97212,4653.964287,4452.181036,4526.823479,4526.823479,2912820
19-11-2022,4449.725939,4582.291251,4290.224399,4473.089742,4473.089742,3594602
20-11-2022,4492.223594,4634.303335,4436.307976,4474.214982,4474.214982,4804983
21-11-2022,4440.510729,4469.452623,4342.834341,4448.444647,4448.444647,2686704
22-11-2022,4408.999535,4572.526116,4161.274106,4430.34263,4430.34263,2170007
23-11-2022,4439.937564,4490.100788,4308.278319,4434.406244,4434.406244,2428139
24-11-2022,4515.962857,4523.290508,4306.151851,4473.756603,4473.756603,2016900
25-11-2022,4194.117805,4301.394524,4101.024512,4216.275001,4216.275001,3485911
26-11-2022,4226.001334,4275.710162,4075.505178,4210.848313,4210.848313,3268394
27-11-2022,4164.508297,4414.201941,4130.160112,4193.257217,4193.257217,1792463
28-11-2022,4184.884041,4250.527702,4000.456768,4178.6973,4178.6973,2992420
29-11-2022,4149.458345,4267.922954,4064.026841,4116.503932,4116.503932,1209193
30-11-2022,4052.007098,4078.875228,3881.415661,4023.34505,4023.34505,2393204
01-12-2022,3987.197654,4065.458202,3816.871544,3993.233617,3993.233617,4023019
02-12-2022,3919.849558,4067.139804,3807.529787,3959.040937,3959.040937,3121983
03-12-2022,4007.631106,4147.854889,3938.767052,4000.76161,4000.76161,3187441
04-12-2022,4042.25741,4149.665685,3792.679254,4002.381047,4002.381047,3939987
05-12-2022,4011.371054,4078.460077,3940.53744,4034.892728,4034.892728,1405117
06-12-2022,4048.977537,4079.223471,4002.551375,4034.261573,4034.261573,3451088
07-12-2022,3975.745798,4215.864568,3778.573174,3996.637893,3996.637893,4475597
08-12-2022,3955.876284,3999.343187,3945.404645,3973.723644,3973.723644,2481772
09-12-2022,3973.229642,4055.711141,3767.210293,3967.053388,3967.053388,3776896
10-12-2022,3854.940594,3924.411189,3828.359689,3875.207985,3875.207985,4385850
11-12-2022,3896.808535,4027.216209,3821.135256,3867.910042,3867.910042,4496563
12-12-2022,3779.96568,3848.110263,3716.895193,3789.987207,3789.987207,3333995
13-12-2022,3853.123015,3995.316121,3700.133722,3830.488562,3830.488562,1766856
14-12-2022,3815.726103,3922.585827,3757.602175,3834.481298,3834.481298,3217787
15-12-2022,3946.360447,4028.73625,3763.946018,3946.82712,3946.82712,4783871
16-12-2022,3951.263508,4155.6931,3783.26856,3938.198411,3938.198411,5701142
17-12-2022,3925.50091,4105.701957,3708.010481,3940.832206,3940.832206,3636457
18-12-2022,3933.182187,4062.642566,3793.840879,3895.623614,3895.623614,2807522
19-12-2022,3885.244579,4068.902998,3885.383358,3898.631995,3898.631995,2814282
20-12-2022,3806.231224,3881.944493,3724.860947,3808.370688,3808.370688,2630431
21-12-2022,3802.480641,3922.353512,3745.069176,3792.206481,3792.206481,4030223
22-12-2022,3759.857664,3851.870904,3634.39061,3752.145142,3752.145142,5407129
23-12-2022,3714.451009,3762.111935,3486.771007,3700.008005,3700.008005,4594907
24-12-2022,3708.350114,3783.939469,3519.649668,3674.773451,3674.773451,2884614
25-12-2022,3599.16966,3687.651618,3528.491049,3630.47446,3630.47446,2567461
26-12-2022,3694.71399,3779.171177,3600.579318,3715.361591,3715.361591,4759175
27-12-2022,3791.814225,3900.112053,3609.103384,3793.365407,3793.365407,1652999
28-12-2022,4025.851882,4045.316516,3957.941188,4015.032664,4015.032664,3817224
29-12-2022,3989.867025,4119.85108,3847.410969,4013.857741,4013.857741,3873466
30-12-2022,3985.945239,4049.675448,3917.643674,3997.70053,3997.70053,3979681
31-12-2022,4008.821828,4062.519388,3950.409649,3979.52007,3979.52007,2298587
01-01-2023,3993.064118,4035.42424,3903.34586,3997.809238,3997.809238,5250148
02-01-2023,3964.347796,4150.009011,3876.187488,3971.494142,3971.494142,3546044
03-01-2023,3984.522184,4055.129427,3822.600261,3974.787928,3974.787928,4941799
04-01-2023,3958.922193,4070.745999,3735.555878,3928.427922,3928.427922,7514528
05-01-2023,3983.740451,4057.153144,3896.538815,3974.521251,3974.521251,1943177
06-01-2023,3692.141515,3817.389877,3617.82756,3721.564798,3721.564798,2179248
07-01-2023,3530.021161,3627.997815,3383.798761,3556.690167,3556.690167,4732339
08-01-2023,3468.992549,3531.144265,3420.750776,3478.680134,3478.680134,2681756
09-01-2023,3429.757689,3628.789309,3426.759656,3462.290471,3462.290471,3800305
10-01-2023,3442.106012,3545.340173,3331.199401,3445.958016,3445.958016,4437498
11-01-2023,3389.174133,3485.418638,3253.890886,3385.003434,3385.003434,2789040
12-01-2023,3413.027789,3478.769838,3236.017111,3410.305728,3410.305728,4259169
13-01-2023,3414.658071,3454.388325,3324.247943,3412.263412,3412.263412,6311550
14-01-2023,3502.795537,3671.303017,3352.8617,3517.13073,3517.13073,5860739
15-01-2023,3428.081151,3564.890297,3326.712961,3453.812503,3453.812503,3433670
16-01-2023,3418.244807,3452.348777,3330.995604,3434.010479,3434.010479,5318256
17-01-2023,3391.607048,3519.629262,3342.845017,3383.06025,3383.06025,3709463
18-01-2023,3418.339203,3427.863193,3284.815648,3391.41722,3391.41722,5398960
19-01-2023,3463.069666,3527.96127,3303.218139,3472.798417,3472.798417,3255801
20-01-2023,3407.771325,3476.747715,3344.67139,3438.835043,3438.835043,4155406
21-01-2023,3398.50407,3489.832023,3153.326248,3398.51556,3398.51556,3608221
22-01-2023,3432.444903,3589.534198,3396.99813,3420.730065,3420.730065,3254497
23-01-2023,3419.906986,3486.815897,3337.338592,3419.380094,3419.380094,5079509
24-01-2023,3504.037957,3650.173788,3390.027695,3497.215778,3497.215778,3705894
25-01-2023,3489.00433,3654.35724,3409.840566,3509.590574,3509.590574,376683
26-01-2023,3504.575289,3582.093417,3419.423781,3515.088394,3515.088394,3767178
27-01-2023,3501.871554,3543.979823,3476.841245,3511.633608,3511.633608,3559838
28-01-2023,3572.456678,3636.162088,3478.92425,3551.84683,3551.84683,2916108
29-01-2023,3515.702885,3671.315008,3405.536299,3536.178466,3536.178466,2371583
30-01-2023,3519.544182,3579.405123,3478.79694,3517.495063,3517.495063,3650542
31-01-2023,3510.056007,3640.012659,3464.714703,3502.042682,3502.042682,4247332
01-02-2023,3574.356943,3579.986686,3400.484249,3539.488337,3539.488337,4672715
02-02-2023,3916.689677,4109.83263,3785.221187,3878.091707,3878.091707,4397435
03-02-2023,3955.111566,4002.692653,3816.730036,3935.459167,3935.459167,1913553
04-02-2023,3982.847795,4023.706913,3951.438697,3980.430251,3980.430251,3714202
05-02-2023,3929.487747,3962.059741,3766.107007,3908.403826,3908.403826,4082293
06-02-2023,3890.044243,4034.340604,3834.229072,3905.269983,3905.269983,4613163
07-02-2023,3931.433783,3997.398116,3926.855469,3954.772877,3954.772877,3509075
08-02-2023,3928.416977,4121.458353,3798.741306,3903.681667,3903.681667,3475347
09-02-2023,3896.533639,3958.205078,3778.581268,3911.223322,3911.223322,4484693
10-02-2023,3947.736865,4136.301923,3766.927326,3937.313369,3937.313369,4719072
11-02-2023,3977.404184,4195.747193,3719.61305,3997.15751,3997.15751,3011638
12-02-2023,4023.301892,4095.142688,3891.506423,4023.021218,4023.021218,3741417
13-02-2023,4176.452981,4184.841181,3939.947075,4158.809388,4158.809388,4613417
14-02-2023,4326.768326,4348.253762,4279.042789,4311.771834,4311.771834,3604268
15-02-2023,4260.098076,4558.946717,4022.504752,4302.345268,4302.345268,3398436
16-02-2023,4264.784575,4521.856187,4165.22663,4263.567415,4263.567415,2898100
17-02-2023,4390.89289,4556.68515,4121.767909,4373.016083,4373.016083,4066721
18-02-2023,4468.302265,4569.505081,4447.112501,4510.26354,4510.26354,5840640
19-02-2023,4409.773053,4535.232919,4228.019071,4420.522146,4420.522146,2255607
20-02-2023,4432.442007,4661.749503,4156.978489,4471.14344,4471.14344,2484104
21-02-2023,4304.735306,4360.07066,4238.783681,4310.30661,4310.30661,3667407
22-02-2023,4305.137268,4325.134731,4245.316073,4271.155699,4271.155699,4396657
23-02-2023,4294.571415,4519.939226,4264.63981,4313.366446,4313.366446,4845124
24-02-2023,4336.855482,4334.419232,4263.137667,4294.168726,4294.168726,3447534
25-02-2023,4298.125483,4423.309874,4112.880179,4284.084921,4284.084921,4988886
26-02-2023,4363.603923,4535.16483,4242.788237,4336.358089,4336.358089,3904043
27-02-2023,4298.188789,4507.058309,4236.659383,4309.618947,4309.618947,3031225
28-02-2023,4384.421408,4508.665442,4158.252739,4368.153654,4368.153654,4892373
01-03-2023,4312.125819,4412.960733,4276.736704,4349.249132,4349.249132,3012462
02-03-2023,4277.269851,4398.870613,4281.77825,4313.778951,4313.778951,4174227
03-03-2023,4350.009694,4453.974201,4328.031088,4356.774592,4356.774592,4586812
04-03-2023,4375.20738,4440.061431,4122.588796,4353.300781,4353.300781,3153504
05-03-2023,4486.034796,4562.391949,4434.797986,4470.415697,4470.415697,3040506
06-03-2023,4355.294405,4426.430993,4285.867867,4368.871781,4368.871781,3663203
07-03-2023,4435.063004,4515.011591,4354.712575,4445.307838,4445.307838,1985888
08-03-2023,4409.615581,4511.321764,4168.935353,4425.245677,4425.245677,4254502
09-03-2023,4434.999325,4541.241718,4245.683812,4465.909008,4465.909008,3246355
10-03-2023,4464.138648,4454.340129,4167.298609,4434.376241,4434.376241,2959499
11-03-2023,4469.161637,4639.848527,4288.848685,4489.597992,4489.597992,4141830
12-03-2023,4487.220059,4526.994414,4212.454736,4481.522864,4481.522864,4813286
13-03-2023,4460.809557,4712.5223,4369.300473,4477.697579,4477.697579,4913828
14-03-2023,4493.437718,4695.625872,4246.438487,4515.558382,4515.558382,2797532
15-03-2023,4504.369235,4750.10689,4365.724832,4532.349233,4532.349233,3010100
16-03-2023,4605.623431,4581.974256,4538.157304,4565.382922,4565.382922,2808640
17-03-2023,4539.423394,4607.904214,4422.746033,4565.51064,4565.51064,4074250
18-03-2023,4480.898828,4646.806334,4486.505786,4520.439524,4520.439524,1995560
19-03-2023,4582.268151,4700.787515,4456.716161,4573.637938,4573.637938,3721090
20-03-2023,5009.729507,5161.937904,4892.442122,4981.33346,4981.33346,2811295
21-03-2023,4957.164955,5273.132948,4788.367755,4974.959231,4974.959231,4109895
22-03-2023,4944.316128,4999.179552,4867.373624,4916.879437,4916.879437,2880293
23-03-2023,4832.107857,4957.237135,4547.779927,4872.890535,4872.890535,5066808
24-03-2023,4763.138312,5002.860402,4772.265515,4790.204122,4790.204122,4135086
25-03-2023,4804.548912,5076.174083,4700.006908,4843.839417,4843.839417,4869762
26-03-2023,4896.195142,5196.191948,4715.306228,4914.783555,4914.783555,5745609
27-03-2023,4917.2974,5046.968915,4775.197565,4883.038906,4883.038906,4346640
28-03-2023,4614.198647,4619.98825,4425.043364,4572.260292,4572.260292,3016913
29-03-2023,4699.972159,4820.273864,4532.989394,4712.77719,4712.77719,5075315
30-03-2023,4703.865803,4842.739889,4612.599078,4730.686137,4730.686137,3330230
31-03-2023,4632.065812,4630.741148,4565.942669,4586.363085,4586.363085,3205748
01-04-2023,4499.964658,4618.322367,4332.461966,4518.102249,4518.102249,3244532
02-04-2023,4366.021304,4546.718603,4334.895815,4380.264674,4380.264674,2168464
03-04-2023,4321.314222,4444.420376,4221.114208,4344.672502,4344.672502,2441664
04-04-2023,4291.985838,4458.143993,4290.205497,4319.255524,4319.255524,2799250
05-04-2023,4270.444648,4554.374528,4270.072624,4313.333165,4313.333165,1835605
06-04-2023,4306.547197,4484.359553,4283.142587,4307.781555,4307.781555,5188767
07-04-2023,4210.828499,4301.237813,4123.841006,4252.741667,4252.741667,1530304
08-04-2023,4275.866917,4355.243401,4028.696783,4258.102284,4258.102284,3649224
09-04-2023,4373.197859,4497.86056,4290.350604,4382.859705,4382.859705,4099826
10-04-2023,4382.357984,4498.596208,4220.47386,4409.434016,4409.434016,5249747
11-04-2023,4459.576753,4600.872733,4354.074595,4446.805913,4446.805913,4549492
12-04-2023,4469.451551,4605.627782,4417.71753,4509.317943,4509.317943,4794893
13-04-2023,4534.310806,4583.857278,4490.991888,4523.315887,4523.315887,3500480
14-04-2023,4554.629126,4573.432171,4310.351411,4520.163789,4520.163789,2961396
15-04-2023,4518.987525,4595.749013,4298.96541,4483.55361,4483.55361,5042235
16-04-2023,4525.266313,4584.980535,4319.118681,4494.756472,4494.756472,2702508
17-04-2023,4473.834465,4473.883781,4279.768951,4455.694261,4455.694261,5442967
18-04-2023,4488.038491,4528.893372,4400.980368,4469.551663,4469.551663,4168341
19-04-2023,4589.926496,4631.528988,4359.679832,4612.088688,4612.088688,3594625
20-04-2023,4699.176108,4714.020962,4566.970844,4679.207359,4679.207359,3451109
21-04-2023,4735.555333,4800.96195,4655.876389,4692.04758,4692.04758,4853726
22-04-2023,4813.302382,4903.20955,4727.555203,4784.390333,4784.390333,3855220
23-04-2023,4939.856365,5153.262671,4821.212151,4962.113721,4962.113721,4969348
24-04-2023,5150.14307,5218.200925,5090.114867,5139.914365,5139.914365,4278039
25-04-2023,5123.598635,5350.162486,4948.482453,5142.063876,5142.063876,3499182
26-04-2023,5149.17089,5360.300188,5095.883654,5186.432802,5186.432802,5602461
27-04-2023,5325.276071,5505.593832,5224.807871,5374.90766,5374.90766,5005360
28-04-2023,5395.301527,5467.015707,5352.532433,5409.706466,5409.706466,3767581
29-04-2023,5424.704599,5773.813169,5303.3654,5414.93448,5414.93448,4947360
30-04-2023,5425.000208,5502.551858,5277.076292,5457.401627,5457.401627,4273074
01-05-2023,5514.591008,5587.093248,5293.971339,5480.25408,5480.25408,3861414
02-05-2023,5456.673275,5559.091928,5407.000743,5487.161987,5487.161987,4877072
03-05-2023,5452.106443,5539.287221,5127.061977,5488.046476,5488.046476,3054138
04-05-2023,5473.940434,5561.198073,5360.76916,5441.88936,5441.88936,3184295
05-05-2023,5519.352137,5621.344391,5425.516759,5557.415327,5557.415327,3598779
06-05-2023,5517.797991,5646.507066,5351.872755,5487.412005,5487.412005,3339892
07-05-2023,5579.570954,5826.702537,5453.346782,5562.06944,5562.06944,3121338
08-05-2023,5864.167832,6106.908628,5689.101875,5829.038677,5829.038677,4398008
09-05-2023,5746.98066,5872.974317,5559.970987,5728.172279,5728.172279,4176757
10-05-2023,5866.588189,6009.052644,5829.615857,5904.99889,5904.99889,5435098
11-05-2023,5906.355982,6046.674418,5716.507097,5891.280114,5891.280114,3354534
12-05-2023,5859.881256,5991.0025,5793.193673,5898.96717,5898.96717,1953523
13-05-2023,5859.839579,6042.353583,5809.779732,5913.706664,5913.706664,3441290
14-05-2023,6039.177821,6364.702507,5909.842091,6031.335183,6031.335183,3948448
15-05-2023,5937.457105,6076.742808,5875.847298,5942.365768,5942.365768,3410269
16-05-2023,6078.102559,6111.698767,5989.053522,6070.013746,6070.013746,4644662
17-05-2023,6058.164887,6255.802086,5881.250422,6082.508019,6082.508019,1619333
18-05-2023,6039.552871,6083.279436,5770.781503,6039.560815,6039.560815,2310308
19-05-2023,6021.578025,6123.179052,5965.190715,6050.673355,6050.673355,2197988
20-05-2023,6137.830562,6296.517377,6046.648104,6126.21109,6126.21109,4980006
21-05-2023,6266.425008,6247.323915,5833.673956,6209.513214,6209.513214,2852996
22-05-2023,6214.746344,6368.311627,6161.464472,6272.460689,6272.460689,1421052
23-05-2023,6306.708154,6386.724159,5999.539338,6254.382675,6254.382675,3354858
24-05-2023,6254.065951,6325.692684,6178.9477,6250.423438,6250.423438,3092143
25-05-2023,6173.807819,6304.707104,6088.733164,6178.719588,6178.719588,5189308
26-05-2023,6206.162807,6201.86226,5827.31272,6158.177493,6158.177493,4565818
27-05-2023,6193.88095,6250.509529,6038.721584,6206.039802,6206.039802,5622875
28-05-2023,6300.255401,6355.911262,6146.306756,6299.430269,6299.430269,2144143
29-05-2023,6231.449816,6329.496208,5959.952868,6220.024493,6220.024493,4210815
30-05-2023,6218.046602,6294.171948,5922.641498,6264.792746,6264.792746,3341478
31-05-2023,6278.778169,6437.521527,6184.922153,6298.693466,6298.693466,3966239
01-06-2023,6429.610393,6462.182007,6192.377124,6367.102244,6367.102244,5197495
02-06-2023,6317.238637,6413.664416,6105.361517,6348.751462,6348.751462,3393687
03-06-2023,6549.291191,6832.310934,6453.503341,6484.848731,6484.848731,2556677
04-06-2023,6312.695335,6444.946929,6005.021047,6344.024048,6344.024048,3536192
05-06-2023,6202.792879,6319.52289,6169.701976,6248.878119,6248.878119,2473558
06-06-2023,6214.175301,6285.65587,6125.655459,6200.316867,6200.316867,4095513
07-06-2023,6279.403567,6433.665549,6095.897107,6292.874332,6292.874332,5685229
08-06-2023,6293.790238,6411.964605,6120.687108,6309.875994,6309.875994,4785405
09-06-2023,6323.595176,6473.220552,6030.486212,6285.183993,6285.183993,4453286
10-06-2023,6183.135774,6356.642575,6106.443063,6237.830291,6237.830291,4314950
11-06-2023,6176.334501,6301.409806,5931.004104,6190.833362,6190.833362,3124047
12-06-2023,6155.079033,6260.865133,6077.603139,6144.085629,6144.085629,4777729
13-06-2023,6313.740484,6362.435928,6218.6325,6282.6115,6282.6115,3069202
14-06-2023,6485.113632,6591.184591,6331.014331,6498.147424,6498.147424,4028131
15-06-2023,6493.32526,6555.623981,6089.627454,6483.940918,6483.940918,2972698
16-06-2023,6562.37134,6766.842143,6323.504895,6532.857867,6532.857867,3154305
17-06-2023,6503.577479,6589.612749,6340.001391,6529.173785,6529.173785,4293153
18-06-2023,6502.080306,6715.943879,6274.072514,6544.079408,6544.079408,3768433
19-06-2023,6458.499628,6906.766031,6406.210225,6508.510764,6508.510764,3641858
20-06-2023,6352.004982,6737.850798,6327.077827,6406.95315,6406.95315,3252983
21-06-2023,6519.896874,6520.573534,6133.341922,6485.823022,6485.823022,5165035
22-06-2023,6612.130384,6675.198577,6519.116791,6569.28078,6569.28078,3531692
23-06-2023,6574.279055,6894.17719,6402.080535,6533.7775,6533.7775,2728702
24-06-2023,6449.685535,6530.172771,6266.968258,6509.501801,6509.501801,4333923
25-06-2023,6474.685906,6521.126944,6377.829443,6484.455335,6484.455335,4442813
26-06-2023,6676.198416,6808.510658,6491.271808,6620.101357,6620.101357,1565164
27-06-2023,6721.107026,6831.940377,6516.937997,6725.235403,6725.235403,2624911
28-06-2023,6715.715979,6978.889775,6592.473372,6736.745912,6736.745912,4609231
29-06-2023,6778.349308,7011.611661,6488.408986,6758.982678,6758.982678,5747140
30-06-2023,6850.085922,7008.592839,6688.114824,6850.785474,6850.785474,6010946
01-07-2023,6781.535413,6887.83536,6756.823408,6837.593743,6837.593743,2802210
02-07-2023,6813.492528,6965.48836,6665.675844,6803.78255,6803.78255,3979937
03-07-2023,6796.357107,7172.176207,6623.768252,6764.594501,6764.594501,3117226
04-07-2023,6778.096732,6826.582895,6612.403968,6741.55706,6741.55706,3832645
05-07-2023,6845.95023,6967.819345,6575.501983,6786.089043,6786.089043,3122663
06-07-2023,6750.587649,6808.157945,6753.237308,6772.342333,6772.342333,3910859
07-07-2023,6811.860535,7037.490303,6630.584242,6865.711181,6865.711181,5235268
08-07-2023,6945.735812,7103.277066,6938.479526,6989.605034,6989.605034,2375142
09-07-2023,6886.811886,7245.073155,6745.542842,6909.897039,6909.897039,4245781
10-07-2023,6920.046021,7118.322184,6713.991989,6908.816163,6908.816163,2314282
11-07-2023,6711.752573,6913.531815,6662.38755,6760.582732,6760.582732,4245762
12-07-2023,6876.97592,7072.382629,6875.593439,6925.641159,6925.641159,3405985
13-07-2023,7135.029831,7345.020649,7017.564604,7146.504539,7146.504539,5477401
14-07-2023,7248.494673,7306.109421,6954.558888,7276.424312,7276.424312,3624093
15-07-2023,7274.640029,7308.379389,7134.857587,7259.337409,7259.337409,947101
16-07-2023,7268.148999,7373.089593,6812.137495,7315.758103,7315.758103,3719088
17-07-2023,7264.543171,7437.119495,7142.505243,7257.42072,7257.42072,4921950
18-07-2023,7237.451878,7315.65645,6737.134613,7239.101184,7239.101184,2131203
19-07-2023,7214.671906,7372.212438,6969.415275,7236.244314,7236.244314,3679572
20-07-2023,7276.886872,7623.396033,6833.969417,7246.436594,7246.436594,3091884
21-07-2023,7108.655172,7235.262722,7020.226485,7148.119643,7148.119643,2470860
22-07-2023,7417.057274,7763.0461,7355.076931,7462.420648,7462.420648,3902951
23-07-2023,7634.061402,7898.985183,7211.427314,7572.957054,7572.957054,3110269
24-07-2023,7563.178415,7719.872096,7350.14911,7590.846546,7590.846546,5125245
25-07-2023,7599.436486,7876.592096,7389.415564,7634.597519,7634.597519,3011203
26-07-2023,7738.535693,7916.18642,7546.612328,7699.16516,7699.16516,3178783
27-07-2023,7812.517109,7794.277481,7548.466652,7762.067094,7762.067094,1750268
28-07-2023,7760.156745,7987.419337,7573.92686,7748.219093,7748.219093,3070469
29-07-2023,7850.685771,8117.966666,7591.902282,7881.367088,7881.367088,3625689
30-07-2023,8071.481971,8141.48057,7948.404078,8090.845801,8090.845801,3776802
31-07-2023,7999.356492,8043.060377,7896.132852,7959.029789,7959.029789,3911379
01-08-2023,7929.463778,8058.907785,7779.693265,8001.689088,8001.689088,3098902
02-08-2023,8010.320761,8313.77177,7946.480903,8074.097361,8074.097361,3706447
03-08-2023,7929.377052,8160.722157,7649.848286,7973.044004,7973.044004,2407398
04-08-2023,7839.743449,8240.035431,7668.350331,7898.034935,7898.034935,4527762
05-08-2023,7819.048766,7925.249181,7431.312435,7798.790144,7798.790144,2811781
06-08-2023,8011.850071,8101.991052,7756.630715,7943.863796,7943.863796,1760197
07-08-2023,8068.073903,8046.042616,7947.174612,8018.352291,8018.352291,4806344
08-08-2023,7895.088458,8117.170591,7587.951493,7901.78479,7901.78479,3172479
09-08-2023,7749.173865,7951.716022,7298.079046,7816.769436,7816.769436,4874694
10-08-2023,7841.118493,8291.801325,7681.268311,7825.403475,7825.403475,1139567
11-08-2023,8016.807488,8093.87223,7739.564643,8007.50559,8007.50559,4367453
12-08-2023,7940.963993,8087.564873,7812.128155,8000.075244,8000.075244,3662015
13-08-2023,8003.746755,8206.28145,7940.828147,7979.881063,7979.881063,3373693
14-08-2023,7951.267278,8180.19204,7662.28328,7975.38096,7975.38096,2767293
15-08-2023,7955.72456,8087.614271,7787.557303,8028.581211,8028.581211,3200479
16-08-2023,8072.899261,8232.408418,7728.21683,8006.750109,8006.750109,4049643
17-08-2023,7710.929094,8023.807258,7621.014032,7751.679278,7751.679278,4363052
18-08-2023,7866.063766,8098.94743,7858.382168,7918.042646,7918.042646,4720126
19-08-2023,7896.178504,8047.535526,7716.44932,7878.551803,7878.551803,3298663
20-08-2023,7819.744587,7998.325563,7603.632155,7882.708389,7882.708389,3533201
21-08-2023,7952.885727,8455.700381,7926.477949,8030.17506,8030.17506,4356043
22-08-2023,7948.724197,8026.848608,7721.632943,7955.828964,7955.828964,2445581
23-08-2023,7983.785396,8029.059084,7846.759614,7936.758653,7936.758653,4246863
24-08-2023,7919.137512,8002.634666,7813.034266,7938.686183,7938.686183,3665708
25-08-2023,7908.112857,8394.403454,7856.037189,7909.1596,7909.1596,3779512
26-08-2023,7950.920482,8105.553816,7705.428053,7916.803119,7916.803119,4892624
27-08-2023,7805.951525,7952.285592,7664.576264,7778.275713,7778.275713,2808877
28-08-2023,7838.594221,7979.128875,7658.025891,7839.277592,7839.277592,2392055
29-08-2023,8101.993549,8216.615412,7971.175103,8050.80586,8050.80586,3698794
30-08-2023,7993.283973,8160.066715,7862.058442,7972.656577,7972.656577,3988699
31-08-2023,8000.590588,8260.483572,7806.681121,7962.643956,7962.643956,6201213
01-09-2023,7984.488777,8410.589769,7792.161892,8028.240343,8028.240343,4901948
02-09-2023,8166.313284,8323.457502,8086.947045,8137.405611,8137.405611,3810683
03-09-2023,8180.691217,8334.846756,7954.729397,8126.821844,8126.821844,3218568
04-09-2023,8130.677022,8312.311811,7838.821793,8094.087899,8094.087899,4556276
05-09-2023,8022.008254,8350.51089,7997.410231,8049.044777,8049.044777,5221007
06-09-2023,7986.57279,8417.471876,7691.563325,8062.821039,8062.821039,5144103
07-09-2023,7923.240247,8136.498432,7744.815441,7943.884775,7943.884775,4655504
08-09-2023,7949.527708,8118.481064,7827.759373,7927.306652,7927.306652,2239089
09-09-2023,7905.711044,8364.221969,7587.275702,7913.321254,7913.321254,2309260
10-09-2023,7864.56299,8181.641175,7657.730195,7934.66808,7934.66808,2539479
11-09-2023,8245.206538,8545.967994,8223.795917,8264.997744,8264.997744,4853906
12-09-2023,8193.592875,8462.690663,7874.744407,8274.96669,8274.96669,4665589
13-09-2023,8128.435008,8683.001967,7892.57631,8152.901024,8152.901024,3088412
14-09-2023,7827.969424,7900.109124,7784.132285,7838.915162,7838.915162,4910792
15-09-2023,7770.441705,7840.892518,7577.157487,7779.425563,7779.425563,2828487
16-09-2023,7771.625456,8121.827428,7769.19269,7845.574267,7845.574267,3754659
17-09-2023,7731.098648,8229.765255,7607.473355,7807.223363,7807.223363,4700124
18-09-2023,7909.260173,8104.944004,7713.13144,7963.352295,7963.352295,2292998
19-09-2023,7956.799447,8132.268251,7736.139821,7955.666386,7955.666386,4090748
20-09-2023,8079.398715,8422.746494,7560.180724,8000.26665,8000.26665,4153864
21-09-2023,8185.591534,8222.614103,7707.025948,8107.836032,8107.836032,2646139
22-09-2023,8048.859572,8670.766868,8037.01121,8118.677921,8118.677921,2241807
23-09-2023,8251.256236,8542.67867,8150.905326,8275.487436,8275.487436,3253010
24-09-2023,8151.97388,8279.051116,7943.809218,8097.150435,8097.150435,1917084
25-09-2023,8087.410808,8142.702982,8011.358778,8080.747884,8080.747884,4686170
26-09-2023,8161.819209,8342.596876,8014.109691,8136.087043,8136.087043,2929070
27-09-2023,8485.528317,8589.49156,8182.427305,8438.377373,8438.377373,2418896
28-09-2023,8478.484193,8618.290257,8470.892922,8527.82217,8527.82217,4989654
29-09-2023,8508.96015,8762.824058,8226.701101,8480.679569,8480.679569,2954898
30-09-2023,8462.074437,8726.052557,8309.550419,8443.182783,8443.182783,4449062
01-10-2023,8563.441174,8783.770409,8380.836153,8497.153036,8497.153036,2956403
02-10-2023,8583.921503,8625.786686,7992.175513,8563.41187,8563.41187,5856499
03-10-2023,8481.975291,8668.321162,8267.044896,8435.958888,8435.958888,6140632
04-10-2023,8395.247486,8413.564516,8245.713615,8361.910597,8361.910597,1563326
05-10-2023,8432.648116,8725.199982,8255.944846,8417.145976,8417.145976,3216497
06-10-2023,8404.631866,8569.10248,8364.051731,8419.843364,8419.843364,3199366
07-10-2023,8340.872652,8412.946052,7722.848097,8270.907124,8270.907124,2531499
08-10-2023,8229.078931,8331.277115,7788.239304,8244.459224,8244.459224,2911090
09-10-2023,8449.790748,8741.343832,8314.001413,8392.105559,8392.105559,4664189
10-10-2023,8302.413785,8546.589616,7904.975068,8335.095441,8335.095441,3400185
11-10-2023,8375.152265,8585.36864,8090.467212,8411.662957,8411.662957,3377543
12-10-2023,8609.655827,8582.299568,8295.623992,8533.138239,8533.138239,3401453
13-10-2023,8390.334907,8502.922969,8282.086767,8424.561537,8424.561537,4315010
14-10-2023,8444.307682,8591.131604,8393.600551,8504.967135,8504.967135,3183900
15-10-2023,8493.366425,8617.702708,8164.411943,8488.49422,8488.49422,4708795
16-10-2023,8588.129404,8642.483622,8283.459858,8554.468111,8554.468111,2825619
17-10-2023,8358.722594,8572.933165,7988.617737,8438.263552,8438.263552,3319448
18-10-2023,8388.448455,8671.378858,8386.950692,8426.43676,8426.43676,2281198
19-10-2023,8483.62334,8568.290892,8105.992192,8452.979996,8452.979996,4791871
20-10-2023,8663.824497,8768.689274,8545.353767,8611.115089,8611.115089,5530633
21-10-2023,8835.380508,9185.734666,8556.202431,8825.938542,8825.938542,4436781
22-10-2023,8650.847186,8863.810468,8487.930264,8710.291726,8710.291726,4170388
23-10-2023,8774.408627,8857.625315,8479.30174,8727.82434,8727.82434,4269045
24-10-2023,8172.225304,8337.663029,7869.959257,8095.874792,8095.874792,2462880
25-10-2023,8291.139023,8350.113455,8104.605697,8229.112644,8229.112644,5678378
26-10-2023,7911.90231,8198.202078,7552.254625,7941.66241,7941.66241,2724583
27-10-2023,7990.848269,7982.285757,7831.422591,7926.433954,7926.433954,2832567
28-10-2023,7929.533197,8016.083082,7761.018016,7890.992427,7890.992427,4765161
29-10-2023,7872.300995,8168.874928,7681.57489,7798.46466,7798.46466,4574140
30-10-2023,7700.189105,7953.741219,7518.550868,7685.070058,7685.070058,3799563
31-10-2023,7784.997808,8013.906057,7789.060085,7848.068749,7848.068749,3522845
01-11-2023,7809.187189,7862.080585,7749.246939,7813.369011,7813.369011,3728108
02-11-2023,7643.767543,7762.910035,7468.455049,7635.891089,7635.891089,4465974
03-11-2023,7517.096081,7676.25431,7317.806084,7541.55711,7541.55711,5560951
04-11-2023,7621.470731,7969.653742,7364.210935,7585.15808,7585.15808,3400109
05-11-2023,7509.974928,7683.356698,7505.030762,7541.469508,7541.469508,1335542
06-11-2023,7550.983057,7798.237598,7379.752734,7560.695982,7560.695982,3470386
07-11-2023,7433.154773,7578.000274,7294.286901,7467.290965,7467.290965,3079677
08-11-2023,7454.297015,7684.988489,7345.375176,7486.716976,7486.716976,3621363
09-11-2023,7394.653001,7639.888939,7306.288441,7411.400643,7411.400643,3658225
10-11-2023,7376.928024,7435.835016,7262.785522,7312.194406,7312.194406,3031837
11-11-2023,7371.182873,7648.418002,7276.358448,7415.675998,7415.675998,3007487
12-11-2023,7613.98233,7789.716726,7457.233355,7540.481131,7540.481131,4975943
13-11-2023,7539.368163,7805.951531,7141.70458,7554.00558,7554.00558,4604344
14-11-2023,7493.714332,7585.903666,7427.78175,7479.342021,7479.342021,3460078
15-11-2023,7426.942478,7567.542425,7466.893487,7501.794725,7501.794725,4373724
16-11-2023,7572.788556,7889.504936,7496.818522,7630.224038,7630.224038,3137645
17-11-2023,7481.103443,7779.370572,7130.343717,7484.279082,7484.279082,3790978
18-11-2023,7334.898622,7528.357713,7114.476826,7343.510728,7343.510728,1885903
19-11-2023,7279.25693,7542.410803,7047.324176,7246.899601,7246.899601,4731232
20-11-2023,7158.333525,7445.167894,7000.921203,7164.184214,7164.184214,4305505
21-11-2023,7227.311107,7280.712654,7152.634182,7229.599075,7229.599075,3675671
22-11-2023,7222.188433,7416.250273,7051.348466,7236.585858,7236.585858,4004319
23-11-2023,7382.783688,7384.656236,7026.952516,7333.950507,7333.950507,1175867
24-11-2023,7447.963741,7728.557011,7176.297736,7413.45455,7413.45455,3441859
25-11-2023,7407.947781,7641.016071,7140.327037,7451.557612,7451.557612,2579752
26-11-2023,7392.486796,7684.065486,7152.291341,7437.125002,7437.125002,3790979
27-11-2023,7494.956725,7622.999699,7292.937242,7435.880216,7435.880216,3685430
28-11-2023,7491.467205,7561.860511,7336.816799,7426.541716,7426.541716,1899815
29-11-2023,7529.645104,7720.446529,7471.531461,7495.318582,7495.318582,3923930
30-11-2023,7501.576348,7486.49877,7260.99326,7438.233607,7438.233607,1590540
01-12-2023,7512.3566,7696.93504,7347.282511,7467.392117,7467.392117,4671220
02-12-2023,7574.27432,7728.696454,7474.844146,7536.547297,7536.547297,2337633
03-12-2023,7397.958189,7764.419842,7119.758487,7402.929117,7402.929117,4293085
04-12-2023,7328.651559,7661.493421,7000.884132,7396.993287,7396.993287,6007806
05-12-2023,7581.764228,7802.713475,7229.91161,7512.320452,7512.320452,5314635
06-12-2023,7602.253704,8116.944433,7381.978636,7625.864776,7625.864776,3412943
07-12-2023,7542.238763,7848.495803,7101.076813,7498.412678,7498.412678,4282600
08-12-2023,7732.244838,8018.18642,7395.62256,7695.844285,7695.844285,2903030
09-12-2023,7776.207654,8003.011354,7633.388766,7732.920471,7732.920471,3208934
10-12-2023,7831.529247,8121.086206,7438.183489,7862.517235,7862.517235,3469320
11-12-2023,7772.115986,7989.486598,7675.572803,7810.745345,7810.745345,3350196
12-12-2023,7776.697186,7945.769423,7372.172424,7830.039759,7830.039759,4327547
13-12-2023,7984.158029,8161.21235,7899.550859,7936.437345,7936.437345,2608409
14-12-2023,8004.850018,8261.03872,7990.484392,8022.049558,8022.049558,1863642
15-12-2023,7831.521036,7897.822378,7643.101623,7764.041668,7764.041668,3225393
16-12-2023,7755.406454,7970.123872,7717.426958,7771.639017,7771.639017,2956088
17-12-2023,8072.87914,8068.69551,7788.91953,8012.443872,8012.443872,4643190
18-12-2023,7693.985864,8047.64185,7224.8531,7728.550886,7728.550886,6172107
19-12-2023,7964.318404,8124.169803,7657.179152,7908.791927,7908.791927,1590200
20-12-2023,7881.679953,8067.136272,7463.423243,7843.571985,7843.571985,2139976
21-12-2023,7843.487276,8089.469624,7742.838245,7846.124201,7846.124201,4180215
22-12-2023,7839.111092,8187.507996,7800.966349,7883.385329,7883.385329,3095011
23-12-2023,7947.911527,8108.23327,7805.170292,7887.544465,7887.544465,3132755
24-12-2023,7914.938263,8174.582985,7770.126688,7932.31743,7932.31743,4589913
25-12-2023,7833.641666,7949.985962,7516.783724,7898.667548,7898.667548,5245173
26-12-2023,7857.572927,8169.520218,7299.112249,7806.049784,7806.049784,4389984
27-12-2023,7772.317863,8103.428751,7491.926349,7814.671983,7814.671983,4223222
28-12-2023,8235.495831,8272.806508,8090.894096,8174.067635,8174.067635,4393412
29-12-2023,7933.424233,8375.359084,7671.187765,7985.707225,7985.707225,4380792
30-12-2023,7948.124262,8413.558408,7846.741287,7954.04342,7954.04342,5053974
31-12-2023,8040.425937,8184.780657,7588.251262,8010.110362,8010.110362,3322105
01-01-2024,7875.574817,8115.306234,7830.204156,7953.334088,7953.334088,4760072
02-01-2024,8046.284227,8531.528512,7891.271895,8098.902398,8098.902398,3613238
03-01-2024,8102.412893,8255.809166,7843.070232,8127.560127,8127.560127,3454137
04-01-2024,8283.384456,8445.324423,7814.662099,8241.220503,8241.220503,3261843
05-01-2024,8363.605004,8750.246597,8337.378121,8428.290886,8428.290886,4783401
06-01-2024,8288.374171,8367.690534,8025.431719,8258.494714,8258.494714,4865090
07-01-2024,8265.672427,8561.201746,8181.126205,8227.7805,8227.7805,3740156
08-01-2024,8084.578605,8348.893383,7907.695274,8046.893096,8046.893096,3600349
09-01-2024,8216.419119,8671.756422,7968.959262,8243.356563,8243.356563,4594899
10-01-2024,8219.768036,8240.769227,8095.949961,8156.46796,8156.46796,2017587
11-01-2024,8024.310638,8145.839737,7849.374539,8021.974875,8021.974875,4543083
12-01-2024,7928.027917,8372.402574,7548.660354,7962.697029,7962.697029,4521590
13-01-2024,7869.290857,8181.156836,7701.188131,7821.847122,7821.847122,3933985
14-01-2024,7857.115673,8325.497835,7691.658455,7806.553167,7806.553167,3158207
15-01-2024,7673.699873,7826.650894,7478.100478,7634.926428,7634.926428,4557943
16-01-2024,7828.007091,8099.814072,7467.259804,7812.634137,7812.634137,5310052
17-01-2024,7690.420931,8162.422291,7541.274217,7685.890717,7685.890717,3535966
18-01-2024,7621.340352,7712.457554,7527.049645,7574.233027,7574.233027,3349091
19-01-2024,7504.816798,7730.847102,7263.368035,7518.998847,7518.998847,4532954
20-01-2024,7773.79049,8090.818616,7490.081121,7762.027779,7762.027779,3619657
21-01-2024,7903.168268,8313.401393,7547.265933,7879.742366,7879.742366,2107472
22-01-2024,7930.415946,7985.268464,7695.87202,7923.674974,7923.674974,4838348
23-01-2024,7987.025919,8073.090268,7918.092046,7955.179612,7955.179612,3635476
24-01-2024,7895.41788,8066.247379,7735.265948,7827.35425,7827.35425,3430925
25-01-2024,7731.423911,7957.900669,7630.941106,7758.107559,7758.107559,3924659
26-01-2024,7900.336369,8038.936681,7587.66927,7828.945426,7828.945426,2326255
27-01-2024,7653.07413,7798.591192,7388.925278,7610.197103,7610.197103,4314352
28-01-2024,7640.989227,7984.593319,7441.411405,7704.967684,7704.967684,4047935
29-01-2024,7740.374468,7865.969813,7355.764675,7698.39097,7698.39097,3718335
30-01-2024,7664.207322,7758.729774,7610.780234,7694.269532,7694.269532,1417882
31-01-2024,7819.299683,8183.482036,7643.205217,7777.789339,7777.789339,3078352
01-02-2024,7742.606895,7981.516427,7768.808431,7793.224706,7793.224706,2044709
02-02-2024,7954.999391,8040.445695,7690.717393,7910.737882,7910.737882,4017991
03-02-2024,7945.510232,8281.482702,7867.033539,7915.144985,7915.144985,2519035
04-02-2024,8202.077042,8507.135925,7610.578281,8130.374907,8130.374907,4585089
05-02-2024,8253.218525,8739.351122,7995.352193,8247.788026,8247.788026,6066268
06-02-2024,8220.32135,8554.797286,8192.380423,8283.149545,8283.149545,2896392
07-02-2024,8528.208987,8669.77495,8472.766232,8518.212339,8518.212339,3151893
08-02-2024,8687.634441,8989.758962,8586.993889,8667.39925,8667.39925,2866031
09-02-2024,8715.695281,8777.255909,8634.733488,8732.486712,8732.486712,3074448
10-02-2024,8640.994402,8769.102444,8576.66634,8692.186378,8692.186378,4967567
11-02-2024,8752.268891,8831.107074,8387.802208,8697.810095,8697.810095,2466368
12-02-2024,8869.250341,9296.086778,8564.009976,8819.059002,8819.059002,4869425
13-02-2024,8002.65149,8323.105255,7646.745153,7947.485184,7947.485184,4632238
14-02-2024,8003.920809,8145.60958,7719.191295,7981.406575,7981.406575,2818473
15-02-2024,7987.037329,8106.513047,7755.461769,7934.714163,7934.714163,4355742
16-02-2024,7860.507052,8142.261177,7665.774221,7861.844464,7861.844464,4639281
17-02-2024,8105.648563,8239.456371,7941.276839,8034.416063,8034.416063,2634987
18-02-2024,8057.151868,8054.843769,7676.11578,8002.191987,8002.191987,3515754
19-02-2024,8038.518141,8424.43261,7991.812899,8080.395237,8080.395237,3818357
20-02-2024,8165.972017,8643.791446,7921.463749,8152.09964,8152.09964,6082630
21-02-2024,8080.5775,8429.707143,7982.595264,8057.017489,8057.017489,2582498
22-02-2024,8094.695442,8585.144427,7830.718555,8087.3023,8087.3023,4655555
23-02-2024,8158.635107,8563.751472,7925.620591,8217.956064,8217.956064,2026635
24-02-2024,8140.546054,8114.110475,7683.35783,8074.159115,8074.159115,4801385
25-02-2024,7925.024162,8111.874977,7766.573,7943.348696,7943.348696,5702832
26-02-2024,7749.669684,7940.414259,7581.48192,7827.847389,7827.847389,5379834
27-02-2024,7902.01822,8090.033368,7739.71685,7943.796643,7943.796643,2047863
28-02-2024,7957.511968,8312.97179,7623.454247,7903.671693,7903.671693,2844262
29-02-2024,8113.614842,8335.294187,7906.596489,8077.753989,8077.753989,3065125
01-03-2024,8166.607731,8320.478394,7829.651295,8200.290429,8200.290429,3620960
02-03-2024,8254.491934,8428.054746,8174.669145,8280.643202,8280.643202,3263335
03-03-2024,8420.309471,8426.173173,8069.819514,8340.996053,8340.996053,5201845
04-03-2024,8368.030384,8614.314523,8143.148628,8295.660735,8295.660735,3997992
05-03-2024,8175.159828,8646.500914,8161.401622,8191.16543,8191.16543,3778208
06-03-2024,8020.958348,8153.175505,7983.455585,8059.497791,8059.497791,4420354
07-03-2024,7919.165952,8322.636566,7565.620433,7938.623658,7938.623658,4046796
08-03-2024,7989.152195,8203.662108,7778.932647,8044.259144,8044.259144,6415291
09-03-2024,8064.514031,8438.189735,7552.368595,8042.836569,8042.836569,3312424
10-03-2024,8141.489844,8336.154415,7898.378551,8142.843601,8142.843601,3619242
11-03-2024,8271.657128,8301.066749,8088.432057,8229.911103,8229.911103,2532577
12-03-2024,8170.717053,8185.650156,7925.756519,8103.733198,8103.733198,1959774
13-03-2024,8162.762452,8153.861076,7865.256108,8105.039458,8105.039458,1285549
14-03-2024,8119.084211,8336.109589,7916.332637,8055.561162,8055.561162,3415083
15-03-2024,8194.834899,8413.669871,8012.787614,8228.602697,8228.602697,3729660
16-03-2024,8348.211983,8840.418231,7963.364792,8347.434351,8347.434351,3405381
17-03-2024,8374.77625,8448.252337,8014.738116,8351.645332,8351.645332,3241615
18-03-2024,8163.675204,8513.35592,7962.018939,8148.053394,8148.053394,5343836
19-03-2024,8246.848342,8415.551833,8049.968272,8261.638603,8261.638603,4880081
20-03-2024,8168.443287,8612.313505,8152.13555,8199.649903,8199.649903,5053131
21-03-2024,8244.523178,8267.998371,8105.0609,8163.47855,8163.47855,3446795
22-03-2024,8752.246214,8992.386841,8394.079486,8724.507393,8724.507393,4004050
23-03-2024,9052.889331,9296.962788,8826.498069,9087.719006,9087.719006,3665736
24-03-2024,9069.251775,9222.780427,8554.546272,9151.777069,9151.777069,2254677
25-03-2024,8939.04798,9015.285185,8941.789461,8990.676375,8990.676375,4502600
26-03-2024,8906.089593,9348.354482,8749.358311,8926.949774,8926.949774,2800066
27-03-2024,8912.938646,9142.62914,8872.861696,8939.723755,8939.723755,5317033
28-03-2024,8708.816199,8805.579838,8556.957315,8743.645909,8743.645909,4020636
29-03-2024,8698.25922,9129.75232,8549.743611,8637.293255,8637.293255,2770874
30-03-2024,8650.762193,8734.250824,8217.791802,8570.800355,8570.800355,5476071
31-03-2024,8678.599972,8718.519932,8264.166442,8644.754552,8644.754552,3454324
01-04-2024,8845.587291,9029.666041,8728.980351,8814.599975,8814.599975,5552380
02-04-2024,8684.038079,8954.023394,8435.475473,8667.256465,8667.256465,4059652
03-04-2024,8519.463438,9003.646833,8064.799523,8443.432192,8443.432192,3632552
04-04-2024,8261.24769,8728.021106,8250.765509,8283.485261,8283.485261,3166342
05-04-2024,8273.364813,8547.749191,8093.745182,8217.955813,8217.955813,3019687
06-04-2024,8157.073103,8455.584768,8005.155296,8186.361813,8186.361813,5129205
07-04-2024,8118.055199,8391.794278,7968.734268,8118.852888,8118.852888,2413172
08-04-2024,8089.087275,8435.898626,7707.445108,8018.552387,8018.552387,2659200
09-04-2024,8315.248283,8400.404974,8119.762983,8235.599613,8235.599613,3188862
10-04-2024,8304.375209,8465.623708,8112.727621,8250.370812,8250.370812,4560729
11-04-2024,8321.898878,8471.922171,7924.442192,8343.460442,8343.460442,3426851
12-04-2024,8404.260508,8480.604496,8278.961705,8335.374395,8335.374395,2026205
13-04-2024,8346.826995,8824.188382,8132.683973,8290.999551,8290.999551,4373123
14-04-2024,8235.132666,8269.508317,7789.318961,8212.99921,8212.99921,2536622
15-04-2024,8187.530339,8325.534473,7981.605835,8251.248987,8251.248987,3684838
16-04-2024,8361.778389,8590.323325,8370.371472,8425.339362,8425.339362,4624742
17-04-2024,8432.511163,8675.036071,8223.953276,8359.538879,8359.538879,4460996
18-04-2024,8236.703619,8543.258173,8011.634158,8243.38068,8243.38068,4475939
19-04-2024,8204.987286,8722.75401,7898.822474,8206.561043,8206.561043,3648790
20-04-2024,8323.102745,8355.727109,8173.818046,8241.588219,8241.588219,5261713
21-04-2024,8214.493483,8266.797349,8022.050973,8200.692456,8200.692456,3774917
22-04-2024,8191.027741,8506.46385,7905.532797,8246.993651,8246.993651,3438321
23-04-2024,8224.275861,8779.566363,8163.955543,8275.751168,8275.751168,2522212
24-04-2024,8482.488989,8667.685597,8126.76122,8438.346699,8438.346699,4255271
25-04-2024,8298.272156,8288.678977,7856.934279,8249.50667,8249.50667,2729692
26-04-2024,8512.917881,8986.946587,8407.246234,8527.950496,8527.950496,3957897
27-04-2024,8433.65773,8899.365819,8306.669931,8433.19826,8433.19826,3679293
28-04-2024,8279.376365,8429.668285,7933.189158,8356.366288,8356.366288,3955550
29-04-2024,8394.12186,8574.335212,8220.637317,8367.122973,8367.122973,3829859
30-04-2024,8443.698393,8950.964021,7970.368252,8361.062985,8361.062985,4424889
01-05-2024,8250.611109,8572.91209,8064.861071,8327.528808,8327.528808,4457057
02-05-2024,8416.883557,8686.528805,8232.569902,8435.795086,8435.795086,4290298
03-05-2024,8487.661028,8523.311551,7967.154977,8447.255853,8447.255853,4278255
04-05-2024,8286.879999,8751.64415,8237.316102,8307.967927,8307.967927,4004970
05-05-2024,8431.728884,8554.983969,8055.676258,8515.763637,8515.763637,3478174
06-05-2024,8398.309586,8845.643635,8246.153899,8474.802193,8474.802193,3883346
07-05-2024,8513.775582,8591.423794,8099.139841,8530.002119,8530.002119,2180529
08-05-2024,8470.820856,8829.403289,8077.762829,8465.261502,8465.261502,3163376
09-05-2024,8510.552271,8553.911108,8239.291732,8468.016009,8468.016009,1415341
10-05-2024,8533.870106,8770.000069,8230.655882,8457.00224,8457.00224,3197889
11-05-2024,8404.911962,8511.93232,8136.182844,8444.62133,8444.62133,2923415
12-05-2024,8557.196076,8663.185739,8437.809155,8593.068913,8593.068913,2287317
13-05-2024,8763.431277,9142.584242,8629.033897,8709.782891,8709.782891,3507587
14-05-2024,8822.686737,8848.868257,8664.819057,8785.891052,8785.891052,3432923
15-05-2024,8716.297986,9191.193584,8552.768529,8802.761751,8802.761751,2403693
16-05-2024,8891.177841,9081.535326,8286.969202,8874.8278,8874.8278,4291462
17-05-2024,8782.265582,9138.689664,8620.319268,8701.991846,8701.991846,3155126
18-05-2024,8683.22184,8956.477824,8326.707593,8702.906824,8702.906824,6515399
19-05-2024,9060.235967,9203.724799,8859.233218,9023.002743,9023.002743,4813376
20-05-2024,8811.37677,8985.778317,8292.40492,8859.333608,8859.333608,3659972
21-05-2024,8777.150661,8987.986169,8463.607819,8784.604584,8784.604584,5100112
22-05-2024,8801.286133,9299.680099,8664.123647,8730.436364,8730.436364,1991370
23-05-2024,8685.473181,8807.57383,8358.000528,8682.173693,8682.173693,4143167
24-05-2024,8608.630045,8735.958801,8097.706677,8528.698451,8528.698451,2965351
25-05-2024,8689.79263,8829.590235,8561.636633,8714.59245,8714.59245,4193241
26-05-2024,8690.621219,9206.664514,8606.084718,8708.659895,8708.659895,4266721
27-05-2024,8662.67726,8893.770786,8648.457485,8748.258999,8748.258999,4076331
28-05-2024,8890.088498,9035.729717,8556.21893,8910.899524,8910.899524,3547018
29-05-2024,8841.974929,8966.869264,8451.186161,8912.144842,8912.144842,3622388
30-05-2024,8825.530543,8936.906883,8388.171813,8783.869171,8783.869171,4255943
31-05-2024,9083.54471,9160.813692,8519.605038,9059.551602,9059.551602,5987526
01-06-2024,8897.099903,9093.958696,8516.792231,8824.758185,8824.758185,2510189
02-06-2024,8746.795023,9059.533664,8519.524387,8728.8035,8728.8035,4647724
03-06-2024,8736.354966,8907.195028,8181.989954,8739.806231,8739.806231,4699730
04-06-2024,8821.055444,9159.38356,8652.737838,8811.629073,8811.629073,3658233
05-06-2024,8770.010517,9204.82234,8509.854555,8816.074223,8816.074223,2550529
06-06-2024,8807.310472,8939.044248,8674.171885,8804.307509,8804.307509,2562175
07-06-2024,8891.920004,9038.822933,8784.332097,8965.70431,8965.70431,3306399
08-06-2024,8860.03121,9161.070805,8554.113072,8795.83768,8795.83768,2558220
09-06-2024,9033.286172,9229.330808,8582.099704,9032.468192,9032.468192,3517164
10-06-2024,9017.295698,9308.246597,8662.1957,9055.037229,9055.037229,3702417
11-06-2024,9172.188242,9466.641795,8901.678886,9110.519203,9110.519203,4286636
12-06-2024,9163.705854,9237.382846,8883.104933,9163.191015,9163.191015,5436843
13-06-2024,9060.764018,9342.102329,8871.314431,9049.734031,9049.734031,5022731
14-06-2024,8934.886825,9425.294749,8661.34082,9014.914043,9014.914043,1818712
15-06-2024,9097.227171,9187.688213,8856.444738,9104.731643,9104.731643,3940338
16-06-2024,8995.817803,9384.912328,8663.551465,9042.600529,9042.600529,2914764
17-06-2024,9223.504132,9528.035858,8762.15928,9254.48037,9254.48037,4753105
18-06-2024,9366.427645,9433.209908,9081.429081,9327.07049,9327.07049,2655748
19-06-2024,9362.738267,9781.193349,8755.788763,9324.261789,9324.261789,4108416
20-06-2024,9356.486892,9489.775665,9159.421598,9279.823608,9279.823608,4029650
21-06-2024,9232.657208,9633.944283,9112.740645,9303.724226,9303.724226,2088842
22-06-2024,9406.84628,9711.973835,9270.764067,9362.551436,9362.551436,4202043
23-06-2024,9464.995933,9769.042429,9266.931106,9531.393985,9531.393985,6088116
24-06-2024,9576.910198,9881.182374,9058.174979,9570.761818,9570.761818,1924854
25-06-2024,9413.474858,10085.50383,9298.665601,9498.51257,9498.51257,4340003
26-06-2024,9435.926705,9772.433254,9199.005311,9444.001336,9444.001336,4568752
27-06-2024,9457.82169,9672.639028,9246.817799,9450.910167,9450.910167,4280986
28-06-2024,9361.680819,9971.401621,9359.499355,9447.18042,9447.18042,3083158
29-06-2024,9642.39003,9913.202857,9477.531705,9628.439018,9628.439018,2219453
30-06-2024,9316.886049,9382.302219,9206.535871,9323.842112,9323.842112,2762773
01-07-2024,9273.777929,9424.898681,8987.875854,9311.911109,9311.911109,4479685
02-07-2024,9418.73521,9441.060483,9069.364758,9390.647205,9390.647205,3813731
03-07-2024,9554.355779,9793.300105,9181.957613,9577.434949,9577.434949,3944604
04-07-2024,9723.807128,9910.735366,9384.387526,9672.85707,9672.85707,2466498
05-07-2024,9990.657734,10156.45666,9793.33785,9941.753882,9941.753882,4161623
06-07-2024,10029.88782,10345.6975,9982.341979,10044.65418,10044.65418,2756827
07-07-2024,10050.28978,10211.28583,9874.135313,10029.79697,10029.79697,4825624
08-07-2024,10108.76227,10118.55822,9746.779407,10061.33047,10061.33047,4445137
09-07-2024,10122.2099,10194.28993,9687.558845,10030.34202,10030.34202,2415956
10-07-2024,9906.313798,10375.56452,9816.480563,9938.385635,9938.385635,3382664
11-07-2024,9949.892512,10330.43084,9700.509184,10019.74876,10019.74876,4017170
12-07-2024,10006.98931,10172.52151,9853.255277,9971.553036,9971.553036,3449769
13-07-2024,10067.73136,10210.38527,9781.220969,10115.90961,10115.90961,3656848
14-07-2024,10222.39484,10354.76774,9908.356441,10124.97633,10124.97633,3793724
15-07-2024,9930.637476,10180.80363,9848.906675,9934.540315,9934.540315,4550782
16-07-2024,9840.191281,10148.15194,9395.336012,9928.32519,9928.32519,5362745
17-07-2024,10027.48954,10170.15234,9838.076735,10006.2008,10006.2008,5152907
18-07-2024,10063.82424,10173.52715,9698.703769,9972.316921,9972.316921,4434127
19-07-2024,9957.467013,10201.61591,9556.767387,10003.27325,10003.27325,3672581
20-07-2024,10182.15278,10616.6953,9499.874767,10167.90211,10167.90211,4890796
21-07-2024,10241.88791,10316.44988,9864.436148,10194.67666,10194.67666,2304880
22-07-2024,10055.7417,10226.49655,10061.07348,10148.39846,10148.39846,4025740
23-07-2024,10216.62716,10354.53395,9753.39608,10175.81672,10175.81672,2830625
24-07-2024,10212.84479,10556.61947,10176.40569,10286.48306,10286.48306,4743387
25-07-2024,9993.179052,10410.69468,9918.764995,9986.107569,9986.107569,2994779
26-07-2024,9833.045599,10006.94241,9417.620059,9873.08386,9873.08386,2749747
27-07-2024,9823.645936,9988.250242,9238.270165,9877.212782,9877.212782,3845045
28-07-2024,9727.120957,9874.217185,9665.722785,9791.3737,9791.3737,2951468
29-07-2024,9736.764861,10379.12961,9628.365391,9771.539129,9771.539129,3923777
30-07-2024,9825.122379,10038.41338,9605.893201,9804.12506,9804.12506,2047235
31-07-2024,9942.347771,10004.24953,9715.391546,9903.512065,9903.512065,2337945
01-08-2024,9920.860843,10007.14483,9707.588033,9859.433999,9859.433999,5165003
02-08-2024,10077.71035,10423.13942,10002.71064,10106.49466,10106.49466,4089366
03-08-2024,10161.51505,10453.57577,9880.57557,10252.7113,10252.7113,2342400
04-08-2024,10334.85375,10392.86419,10027.49537,10347.6612,10347.6612,4151513
05-08-2024,10465.96005,10856.05144,9984.219945,10431.71613,10431.71613,3278502
06-08-2024,10378.41234,10619.3403,9880.765787,10425.18997,10425.18997,3889403
07-08-2024,10468.45856,10664.3207,10505.41498,10566.85145,10566.85145,3710387
08-08-2024,10911.88655,11118.34627,10575.56009,10860.60051,10860.60051,4999306
09-08-2024,10786.25872,11096.48956,10705.52969,10797.7112,10797.7112,2655404
10-08-2024,10829.34322,11038.44148,10468.59902,10931.11803,10931.11803,2231537
11-08-2024,10822.95053,10998.93978,10094.91717,10811.71592,10811.71592,3784815
12-08-2024,11109.54305,11180.24728,10970.14216,11033.37243,11033.37243,4216171
13-08-2024,11988.29183,12686.43516,11855.34654,12088.87445,12088.87445,4236485
14-08-2024,12130.73513,12224.02502,11611.39733,12109.53187,12109.53187,5356336
15-08-2024,12432.6829,12527.39588,12190.83873,12425.58829,12425.58829,3518723
16-08-2024,12497.10555,12869.91885,12327.23338,12577.79737,12577.79737,2830727
17-08-2024,12972.59065,13119.50297,12472.12006,12849.95467,12849.95467,4020872
18-08-2024,12955.38379,12980.97089,12577.82524,12855.07185,12855.07185,6609123
19-08-2024,12351.86162,12677.05877,11858.68549,12358.50529,12358.50529,4634668
20-08-2024,12206.11852,12237.9873,11905.06376,12133.37108,12133.37108,2397893
21-08-2024,11832.2662,12305.51732,11469.36165,11933.30231,11933.30231,3544713
22-08-2024,12192.11891,12205.09018,11677.39786,12095.38447,12095.38447,1916624
23-08-2024,12005.48481,12460.33215,11605.62943,12010.63475,12010.63475,4866428
24-08-2024,12000.25674,12286.37565,11707.17121,12078.90444,12078.90444,3845172
25-08-2024,12334.56148,12693.9425,12222.3178,12381.01737,12381.01737,2150270
26-08-2024,12773.03092,12880.32036,12439.08661,12662.84768,12662.84768,3752510
27-08-2024,12677.83717,13186.71166,12456.82027,12777.43535,12777.43535,3946100
28-08-2024,13029.95864,13378.92856,12572.01976,12997.29261,12997.29261,3156825
29-08-2024,12984.94028,13282.93868,12837.30954,12940.45382,12940.45382,2717642
30-08-2024,13083.24884,13352.47416,12222.86998,12964.26372,12964.26372,2836626
31-08-2024,13198.52439,13513.28664,12904.34631,13074.14157,13074.14157,2978239
01-09-2024,12820.38038,13663.98916,12450.22326,12787.23626,12787.23626,4412082
02-09-2024,13097.75988,13628.30776,13035.01937,13123.92147,13123.92147,1926020
03-09-2024,13158.60255,13580.34884,12449.30223,13163.19538,13163.19538,5125977
04-09-2024,13420.17226,13928.27004,13112.21327,13445.3729,13445.3729,3254603
05-09-2024,13375.90586,14009.21026,13321.22242,13378.50761,13378.50761,4095676
06-09-2024,13291.9518,13445.30987,13263.48296,13336.26433,13336.26433,5417911
07-09-2024,13470.53048,13748.15351,13337.18053,13429.09907,13429.09907,1504021
08-09-2024,13498.14324,13501.97964,12535.37732,13385.60607,13385.60607,2823768
09-09-2024,13331.11854,14115.11381,12759.78934,13212.67912,13212.67912,5276429
10-09-2024,13181.48663,13854.05909,13130.99599,13185.91395,13185.91395,2504055
11-09-2024,13120.2407,13354.62002,13089.58878,13174.00641,13174.00641,3555684
12-09-2024,13062.1892,13058.29053,12723.45185,12984.38825,12984.38825,2155086
13-09-2024,13095.83697,13525.97681,12700.95133,13123.14474,13123.14474,4311989
14-09-2024,13191.40942,13285.61256,12637.99076,13200.48154,13200.48154,3988569
15-09-2024,13354.53458,13479.22497,13040.98993,13358.2073,13358.2073,3959549
16-09-2024,13346.50908,13929.88893,12971.83325,13457.41539,13457.41539,2467636
17-09-2024,13619.9229,13981.01323,13006.23394,13573.53434,13573.53434,3333291
18-09-2024,13647.28601,14284.52459,12853.9232,13770.20006,13770.20006,3561063
19-09-2024,13675.6194,13932.13361,13677.25117,13765.0557,13765.0557,3123841
20-09-2024,14027.25375,14112.8322,13562.139,14039.13945,14039.13945,3327024
21-09-2024,14000.35011,14252.30312,13453.296,14026.46141,14026.46141,3162648
22-09-2024,14061.28989,14851.11774,13401.36771,13938.92048,13938.92048,4635020
23-09-2024,13871.58645,14146.43345,13194.80821,13840.67472,13840.67472,2982022
24-09-2024,13900.80945,14350.58922,12861.70362,13786.21077,13786.21077,3585958
25-09-2024,13754.21714,14444.49716,12958.30636,13670.86176,13670.86176,4429081
26-09-2024,13772.7751,14709.45302,13270.21417,13751.21092,13751.21092,4575951
27-09-2024,13410.41063,13699.20468,13215.0159,13310.91632,13310.91632,2277958
28-09-2024,13440.70943,13635.40086,12963.89005,13328.05072,13328.05072,3243321
29-09-2024,13228.44667,13715.27544,12767.4059,13282.45571,13282.45571,5052581
30-09-2024,13404.35086,13582.55858,12975.84102,13450.82307,13450.82307,4166124
01-10-2024,13494.26647,13934.10618,13389.31067,13531.31666,13531.31666,4552360
02-10-2024,13907.63027,13964.0304,13643.08264,13797.62237,13797.62237,2851541
03-10-2024,13710.91532,14323.00046,13364.60789,13722.62898,13722.62898,4536415
04-10-2024,13548.64448,13772.58066,13231.08701,13600.08266,13600.08266,3102388
05-10-2024,13761.13804,13746.12711,13399.77343,13672.09998,13672.09998,4314546
06-10-2024,13996.53663,14011.69092,13777.83802,13902.26459,13902.26459,5355160
07-10-2024,13666.5604,14223.43165,13602.63034,13798.58398,13798.58398,5003040
08-10-2024,13612.87512,14014.81235,13442.37924,13668.71157,13668.71157,3833005
09-10-2024,13740.60319,13995.38136,13125.99692,13635.763,13635.763,3206034
10-10-2024,13818.57811,14079.60469,13235.29157,13751.98632,13751.98632,3782859
11-10-2024,13362.69981,13465.0022,12929.70876,13350.4147,13350.4147,3390197
12-10-2024,13561.91578,13774.66177,13011.41213,13501.04855,13501.04855,4128194
13-10-2024,13318.63644,13848.78184,12729.96286,13376.39871,13376.39871,3918319
14-10-2024,13238.39961,13573.00099,12267.69432,13152.80087,13152.80087,3239061
15-10-2024,13344.6358,13601.0483,13051.7656,13234.81907,13234.81907,2631928
16-10-2024,13238.95254,13354.78482,12960.12781,13211.47013,13211.47013,4162862
17-10-2024,13476.99701,13537.85153,13188.23695,13409.62258,13409.62258,3157486
18-10-2024,13483.72237,13882.97513,13302.00317,13566.13137,13566.13137,4255498
19-10-2024,13581.66696,14025.76457,13353.46852,13606.0083,13606.0083,4519942
20-10-2024,13692.17268,14074.32169,13410.14658,13753.97944,13753.97944,3107192
21-10-2024,13677.73313,13942.98168,13656.62564,13797.1045,13797.1045,4464563
22-10-2024,13767.35775,14314.55638,13247.15118,13734.47327,13734.47327,4215689
23-10-2024,13843.85826,14102.0057,13330.54367,13782.70566,13782.70566,2023512
24-10-2024,14084.27438,14445.39191,13814.32005,13981.74574,13981.74574,3663825
25-10-2024,14192.4849,14223.05828,13687.28277,14117.53531,14117.53531,1705822
26-10-2024,14123.19855,14560.73466,13914.10246,14256.61185,14256.61185,4818669
27-10-2024,14336.8452,15198.0564,14147.35608,14465.74503,14465.74503,4789161
28-10-2024,14361.11738,14921.75485,13918.4077,14278.8639,14278.8639,1606486
29-10-2024,14137.60207,14394.51667,13929.17184,14265.96937,14265.96937,4364664
30-10-2024,14350.74834,14833.7979,13802.04724,14465.72347,14465.72347,4495047
31-10-2024,14529.98512,14990.17874,14291.68072,14664.12528,14664.12528,4540693
01-11-2024,14757.85368,15302.88826,14243.84501,14863.38704,14863.38704,4595022
02-11-2024,14888.61694,15454.42819,14421.7444,14878.89022,14878.89022,3356025
03-11-2024,14766.22165,15120.53101,14353.46689,14860.20426,14860.20426,3648115
04-11-2024,14036.53511,14246.02216,13713.53315,14015.55623,14015.55623,2714180
05-11-2024,13800.78957,14575.68258,13141.50243,13750.05458,13750.05458,3564054
06-11-2024,13693.5568,13835.25199,13525.78002,13692.61282,13692.61282,3860079
07-11-2024,13617.71338,13952.55134,12663.82828,13535.53337,13535.53337,5287031
08-11-2024,13636.99437,13664.40272,13511.19828,13615.81091,13615.81091,4097686
09-11-2024,13539.33714,14243.9104,13018.04711,13450.19605,13450.19605,3092625
10-11-2024,13204.80044,13697.38023,12680.00096,13143.08378,13143.08378,2914486
11-11-2024,13396.67064,13505.28549,12566.25371,13293.27178,13293.27178,4128080
12-11-2024,13328.08063,13552.74085,12953.03632,13325.66527,13325.66527,4098399
13-11-2024,13481.41772,13616.2364,13150.00367,13491.61118,13491.61118,3912022
14-11-2024,13739.76351,14137.74651,13265.08931,13706.86372,13706.86372,2681113
15-11-2024,13847.88285,14176.07262,13379.14183,13758.95095,13758.95095,4036307
16-11-2024,13536.90584,14046.84693,13244.07259,13535.74115,13535.74115,5367841
17-11-2024,13376.99955,13813.41436,12824.7829,13415.39732,13415.39732,3050064
18-11-2024,11854.81982,12561.18248,11632.29306,11940.07288,11940.07288,4945137
19-11-2024,11933.90802,12755.41352,11934.58132,12037.06311,12037.06311,4114768
20-11-2024,12352.20691,12856.17596,11745.04264,12378.65608,12378.65608,4558261
21-11-2024,12375.83964,12549.58788,12078.76596,12266.88662,12266.88662,4870499
22-11-2024,12208.19973,12992.62808,11549.20776,12212.77335,12212.77335,3481831
23-11-2024,12368.72947,12382.81661,11966.19493,12318.15276,12318.15276,3128741
24-11-2024,12638.42569,13054.12325,12252.22088,12634.3681,12634.3681,4270371
25-11-2024,12744.78107,13237.22883,12541.93613,12640.52653,12640.52653,4493872
26-11-2024,12617.15305,12823.79948,12384.95847,12524.55271,12524.55271,2929587
27-11-2024,12453.31373,12820.18858,11958.80602,12536.65661,12536.65661,3055687
28-11-2024,12054.54295,12827.20089,11977.49041,12159.7617,12159.7617,3300964
29-11-2024,12329.24822,13141.6485,12248.46773,12316.23012,12316.23012,2197870
30-11-2024,12284.90687,12491.38057,12199.07937,12276.98553,12276.98553,3891663
01-12-2024,12140.05646,12650.22259,11724.76098,12155.78607,12155.78607,3547074
02-12-2024,12172.99354,12506.71247,11936.84224,12229.56513,12229.56513,4678075
03-12-2024,11959.64906,12201.05638,11571.10202,11932.15191,11932.15191,5776544
04-12-2024,12056.11996,12628.84764,11829.86187,12170.77121,12170.77121,5003611
05-12-2024,12171.15402,12330.64246,11799.79819,12168.61889,12168.61889,2315086
06-12-2024,11738.10976,12476.819,11697.5398,11854.37501,11854.37501,5835009
07-12-2024,11722.19016,11810.11731,11123.40135,11761.79434,11761.79434,2628238
08-12-2024,11696.13081,12013.1283,11302.87668,11737.96825,11737.96825,5569244
09-12-2024,11573.97329,11787.50944,11103.90719,11602.43566,11602.43566,5146143
10-12-2024,11544.79385,11938.88178,11409.86393,11530.02338,11530.02338,1602210
11-12-2024,11678.06206,11819.54476,11482.61803,11697.08085,11697.08085,4295631
12-12-2024,11427.29354,11721.06838,11449.60739,11497.78641,11497.78641,3615936
13-12-2024,11478.1475,11857.50426,10970.61867,11583.17762,11583.17762,2163541
14-12-2024,11313.19203,11789.49135,11095.04749,11287.23131,11287.23131,3735154
15-12-2024,11547.32457,12109.18213,11143.17392,11481.93282,11481.93282,3887106
16-12-2024,11480.40661,11804.57914,11295.20937,11594.92008,11594.92008,3916545
17-12-2024,11816.87468,11965.13363,11393.88956,11741.97903,11741.97903,2810760
18-12-2024,11550.2265,12326.88496,11420.16811,11659.70555,11659.70555,4368060
19-12-2024,11438.04287,11710.07979,11418.1784,11483.94069,11483.94069,4741548
20-12-2024,11447.53817,12003.98251,11364.20552,11473.28448,11473.28448,3216225
21-12-2024,11206.96713,11334.49061,11139.23133,11235.02322,11235.02322,4069083
22-12-2024,11086.26558,11534.97351,10977.48485,11169.96578,11169.96578,5760460
23-12-2024,11277.00379,11493.67067,11254.53065,11388.65059,11388.65059,3624310
24-12-2024,11225.13841,11276.08097,10668.87763,11152.08404,11152.08404,3032439
25-12-2024,11206.37801,11255.85042,10907.07601,11110.64942,11110.64942,4111542
26-12-2024,11179.54197,11589.21515,10595.60985,11112.79357,11112.79357,3231962
27-12-2024,11228.86683,11565.82404,11087.58082,11233.45497,11233.45497,2751298
28-12-2024,11107.41498,11430.44501,10936.96942,11199.7209,11199.7209,3683025
29-12-2024,11196.64629,11263.47101,10672.75231,11162.48573,11162.48573,2815186
30-12-2024,11180.73754,11436.50649,11073.36553,11263.70799,11263.70799,3862953
31-12-2024,10942.43583,11771.71139,10626.4122,11004.15097,11004.15097,4416968
01-01-2025,11301.38079,11507.50746,10989.41425,11218.13962,11218.13962,2455934
02-01-2025,11223.87001,11735.97266,11032.27184,11329.90845,11329.90845,4419990
03-01-2025,11366.20245,11513.08058,11036.01431,11253.86241,11253.86241,2283099
04-01-2025,10755.00538,11406.51659,10701.16955,10860.75497,10860.75497,2736632
05-01-2025,10903.52488,11282.24796,10481.8181,10952.78432,10952.78432,3310242
06-01-2025,10776.5594,11002.73739,10157.68435,10812.93845,10812.93845,4179751
07-01-2025,10789.99888,11319.48781,10261.13701,10695.36558,10695.36558,3284714
08-01-2025,10966.4986,11248.10693,10850.3463,10977.11508,10977.11508,4287887
09-01-2025,11217.50739,11372.31037,10654.4296,11188.40145,11188.40145,2568027
10-01-2025,11139.00343,11296.72828,11153.47597,11232.26094,11232.26094,2572943
11-01-2025,11469.66832,11629.87729,11073.74787,11400.65925,11400.65925,3678791
12-01-2025,11604.46599,12059.55428,11347.69436,11649.15134,11649.15134,3880655
13-01-2025,11576.34751,11923.16657,11309.99567,11624.81675,11624.81675,4501617
14-01-2025,11628.99194,12058.39993,10898.31171,11546.96762,11546.96762,4390840
15-01-2025,11634.07683,11732.60424,11531.4568,11657.71478,11657.71478,3909918
16-01-2025,11365.54898,11475.57593,10539.22249,11310.64888,11310.64888,3732385
17-01-2025,11354.55063,11634.03204,10886.61822,11266.07774,11266.07774,4563345
18-01-2025,11325.20181,11488.89203,10952.46705,11287.46305,11287.46305,3651107
19-01-2025,11388.79536,11549.06463,11079.40242,11372.21606,11372.21606,1285960
20-01-2025,11436.51534,12078.70305,11105.4712,11457.60544,11457.60544,2942450
21-01-2025,11790.59615,12205.0127,11257.95562,11775.36904,11775.36904,2418359
22-01-2025,11477.91011,11810.11688,11401.60675,11567.07785,11567.07785,4523116
23-01-2025,11479.16628,11790.35475,11196.74388,11419.38863,11419.38863,1169891
24-01-2025,11628.70145,11964.58652,11034.13699,11634.66921,11634.66921,3821400
25-01-2025,11611.3367,12098.60864,11288.82515,11557.4827,11557.4827,2630974
26-01-2025,11579.30425,11561.77457,10823.85927,11478.96922,11478.96922,3967902
27-01-2025,11381.71182,11737.40192,11266.09742,11383.58497,11383.58497,2804901
28-01-2025,11175.71262,11936.62357,11066.33661,11252.17275,11252.17275,4654665
29-01-2025,11046.41916,11549.28856,10852.35916,11049.60205,11049.60205,4047277
30-01-2025,10991.30434,11092.94791,10294.50233,10924.54161,10924.54161,3447300
31-01-2025,10723.30508,11180.13822,10629.74467,10763.39154,10763.39154,3077276
01-02-2025,10782.83173,11290.41798,10407.63029,10748.21377,10748.21377,2393659
02-02-2025,10716.60085,11123.78799,10484.06769,10666.3008,10666.3008,4450678
03-02-2025,10580.76866,10794.37121,10292.70589,10560.87541,10560.87541,4384747
04-02-2025,10623.05562,10791.64454,10439.68418,10618.6346,10618.6346,3472066
05-02-2025,10828.94316,11017.45996,10056.13856,10772.0831,10772.0831,1680544
06-02-2025,11115.35852,11260.80736,10957.07139,11104.61342,11104.61342,3674150
07-02-2025,11483.98855,11508.22403,10915.10964,11403.3559,11403.3559,3997104
08-02-2025,11083.27787,11228.63164,10488.49391,11120.34311,11120.34311,2643225
09-02-2025,10915.22649,11221.8077,10790.20362,10986.2886,10986.2886,1827240
10-02-2025,11291.69554,11648.40368,11031.3003,11198.48504,11198.48504,3588998
11-02-2025,11288.85384,11324.68461,10859.95295,11249.43998,11249.43998,4146200
12-02-2025,11507.25575,12004.42708,11363.37294,11513.75015,11513.75015,3498339
13-02-2025,11597.87645,11988.41328,11045.67605,11645.31951,11645.31951,2270058
14-02-2025,11924.16539,11964.82059,11411.35411,11813.6045,11813.6045,3688418
15-02-2025,11898.07483,11976.68113,11244.06204,11824.06606,11824.06606,6427713
16-02-2025,11283.95338,11961.8872,11221.82281,11369.04874,11369.04874,2276340
17-02-2025,11561.82106,11684.71339,11383.73116,11544.71568,11544.71568,5739945
18-02-2025,11025.73853,11296.24536,10515.04197,11067.73286,11067.73286,4309266
19-02-2025,10979.0305,11230.4194,10629.56009,10972.45732,10972.45732,3656001
20-02-2025,11138.03444,11544.16747,10526.61787,11096.44115,11096.44115,4399894
21-02-2025,10913.33445,11500.43673,10371.83708,10865.94442,10865.94442,2757534
22-02-2025,10719.95383,11122.5384,10332.92282,10816.90522,10816.90522,3577139
23-02-2025,10641.55852,11025.65546,10507.82126,10740.18704,10740.18704,4272002
24-02-2025,11071.85649,11474.43942,11006.13785,11156.12219,11156.12219,4181712
25-02-2025,11218.17645,11664.48014,11074.02386,11277.28648,11277.28648,2694657
26-02-2025,11462.35077,11501.94871,10915.46904,11369.93063,11369.93063,4656344
27-02-2025,11319.22281,11881.25954,10930.84964,11224.65871,11224.65871,3116750
28-02-2025,11235.70378,11414.33975,10767.3259,11222.0863,11222.0863,2050753
01-03-2025,11155.39274,11329.52591,11033.63292,11093.99853,11093.99853,1926261
02-03-2025,11277.15296,11633.36507,11267.9143,11315.85642,11315.85642,1738280
03-03-2025,11090.02122,11188.75854,10680.65592,11039.87619,11039.87619,5022381
04-03-2025,11200.40356,11586.53593,10681.70854,11151.79033,11151.79033,2817239
05-03-2025,11196.67768,11697.51338,10972.53934,11201.81164,11201.81164,5481706
06-03-2025,11368.22043,11727.40942,10720.33522,11411.13381,11411.13381,3241112
07-03-2025,11609.56455,11956.84958,11071.06162,11612.08109,11612.08109,3311903
08-03-2025,11731.33701,12178.30303,11529.92933,11747.23714,11747.23714,2236343
09-03-2025,11731.97512,12078.02139,11521.72762,11823.7518,11823.7518,3670100
10-03-2025,12011.08277,12433.79344,12000.90094,12071.08868,12071.08868,1791997
11-03-2025,12005.44393,12302.62662,11766.88701,12076.1368,12076.1368,4475589
12-03-2025,12264.65706,12478.98812,11963.37135,12211.12379,12211.12379,3539509
13-03-2025,12425.54478,13166.54851,11902.19157,12382.88567,12382.88567,4552927
14-03-2025,12433.80958,12765.96732,12075.5297,12555.01384,12555.01384,5675959
15-03-2025,12583.40282,12763.05016,11864.28256,12515.54346,12515.54346,3813855
16-03-2025,12376.15878,12865.21631,12026.94908,12433.13304,12433.13304,4469204
17-03-2025,12414.97033,12729.65596,12436.71628,12515.23021,12515.23021,3522461
18-03-2025,12036.62359,12198.24159,11693.13695,12026.41079,12026.41079,4547041
19-03-2025,12046.16078,12760.37429,11818.07949,11928.0498,11928.0498,4715934
20-03-2025,12007.30716,12122.4412,11674.54116,11910.40683,11910.40683,4728738
21-03-2025,11909.39237,12275.79235,11905.59008,11955.1758,11955.1758,3461931
22-03-2025,11938.52788,12244.35515,11391.1175,11978.9585,11978.9585,3097589
23-03-2025,11957.02132,12849.05217,11875.80578,12058.29622,12058.29622,4106055
24-03-2025,12031.8576,12113.89785,11488.11209,12066.82154,12066.82154,4549214
25-03-2025,11927.01626,12143.79207,11732.39335,11929.70832,11929.70832,4192416
26-03-2025,12193.69568,12953.71368,11941.13777,12154.66908,12154.66908,3650036
27-03-2025,12260.69552,12645.4376,12137.481,12245.94404,12245.94404,3615981
28-03-2025,12119.22795,12610.41022,11596.15155,12232.02748,12232.02748,5688139
29-03-2025,12387.87177,12889.42435,12223.10638,12498.64032,12498.64032,3478486
30-03-2025,12099.71368,12454.93188,12077.18593,12200.3974,12200.3974,3807964
31-03-2025,12000.78955,12165.00178,12003.37832,12093.30601,12093.30601,4403003
01-04-2025,11998.7227,12161.38614,11780.25723,11916.4265,11916.4265,5065152
02-04-2025,11857.42538,11898.74535,11658.73942,11798.64491,11798.64491,4556539
03-04-2025,11280.62998,11638.49953,11045.54995,11332.49525,11332.49525,3620887
04-04-2025,11219.71854,11438.7427,10496.33811,11163.82879,11163.82879,5004645
05-04-2025,11212.75587,11659.75609,11005.82728,11119.05341,11119.05341,5650977
06-04-2025,11191.45557,11374.16726,10799.96075,11201.93177,11201.93177,3111779
07-04-2025,11209.72116,11644.48352,10895.10973,11191.07544,11191.07544,2355520
08-04-2025,10957.33931,11420.40379,10955.56979,11050.4511,11050.4511,3976651
09-04-2025,10980.28384,11652.73456,10554.02477,11029.04794,11029.04794,3026536
10-04-2025,11567.48894,12193.98722,10900.2448,11488.20032,11488.20032,4063259
11-04-2025,11594.34287,11665.17884,11201.18451,11582.60919,11582.60919,3694582
12-04-2025,11671.41787,11837.18481,11421.3531,11574.7242,11574.7242,3584689
13-04-2025,11749.74977,12232.02205,11514.95497,11741.98903,11741.98903,4029606
14-04-2025,11784.97479,11946.9168,11698.10561,11827.56964,11827.56964,2576977
15-04-2025,11770.21281,12438.78172,11607.70545,11823.15102,11823.15102,6186203
16-04-2025,11799.98806,11856.38101,11336.09656,11726.45243,11726.45243,3763267
17-04-2025,11823.94233,12129.00381,11551.86743,11909.28057,11909.28057,4111670
18-04-2025,12082.91035,12460.57207,11934.84836,12114.79685,12114.79685,3429629
19-04-2025,12193.40135,12870.93024,11659.21726,12235.5456,12235.5456,2581038
20-04-2025,12681.94466,12950.18193,11710.08391,12631.02267,12631.02267,4766315
21-04-2025,12681.11691,12738.7786,12189.21833,12635.17454,12635.17454,4143118
22-04-2025,12931.83012,13052.62977,12716.76066,12811.31096,12811.31096,3558050
23-04-2025,12942.97819,13073.6323,12893.2708,12992.10337,12992.10337,5418706
24-04-2025,12867.53734,13247.70145,12620.17698,12919.65583,12919.65583,4499078
25-04-2025,13134.24509,13856.03501,12462.59852,13176.90634,13176.90634,3382576
26-04-2025,13128.16617,13152.28353,12744.41469,13057.92931,13057.92931,3862772
27-04-2025,13214.03427,13416.66401,12613.68515,13286.62426,13286.62426,2254437
28-04-2025,13185.64658,13365.587,12999.50695,13086.33433,13086.33433,3840929
29-04-2025,13400.77498,13843.56666,12795.10966,13346.90367,13346.90367,3448487
30-04-2025,13381.49371,13691.20939,13137.15427,13455.0981,13455.0981,1181024
01-05-2025,12381.90056,12798.90247,11934.08331,12332.90925,12332.90925,4580407
02-05-2025,12356.20412,12479.75671,11705.43279,12351.83005,12351.83005,3223454
03-05-2025,12237.53859,12507.47972,11687.60097,12281.0123,12281.0123,2585257
04-05-2025,12254.78817,13041.06955,12023.4458,12224.02736,12224.02736,3117387
05-05-2025,12574.5116,13151.16626,12300.27486,12663.17712,12663.17712,5296831
06-05-2025,12603.35245,12933.28564,12232.50694,12529.13997,12529.13997,2345685
07-05-2025,12613.74679,12992.67971,12208.06676,12570.96262,12570.96262,3157711
08-05-2025,12904.63339,12937.4845,12648.7537,12866.3225,12866.3225,4232875
09-05-2025,12914.04138,13172.73496,12146.42208,12809.05431,12809.05431,4291884
10-05-2025,12875.4123,12859.34177,12545.96269,12790.99445,12790.99445,4079757
11-05-2025,12688.3022,13652.68731,12711.00096,12782.11167,12782.11167,4702202
12-05-2025,12961.53203,13232.47667,12229.34854,12841.64083,12841.64083,1579701
13-05-2025,13110.50819,13267.47824,12892.36166,13004.42046,13004.42046,4577879
14-05-2025,12928.9747,13106.29502,12749.0478,12918.82043,12918.82043,1967843
15-05-2025,12933.54661,13159.47694,12738.70847,13002.9661,13002.9661,3063020
16-05-2025,12885.82449,13146.15472,12828.84907,13009.3042,13009.3042,3600693
17-05-2025,12876.02674,13071.21101,12339.81043,12820.1407,12820.1407,3307557
18-05-2025,12689.49924,13202.16987,12479.23227,12745.86969,12745.86969,4222536
19-05-2025,12680.7464,12820.59934,12503.27307,12572.7288,12572.7288,1637501
20-05-2025,12545.58078,12784.80052,12415.10274,12495.9769,12495.9769,5428364
21-05-2025,12096.43005,12350.95984,11956.0261,12143.07798,12143.07798,4066125
22-05-2025,11924.45658,12119.41472,11723.11446,12039.28807,12039.28807,4344703
23-05-2025,11962.88514,12487.55649,11946.69619,12023.6294,12023.6294,3278122
24-05-2025,11909.57813,12190.14814,11456.51825,11883.26042,11883.26042,2641756
25-05-2025,12076.56016,12268.95688,11763.89567,11958.90825,11958.90825,1857968
26-05-2025,11830.63397,12095.56732,11682.40919,11809.23359,11809.23359,2143578
27-05-2025,11691.91983,12358.90141,11447.88638,11746.83949,11746.83949,5316244
28-05-2025,11767.94646,12295.81547,11688.22808,11774.58889,11774.58889,4274327
29-05-2025,11935.12936,12122.01772,11508.54469,11920.06513,11920.06513,4217375
30-05-2025,11740.81846,12196.74423,11332.35066,11726.94673,11726.94673,6266776
31-05-2025,11671.73338,11871.60622,11481.4048,11651.31777,11651.31777,1920869
01-06-2025,11828.91855,12021.10028,11827.61958,11883.07212,11883.07212,3848870
02-06-2025,12114.53273,12559.10182,11968.29375,12193.21798,12193.21798,3827955
03-06-2025,12365.45735,12744.94483,12248.56328,12362.3635,12362.3635,2129423
04-06-2025,12423.66836,12774.4212,12101.25193,12366.42706,12366.42706,5102559
05-06-2025,12283.34515,13137.29829,11860.23876,12268.60384,12268.60384,3847650
06-06-2025,12063.77282,12358.82846,12040.86894,12101.94618,12101.94618,4702616
07-06-2025,12210.72624,12482.17619,11624.762,12164.14676,12164.14676,2990878
08-06-2025,12003.85121,12588.93877,11475.4518,11945.15797,11945.15797,4218318
09-06-2025,11921.7695,12182.63802,11498.59007,11968.86366,11968.86366,4474679
10-06-2025,12199.18635,12543.7249,12022.89089,12097.97461,12097.97461,3273545
11-06-2025,12106.16683,12978.33678,11969.99716,12135.59983,12135.59983,4835215
12-06-2025,11907.92595,12704.33035,11693.71553,11876.96577,11876.96577,4632258
13-06-2025,11797.44296,12149.14572,11303.57246,11878.10764,11878.10764,4532706
14-06-2025,12191.8565,12418.09165,11897.9842,12295.57428,12295.57428,4377494
15-06-2025,12362.32061,13017.55023,12139.38547,12312.2789,12312.2789,3339752
16-06-2025,12459.15452,12666.31335,12108.90362,12355.10599,12355.10599,3540784
17-06-2025,12494.12046,12527.62393,12065.47742,12493.37645,12493.37645,5137514
18-06-2025,12810.84855,13161.70133,12518.98636,12819.45114,12819.45114,4094465
19-06-2025,12597.71762,13119.48365,12166.03448,12537.61605,12537.61605,2658925
20-06-2025,12492.37499,12834.42903,12108.3965,12439.69938,12439.69938,3628574
21-06-2025,12434.76222,12983.59314,12252.84339,12409.23551,12409.23551,2448261
22-06-2025,12742.05945,13241.46583,12432.76673,12793.73666,12793.73666,3916281
23-06-2025,12846.92949,13179.97124,12713.79409,12807.0811,12807.0811,3991273
24-06-2025,12973.74751,13309.09387,12693.77979,12956.02923,12956.02923,6189005
25-06-2025,12945.56446,13112.28387,12861.29448,12978.16845,12978.16845,3997200
26-06-2025,13064.32774,13229.13952,12115.00106,13049.97093,13049.97093,4221853
27-06-2025,13048.77847,13411.25588,12507.11852,13032.08026,13032.08026,3949689
28-06-2025,12950.8665,13480.98516,12745.35823,13000.02766,13000.02766,3797413
29-06-2025,13015.60825,13381.50226,12385.80919,12955.91082,12955.91082,2859510
30-06-2025,12893.89938,13142.89216,12696.76165,12829.93216,12829.93216,3804854
01-07-2025,12802.98768,13127.48575,12741.4749,12888.27108,12888.27108,3653057
02-07-2025,13125.27807,13529.28303,12810.23939,13074.51781,13074.51781,2498693
03-07-2025,13276.08357,13511.63944,12575.0943,13181.55567,13181.55567,3592993
04-07-2025,13172.48181,13442.47686,12918.52524,13242.94513,13242.94513,3545414
05-07-2025,13360.74052,13411.33593,13042.74733,13250.59442,13250.59442,2985821
06-07-2025,13117.22872,13585.51551,12840.93276,13133.36965,13133.36965,3923784
07-07-2025,12991.17849,13396.40602,12839.35119,12882.07463,12882.07463,5478296
08-07-2025,12969.61135,13169.09814,12642.4984,12933.8935,12933.8935,1977501
09-07-2025,13224.01364,13601.82007,12678.73967,13285.62906,13285.62906,4194230
10-07-2025,13408.69266,13532.31945,12529.60933,13312.24746,13312.24746,4103902
11-07-2025,13135.08571,13784.12051,12418.26896,13230.98107,13230.98107,3183485
12-07-2025,13475.10424,13603.79486,13351.52548,13488.27305,13488.27305,4092627
13-07-2025,13323.1738,13826.09022,12941.46481,13279.9498,13279.9498,4054589
14-07-2025,13200.188,13480.2187,12657.20472,13285.32529,13285.32529,3686954
15-07-2025,13217.37889,13914.23846,12586.42464,13347.19802,13347.19802,4655143
16-07-2025,13291.35194,13947.86615,12936.20155,13393.13191,13393.13191,3222393
17-07-2025,13280.54144,13440.17323,12356.75574,13254.24336,13254.24336,5383358
18-07-2025,13407.79818,13810.29206,13191.18781,13436.93936,13436.93936,3355654
19-07-2025,13570.72607,14063.81283,13218.28574,13707.56517,13707.56517,4778558
20-07-2025,13511.2931,13803.55969,13320.22778,13645.27221,13645.27221,4523471
21-07-2025,13291.47149,13427.98156,12611.95516,13210.28561,13210.28561,1660632
22-07-2025,13253.17587,13664.61201,12807.48195,13170.61512,13170.61512,2834145
23-07-2025,13283.38435,13329.99258,12886.95168,13222.1203,13222.1203,3482615
24-07-2025,13205.19652,13385.35877,13162.28465,13305.72343,13305.72343,4053693
25-07-2025,13387.85425,13670.87672,13244.18339,13414.43076,13414.43076,4890127
26-07-2025,13530.76536,13601.32188,13203.8674,13445.91816,13445.91816,3906370
27-07-2025,13557.31015,13751.52606,12962.51322,13609.27344,13609.27344,4167132
28-07-2025,13457.36346,13539.9181,13243.88022,13444.63548,13444.63548,2837398
29-07-2025,13331.26167,13804.27233,13273.40632,13440.58684,13440.58684,3616796
30-07-2025,13485.8193,13553.18416,13333.53342,13475.97916,13475.97916,2305325
31-07-2025,13819.94236,14556.3553,13403.11494,13758.90661,13758.90661,4702976
01-08-2025,14051.72286,14210.25586,13601.76963,14058.54541,14058.54541,3131045
02-08-2025,13979.6598,14404.03799,13344.23483,13940.91779,13940.91779,5232684
03-08-2025,13813.36748,13931.15741,13779.31236,13884.80062,13884.80062,3679211
04-08-2025,13826.80144,14488.0973,13259.05773,13890.60724,13890.60724,5818587
05-08-2025,13738.96193,14751.89773,13211.37661,13871.5641,13871.5641,4594454
06-08-2025,14094.57502,14219.55936,13818.21366,14043.67876,14043.67876,4427442
07-08-2025,13717.53775,14002.37229,13733.47968,13820.8848,13820.8848,2866744
08-08-2025,14178.87791,14493.47491,14032.46658,14133.44241,14133.44241,3414042
09-08-2025,14211.58366,14779.64499,13927.80102,14127.86473,14127.86473,3478847
10-08-2025,13963.31957,14294.2109,13925.27166,13993.38832,13993.38832,1615008
11-08-2025,14099.982,14903.40145,13774.54918,14206.07708,14206.07708,1206165
12-08-2025,14450.29343,14933.97137,13849.2194,14401.93325,14401.93325,6100249
13-08-2025,14649.40675,15048.68944,14080.71455,14594.02551,14594.02551,3431959
14-08-2025,14590.00218,15546.36527,14443.33991,14560.9826,14560.9826,2938492
15-08-2025,14779.1073,15338.78945,14118.2494,14693.20551,14693.20551,3839652
16-08-2025,14816.08065,14926.55881,14134.21922,14751.23411,14751.23411,3829138
17-08-2025,14981.33383,15450.98452,14829.76211,14949.57514,14949.57514,3655056
18-08-2025,14912.91611,15364.26765,14713.06806,15035.74061,15035.74061,3981826
19-08-2025,14845.00409,14951.90599,14717.29019,14826.81467,14826.81467,5362135
20-08-2025,14393.13401,14987.71457,14274.25838,14531.8033,14531.8033,3492598
21-08-2025,14680.82216,15168.81904,14104.28212,14597.92538,14597.92538,4436113
22-08-2025,14501.12706,15355.23675,14114.3436,14586.01998,14586.01998,3228802
23-08-2025,14300.38228,14818.75351,13901.72991,14341.53829,14341.53829,4066540
24-08-2025,14533.42856,15223.76837,14250.53524,14502.03964,14502.03964,2650647
25-08-2025,14811.40515,14817.49296,14136.52986,14712.79444,14712.79444,5634973
26-08-2025,14247.08542,14237.46396,13824.74528,14163.62738,14163.62738,2981559
27-08-2025,14281.13903,14518.97505,13965.23904,14278.82383,14278.82383,6565375
28-08-2025,14483.0997,14454.99996,14213.20833,14371.82777,14371.82777,5007562
29-08-2025,14584.36246,14658.10743,14073.34445,14541.62325,14541.62325,5387753
30-08-2025,14698.94959,14777.75215,13926.01328,14650.31928,14650.31928,3142433
31-08-2025,14520.20401,15103.72265,14346.56166,14554.63226,14554.63226,5170863
01-09-2025,14091.32991,14589.72078,13730.89466,14222.30207,14222.30207,2199451
02-09-2025,14193.50559,14324.5973,13626.48366,14209.8215,14209.8215,4196519
03-09-2025,14248.72854,14263.31533,13755.9399,14121.1048,14121.1048,3132432
04-09-2025,14327.43833,14745.50142,14117.92931,14369.91157,14369.91157,5934409
05-09-2025,14095.69468,14841.36929,13396.03312,14130.7926,14130.7926,3337859
06-09-2025,13874.90726,13903.46854,13586.29157,13803.63584,13803.63584,5005484
07-09-2025,13847.09391,14103.05156,13645.01079,13713.9922,13713.9922,2154305
08-09-2025,13432.56728,13905.33994,13509.91327,13548.62654,13548.62654,3371184
09-09-2025,13374.34573,14078.41471,13047.86044,13498.23474,13498.23474,3699212
10-09-2025,13447.1936,13815.45324,13447.02586,13572.91453,13572.91453,3255911
11-09-2025,13774.54817,14199.99024,13092.57507,13747.75647,13747.75647,3610518
12-09-2025,13480.37731,13672.90799,13437.50035,13526.31149,13526.31149,5046991
13-09-2025,13463.87748,14143.17862,12567.8162,13483.21108,13483.21108,3467610
14-09-2025,13442.25379,13521.20127,13193.3831,13399.03086,13399.03086,4665762
15-09-2025,13268.52012,13591.48193,12614.46368,13189.95482,13189.95482,1628390
16-09-2025,13430.68903,13938.49331,13142.22096,13498.36008,13498.36008,3455958
17-09-2025,13567.41289,13593.31211,13112.14852,13470.60421,13470.60421,4261433
18-09-2025,13645.8793,14313.30216,13522.86602,13705.60708,13705.60708,3183236
19-09-2025,13675.39506,13854.83365,13580.5955,13714.80307,13714.80307,1844777
20-09-2025,13783.43112,14222.9966,13414.87888,13851.90777,13851.90777,3313345
21-09-2025,13248.9349,13454.11487,13100.72016,13322.51035,13322.51035,4877239
22-09-2025,13252.89765,13820.20865,13041.77356,13318.93036,13318.93036,3845259
23-09-2025,13443.15976,14061.01938,13325.86168,13511.62322,13511.62322,852554
24-09-2025,13375.69919,13757.42608,13001.97182,13348.16658,13348.16658,5267342
25-09-2025,13433.75533,13505.85049,12683.11318,13329.45823,13329.45823,3505849
26-09-2025,13174.85362,13432.7636,12566.47731,13298.4906,13298.4906,3548199
27-09-2025,13400.55597,13643.4467,13357.01979,13491.21608,13491.21608,3358464
28-09-2025,12937.3935,13508.63452,12781.5005,13013.37374,13013.37374,6539761
29-09-2025,13113.28828,13416.0242,13009.55198,13121.12877,13121.12877,1757541
30-09-2025,12925.06261,13468.71258,12304.3386,12936.65481,12936.65481,4459407
01-10-2025,12982.65489,13536.15084,12558.91495,12872.68439,12872.68439,1838080
02-10-2025,13371.57458,13866.25937,13220.57335,13486.28171,13486.28171,3989564
03-10-2025,13831.08226,13876.1936,13564.30157,13802.28276,13802.28276,5117256
04-10-2025,13651.30856,13728.25651,13044.60665,13558.13806,13558.13806,5100905
05-10-2025,13537.00782,13961.50892,12894.10412,13404.68577,13404.68577,4639706
06-10-2025,13717.51934,13846.26625,13144.90233,13617.56602,13617.56602,4603007
07-10-2025,13466.58429,13738.71859,13087.38202,13421.67535,13421.67535,5523569
08-10-2025,13245.81368,13653.98142,12763.30399,13228.19677,13228.19677,4814377
09-10-2025,13392.80238,13536.30889,12921.77538,13261.72991,13261.72991,3505108
10-10-2025,13261.86125,13683.78943,12710.9239,13229.76237,13229.76237,4022643
11-10-2025,12908.24798,13127.24369,12506.92703,12806.16383,12806.16383,398601
12-10-2025,14528.85752,15142.02432,14315.06353,14562.09271,14562.09271,4864484
13-10-2025,14701.80049,15109.46308,14535.05766,14782.93329,14782.93329,5050903
14-10-2025,14543.90238,14887.79892,14292.53378,14535.82403,14535.82403,3784678
15-10-2025,14444.71391,15323.3872,14284.08863,14417.27752,14417.27752,5025709
16-10-2025,14472.33374,15078.22497,14274.47904,14446.50348,14446.50348,5672861
17-10-2025,14321.72712,14576.47698,14255.9315,14373.33422,14373.33422,4800808
18-10-2025,14543.71607,15077.45049,14345.54475,14536.09274,14536.09274,2807688
19-10-2025,14470.20029,15044.09798,13689.06254,14497.57933,14497.57933,4281478
20-10-2025,14748.83437,15060.20513,13859.71212,14681.45286,14681.45286,3701685
21-10-2025,14097.81318,14614.40756,13922.32064,14161.26682,14161.26682,4172329
22-10-2025,14351.34885,14538.34661,14084.92334,14349.26483,14349.26483,5388710
23-10-2025,14308.78232,14663.52732,13898.79813,14365.07347,14365.07347,5309491
24-10-2025,14224.20789,14389.35535,13681.9477,14128.20586,14128.20586,3767345
25-10-2025,14469.91371,14759.44367,14040.62921,14435.88719,14435.88719,3261959
26-10-2025,14566.6158,15205.76891,13899.57673,14451.83239,14451.83239,5333451
27-10-2025,14473.33289,14984.12409,13805.71781,14393.0507,14393.0507,3162819
28-10-2025,14401.89205,14577.90005,13925.43142,14339.52143,14339.52143,4279330
29-10-2025,14407.44864,14644.03323,14119.51342,14365.07548,14365.07548,4175524
30-10-2025,14398.14527,14857.85788,14312.90259,14408.1989,14408.1989,2595542
31-10-2025,14059.01891,14408.33069,13655.78155,14166.69773,14166.69773,4233304
01-11-2025,14337.67942,15040.34121,13784.7803,14200.15584,14200.15584,3621539
02-11-2025,14221.74976,14560.29685,13653.29196,14112.59389,14112.59389,4554327
03-11-2025,14112.2187,15044.27083,13647.07246,14110.09817,14110.09817,3990279
04-11-2025,14134.58632,14338.76423,13929.60178,14226.01419,14226.01419,4557803
05-11-2025,14353.10039,14574.18719,14092.61591,14228.30731,14228.30731,4663885
06-11-2025,14839.05127,15074.98733,13974.71746,14924.90914,14924.90914,4531589
07-11-2025,15252.42072,15358.89268,14683.35688,15253.63768,15253.63768,3486837
08-11-2025,15282.91271,15843.5073,15047.49383,15374.33023,15374.33023,2771611
09-11-2025,15312.73452,16231.0654,14776.45341,15246.57756,15246.57756,3255566
10-11-2025,15495.06206,15488.16335,14424.49516,15354.1964,15354.1964,4705730
11-11-2025,15469.28191,15873.37776,14617.95237,15380.4336,15380.4336,2565085
12-11-2025,16298.71621,16763.95541,15628.54136,16237.82046,16237.82046,3924570
13-11-2025,15967.61014,16149.25234,15514.71371,15948.81007,15948.81007,2981765
14-11-2025,16047.1014,16247.0844,16063.89585,16182.40051,16182.40051,5370207
15-11-2025,16125.09408,16513.72,15784.06111,16036.28626,16036.28626,4051378
16-11-2025,16240.37666,16663.76131,15709.33417,16215.53977,16215.53977,3279582
17-11-2025,16247.13533,17074.85009,16012.49317,16266.61865,16266.61865,4572322
18-11-2025,16638.78276,17246.40022,16063.29792,16600.1089,16600.1089,4053532
19-11-2025,16505.98001,16716.2886,16278.59151,16438.69535,16438.69535,3701678
20-11-2025,16133.28353,16768.63014,15810.9541,16185.31365,16185.31365,4638115
21-11-2025,16487.44797,16587.56681,16246.12046,16382.80218,16382.80218,5049606
22-11-2025,16429.62694,17009.64956,16229.97789,16538.67453,16538.67453,5539112
23-11-2025,16665.72489,17663.65754,15855.48248,16633.56196,16633.56196,4100954
24-11-2025,16666.53465,16823.58707,16421.11742,16541.3666,16541.3666,5323836
25-11-2025,16692.1755,17041.1967,16360.79753,16556.53873,16556.53873,2994221
26-11-2025,16609.02359,17556.13166,16043.68778,16741.92015,16741.92015,4436533
27-11-2025,16992.42884,17165.9912,16832.07051,16923.70195,16923.70195,3717695
28-11-2025,16610.29862,17312.46987,16356.78345,16775.15082,16775.15082,3556912
29-11-2025,16909.48947,17874.55143,16759.36954,17046.16043,17046.16043,4957756
30-11-2025,16751.09318,16769.49388,15703.70718,16670.43426,16670.43426,4646644
01-12-2025,16527.90394,16761.73959,15745.22912,16629.68027,16629.68027,3255669
02-12-2025,16177.06044,16576.10255,15605.37571,16311.05565,16311.05565,4579109
03-12-2025,16093.40283,16534.89675,16099.48242,16221.55629,16221.55629,4346693
04-12-2025,17870.35705,17920.99846,17441.37996,17773.38331,17773.38331,3499614
05-12-2025,17982.058,18086.8575,17130.94253,17805.05675,17805.05675,3471059
06-12-2025,17720.79451,18366.10021,17743.62995,17841.03475,17841.03475,2652684
07-12-2025,17806.71532,18246.26145,17418.17019,17848.25649,17848.25649,2800585
08-12-2025,18680.81397,18941.19533,18073.56986,18504.72152,18504.72152,4097337
09-12-2025,18140.99541,19008.47331,17558.01151,18287.75828,18287.75828,3670499
10-12-2025,18192.63979,19233.60202,17797.50797,18309.12474,18309.12474,2038901
11-12-2025,18515.57974,18869.15048,18450.39865,18693.39972,18693.39972,2089818
12-12-2025,19533.37345,20143.5884,19219.57338,19350.39586,19350.39586,3864997
13-12-2025,19198.36013,19422.18222,18113.73905,19276.2806,19276.2806,4318915
14-12-2025,19300.33094,19595.13066,18737.05931,19174.43436,19174.43436,4096413
15-12-2025,19402.5903,20549.12551,19032.34207,19301.30728,19301.30728,3252600
16-12-2025,19249.3052,20615.42941,18210.52767,19378.64759,19378.64759,3661993
17-12-2025,19176.84084,19989.19269,19089.64709,19207.20943,19207.20943,3531209
18-12-2025,19193.79274,19472.33843,18559.70567,19111.41443,19111.41443,4402870
19-12-2025,18891.67814,19196.02644,17769.31151,18875.31156,18875.31156,4160685
20-12-2025,19053.46627,19365.5954,18747.67541,18872.35901,18872.35901,2185283
21-12-2025,19032.52368,18975.95126,17984.97023,18882.51373,18882.51373,2361819
22-12-2025,19083.76252,19218.88967,18724.58309,18940.42618,18940.42618,3275858
23-12-2025,19538.74749,20020.0754,19110.38018,19689.966,19689.966,2421470
24-12-2025,19496.11672,20086.6906,19269.13479,19606.47357,19606.47357,3252159
25-12-2025,19579.64829,20914.78334,19098.28245,19568.49861,19568.49861,3238163
26-12-2025,19310.36829,19677.29558,18850.87148,19216.2107,19216.2107,4203940
27-12-2025,18945.55459,19694.72772,18636.44467,18984.56139,18984.56139,4916091
28-12-2025,18542.08579,18918.13309,17961.25821,18566.10959,18566.10959,6495810
29-12-2025,18849.85343,19155.1709,18035.57941,18671.4484,18671.4484,4176515
30-12-2025,19251.32996,19316.40723,17847.01029,19167.73701,19167.73701,4158835
31-12-2025,19039.12771,19264.77815,17898.89639,18963.32837,18963.32837,4627283
01-01-2026,19215.93983,19876.9222,18539.83416,19361.33389,19361.33389,3914493
02-01-2026,19301.93778,19403.6022,18798.72341,19214.38613,19214.38613,3152997
03-01-2026,18810.83041,19841.12675,17991.90565,18850.34524,18850.34524,5794033
04-01-2026,18573.73634,19515.20995,18144.68808,18463.58767,18463.58767,1431549
05-01-2026,18134.55886,18430.97612,17742.17056,18068.31843,18068.31843,2827129
06-01-2026,18772.25329,18841.4565,17455.70391,18688.18355,18688.18355,3614523
07-01-2026,18946.64517,19070.50571,18262.68505,18807.75322,18807.75322,5843874
08-01-2026,18823.50263,18951.83152,17931.6718,18703.08919,18703.08919,3560135
09-01-2026,18076.67638,18805.32855,17424.34944,18129.18591,18129.18591,4625712
10-01-2026,18020.082,18309.4108,17262.18248,18046.79925,18046.79925,3698337
11-01-2026,18260.99985,18926.1306,17891.45527,18100.80509,18100.80509,4750423
12-01-2026,18483.37368,19644.1154,17951.59032,18326.21631,18326.21631,3890818
13-01-2026,18352.26307,19349.21212,17590.8232,18208.0276,18208.0276,4310445
14-01-2026,18343.70938,18666.61689,17371.17217,18213.9523,18213.9523,4695298
15-01-2026,18228.36739,18360.66778,18011.58632,18169.15481,18169.15481,2668738
16-01-2026,18140.75744,18802.95821,17401.48624,18124.46751,18124.46751,4105164
17-01-2026,17692.168,18357.2451,17037.47826,17579.58383,17579.58383,2700115
18-01-2026,17747.08147,17912.36899,17375.16149,17631.93346,17631.93346,4136111
19-01-2026,17561.01204,18040.00541,17489.54761,17619.16332,17619.16332,2151263
20-01-2026,17362.20056,18000.13601,17217.47585,17360.27887,17360.27887,4505487
21-01-2026,17425.52319,17578.39755,16922.83597,17371.92702,17371.92702,3776068
22-01-2026,17480.30617,17583.33751,17350.7185,17456.97691,17456.97691,3280211
23-01-2026,17858.63963,18578.06729,17447.19197,17703.32866,17703.32866,2055732
24-01-2026,17812.3027,18280.02963,17159.15972,17733.58005,17733.58005,3785901
25-01-2026,17581.88688,18018.25832,17339.84104,17658.31184,17658.31184,1833622
26-01-2026,19293.8938,19461.85755,18409.17802,19347.58536,19347.58536,4152167
27-01-2026,19863.3304,20223.11337,18681.40452,19709.53253,19709.53253,3154861
28-01-2026,19685.41727,19848.45294,19570.75347,19655.00852,19655.00852,5055386
29-01-2026,19380.12146,20083.11565,18863.03592,19336.14769,19336.14769,4051450
30-01-2026,19318.92004,19757.16504,18973.24502,19463.82612,19463.82612,2324423
31-01-2026,19483.45503,20454.57074,19110.91567,19636.54565,19636.54565,5186011
01-02-2026,19279.32803,19628.93587,19102.9762,19412.41608,19412.41608,4958547
02-02-2026,19201.67301,19719.98848,18813.6538,19284.6362,19284.6362,4401962
03-02-2026,19521.34349,20717.23503,19243.0481,19569.9081,19569.9081,2939449
04-02-2026,19610.39181,20065.08281,19424.19817,19522.73463,19522.73463,2382401
05-02-2026,19970.15532,20714.96167,19733.74509,19898.5062,19898.5062,3026411
06-02-2026,19926.80094,20372.3295,19407.44491,19787.54665,19787.54665,2717890
07-02-2026,20238.99953,20737.94502,19038.34456,20141.91298,20141.91298,5063041
08-02-2026,20088.23646,20469.76635,19756.45296,20190.99548,20190.99548,5446433
09-02-2026,20242.90046,20710.25936,19404.25879,20377.98337,20377.98337,3832167
10-02-2026,20243.86084,20679.32484,19321.66271,20208.82181,20208.82181,3061409
11-02-2026,20393.15469,21543.40792,20439.35723,20595.01861,20595.01861,4224944
12-02-2026,20585.54528,21296.5519,19831.28042,20406.06423,20406.06423,4140555
13-02-2026,20111.12471,20716.263,20086.70498,20269.4088,20269.4088,3200500
14-02-2026,19803.27802,20159.9078,19516.14537,19918.66447,19918.66447,3564517
15-02-2026,19977.93619,20631.35161,19836.08194,20133.2155,20133.2155,1912964
16-02-2026,20144.15424,20954.55479,19781.34686,20326.31351,20326.31351,2848353
17-02-2026,20047.11741,20364.26789,19245.01381,20243.59982,20243.59982,6163727
18-02-2026,19887.17086,20629.59626,19737.77307,20087.75752,20087.75752,3714816
19-02-2026,20168.44169,20286.49843,18949.93505,20140.80027,20140.80027,4701525
20-02-2026,20038.72273,20192.62753,19558.6726,19909.74826,19909.74826,5252695
21-02-2026,19764.18825,20106.26783,19157.05243,19738.163,19738.163,2910943
22-02-2026,19538.84105,19993.68034,19054.45655,19657.99403,19657.99403,3417058
23-02-2026,19816.07959,20277.73111,19118.40154,19972.37346,19972.37346,3639973
24-02-2026,20139.29277,20429.2203,19816.31372,20136.90619,20136.90619,4243926
25-02-2026,19727.20448,19948.48845,19269.79291,19694.19716,19694.19716,3670398
26-02-2026,20015.40132,20469.63472,19007.38433,19863.68467,19863.68467,5041300
27-02-2026,19979.89003,20938.15972,19727.18941,20145.38208,20145.38208,2320443
28-02-2026,19661.27938,19945.99193,18392.92323,19763.79404,19763.79404,2169240
01-03-2026,19787.34316,19867.21838,19599.77591,19728.53422,19728.53422,3300767
02-03-2026,19649.17678,20405.08782,19114.0548,19773.57301,19773.57301,2387039
03-03-2026,19298.21973,19802.81229,18722.94521,19463.05159,19463.05159,5311106
04-03-2026,22352.68459,23405.99731,21188.35943,22213.40189,22213.40189,3097457
05-03-2026,22548.48622,23660.28463,22106.58801,22546.56996,22546.56996,4855906
06-03-2026,22970.76293,24250.71125,22489.968,22829.40812,22829.40812,3581931
07-03-2026,22933.20005,23044.72938,22493.29288,22861.14035,22861.14035,3257947
08-03-2026,23409.78456,24210.75795,22819.0498,23398.27214,23398.27214,3222224
09-03-2026,23449.25043,23435.90397,22666.94608,23245.55691,23245.55691,4577141
10-03-2026,23387.66165,24483.68591,22747.16149,23336.54668,23336.54668,2861624
11-03-2026,23745.68512,24071.88641,23579.93064,23950.99298,23950.99298,5341503
12-03-2026,23609.86245,24547.24173,23385.4423,23823.48562,23823.48562,2791944
13-03-2026,23785.13498,24493.6642,23212.18483,23819.49817,23819.49817,2443616
14-03-2026,23910.99024,24482.20358,23717.37935,23918.05601,23918.05601,3239715
15-03-2026,25164.10092,25497.79034,25080.38994,25315.7199,25315.7199,2694423
16-03-2026,25543.1546,26468.08911,24794.40021,25633.296,25633.296,4423032
17-03-2026,25300.17649,25783.82245,24439.47191,25361.97276,25361.97276,3871699
18-03-2026,25063.08059,26078.35265,24558.83224,25207.14721,25207.14721,4324874
19-03-2026,25308.9537,25627.71554,24165.07431,25090.8165,25090.8165,2424627
20-03-2026,25082.27026,25701.45787,24321.65789,25122.00272,25122.00272,4103239
21-03-2026,25770.46604,26908.16106,25053.84008,25707.88434,25707.88434,2826544
22-03-2026,25809.63874,26246.26128,25301.48581,25834.74448,25834.74448,2910993
23-03-2026,25789.10325,26010.79125,25480.04209,25735.79308,25735.79308,3484392
24-03-2026,25770.68663,27309.16014,25121.28904,25860.08519,25860.08519,3262822
25-03-2026,25847.23989,26404.08705,25597.92642,26008.04101,26008.04101,4232154
26-03-2026,25989.28345,26406.12717,24291.38675,25746.40025,25746.40025,3471613
27-03-2026,25788.69176,26192.75884,25299.92965,25891.76469,25891.76469,412562
28-03-2026,23250.3609,23570.72663,23157.16799,23393.63456,23393.63456,2587844
29-03-2026,23319.84915,23494.86399,22538.948,23332.98708,23332.98708,3437418
30-03-2026,22921.578,23119.65443,22145.64655,22852.69271,22852.69271,3272126
31-03-2026,23217.34416,23973.17762,21527.2385,22995.36252,22995.36252,3541185
01-04-2026,22835.68416,23365.04378,22338.15355,22885.76971,22885.76971,5461007
02-04-2026,23314.58681,23279.8881,23030.72448,23092.86587,23092.86587,3188451
03-04-2026,23337.01936,23905.10096,21721.0463,23152.34262,23152.34262,3510165
04-04-2026,23178.34679,23908.21619,22903.67583,23073.49522,23073.49522,2732896
05-04-2026,23150.07533,24712.78838,22839.4456,23273.26048,23273.26048,4176117
06-04-2026,23520.77759,23835.30484,22534.206,23394.28399,23394.28399,1621120
07-04-2026,23558.27251,24119.94376,22283.88434,23568.02754,23568.02754,2891318
08-04-2026,22962.37861,23839.35573,22741.5775,23117.23675,23117.23675,2094800
09-04-2026,22939.92354,23823.86269,22433.60863,22873.0234,22873.0234,4815651
10-04-2026,22938.64231,23152.35447,22417.2246,22963.55211,22963.55211,3337269
11-04-2026,22853.10165,23191.58668,22539.30533,23054.43913,23054.43913,3982780
12-04-2026,23249.5783,23222.10691,22864.28379,23050.58039,23050.58039,2788567
13-04-2026,23522.08828,24454.93744,22647.38049,23400.15265,23400.15265,3278583
14-04-2026,24282.94199,25461.78339,23052.70266,24240.80616,24240.80616,3515962
15-04-2026,23908.04162,24447.3078,22866.21703,24083.3814,24083.3814,5478315
16-04-2026,24384.18999,25164.32433,24312.36886,24589.0107,24589.0107,3303370
17-04-2026,23876.37461,24850.69567,22962.75369,23907.53069,23907.53069,3775214
18-04-2026,23489.86504,23689.65706,23331.88938,23507.96094,23507.96094,4681832
19-04-2026,22767.15872,23080.14001,21561.53823,22675.33777,22675.33777,3404585
20-04-2026,23257.68453,24570.92912,23191.25236,23472.28266,23472.28266,4305201
21-04-2026,23797.92482,24330.1238,23697.29253,23882.94446,23882.94446,4618738
22-04-2026,24128.68302,24760.79274,22778.03407,24190.59691,24190.59691,4871132
23-04-2026,24055.71057,24174.20371,23049.36136,23831.68233,23831.68233,4323130
24-04-2026,23807.23267,24857.81826,23526.91671,23774.57047,23774.57047,3751859
25-04-2026,23633.28885,23965.33766,23451.31944,23664.85108,23664.85108,4711306
26-04-2026,23906.77735,25050.49886,23471.62085,23726.19063,23726.19063,3728185
27-04-2026,23542.8334,23705.70043,22411.89976,23497.74752,23497.74752,4312355
28-04-2026,23860.30489,24317.01706,23349.71443,23669.94621,23669.94621,2531011
29-04-2026,23582.47958,24302.2869,22983.23099,23637.74546,23637.74546,5236719
30-04-2026,23982.30365,25325.88973,23568.11637,23913.63055,23913.63055,3849235
01-05-2026,24323.80268,25719.57878,23892.7887,24161.14419,24161.14419,3125811
02-05-2026,24113.18073,25053.30255,23878.50471,23992.93591,23992.93591,2384643
03-05-2026,24178.78821,24577.69058,23072.60322,23943.60068,23943.60068,2476969
04-05-2026,24523.80506,25418.28904,22940.09498,24346.6821,24346.6821,5533167
05-05-2026,24830.54478,25336.80894,24295.23061,24694.27776,24694.27776,3621280
06-05-2026,24474.1613,25203.06725,24255.54519,24450.20028,24450.20028,947325
07-05-2026,24894.70554,25019.86193,24325.66267,24658.10111,24658.10111,400689
08-05-2026,24294.56534,25029.66031,23505.32257,24191.03444,24191.03444,3944170
09-05-2026,24305.9587,24344.17291,23891.36735,24196.9095,24196.9095,5196249
10-05-2026,23880.45257,25330.5909,23195.97962,23994.45435,23994.45435,3857950
11-05-2026,24325.36522,25924.28359,22932.31014,24500.70541,24500.70541,3248494
12-05-2026,25049.23409,25183.54981,24143.69042,24827.83297,24827.83297,3175752
13-05-2026,25101.78079,25194.79093,24385.25597,25002.8409,25002.8409,3553204
14-05-2026,24945.10308,26469.76351,24506.44494,24871.1207,24871.1207,2408658
15-05-2026,24733.43852,25487.30606,24314.10745,24822.75599,24822.75599,2481067
16-05-2026,25165.74547,25417.38016,23473.43457,25036.94217,25036.94217,4579294
17-05-2026,24796.19933,25401.9468,24555.21757,24924.48911,24924.48911,4772835
18-05-2026,24865.49282,25373.3983,24665.89566,24819.78457,24819.78457,5098832
19-05-2026,24785.59802,25293.33211,24597.71566,24870.09795,24870.09795,4403968
20-05-2026,24406.11863,24756.77606,24443.69766,24638.15845,24638.15845,5758440
21-05-2026,25305.25237,25971.27476,24746.77826,25434.51252,25434.51252,3101184
22-05-2026,25968.03711,26511.16561,24948.53531,25821.09758,25821.09758,4117101
23-05-2026,25901.31986,27175.67744,25325.4227,25856.17781,25856.17781,4503761
24-05-2026,26175.91346,26472.25863,24617.66514,26139.59417,26139.59417,2868993
25-05-2026,26598.7651,26967.71893,26294.7438,26705.20047,26705.20047,3384866
26-05-2026,26978.20848,27489.08412,25226.38457,26737.41134,26737.41134,2720978
27-05-2026,26378.48461,27262.83794,26125.37289,26430.68406,26430.68406,3354420
28-05-2026,26237.59601,26832.04993,25282.43347,26377.14292,26377.14292,2190261
29-05-2026,26446.02093,27535.02801,25410.38504,26311.81585,26311.81585,3934418
30-05-2026,25912.38872,26713.07724,25106.58095,26011.7614,26011.7614,3763343
31-05-2026,26144.15459,26531.9832,25202.10744,25987.62449,25987.62449,1702893
01-06-2026,26114.28944,26759.14931,24961.26207,25991.8135,25991.8135,1573578
02-06-2026,25724.00607,26421.61867,25345.76214,25682.90413,25682.90413,2929663
03-06-2026,25756.81339,26373.83407,25240.25943,25501.98502,25501.98502,2332013
04-06-2026,26327.9328,26454.95495,25572.54284,26195.43918,26195.43918,3777174
05-06-2026,25410.85308,26954.90614,23526.39482,25267.62883,25267.62883,4141171
06-06-2026,25947.98296,26348.73803,25475.30175,25900.79266,25900.79266,1910517
07-06-2026,26695.60971,27579.04907,26140.15117,26831.28198,26831.28198,4807855
08-06-2026,27292.66062,28168.15779,26659.1063,27231.81561,27231.81561,2996964
09-06-2026,27303.94585,27775.39448,27342.97454,27494.46887,27494.46887,2269275
10-06-2026,26411.26261,27469.91882,26053.83357,26435.59737,26435.59737,2189395
11-06-2026,26307.28292,27871.2902,25147.37261,26299.6564,26299.6564,2397626
12-06-2026,25944.19502,26660.37258,25080.66763,26082.77599,26082.77599,3959005
13-06-2026,25714.70578,26085.99648,24743.37727,25755.02615,25755.02615,4177985
14-06-2026,25753.75368,26950.51101,24871.859,25877.33639,25877.33639,3606116
15-06-2026,25595.28981,25807.37594,25351.71743,25586.42444,25586.42444,3255710
16-06-2026,25418.87235,25703.01071,24815.597,25422.48994,25422.48994,4606474
17-06-2026,26205.34198,26953.90717,26103.12972,26280.56978,26280.56978,3152189
18-06-2026,26614.88306,27945.78756,26332.12079,26713.55301,26713.55301,4709716
19-06-2026,26209.18808,27388.57522,25243.77991,26209.37651,26209.37651,3354021
20-06-2026,26419.22008,27045.69339,25138.69239,26234.17862,26234.17862,3406696
21-06-2026,25433.69056,25980.65324,25183.27322,25507.10308,25507.10308,3912211
22-06-2026,25782.76945,26033.70816,24249.89554,25589.61368,25589.61368,2660068
23-06-2026,25546.6389,26389.06127,25319.54033,25760.31071,25760.31071,2137453
24-06-2026,24971.81908,25309.82486,24644.88829,24812.94198,24812.94198,3974402
25-06-2026,25290.10601,26222.29458,24006.55211,25339.21917,25339.21917,4649762
26-06-2026,26138.01464,26686.6442,25439.02902,26006.73374,26006.73374,2947931
27-06-2026,25985.57357,26400.71687,25603.0185,26016.86943,26016.86943,6442108
28-06-2026,26871.52082,27838.28031,26392.80322,26895.01123,26895.01123,5007834
29-06-2026,26752.55595,27591.85998,26678.62506,26770.89104,26770.89104,2853969
30-06-2026,26476.22869,27237.34439,25864.1611,26593.32855,26593.32855,4124297
01-07-2026,26973.03352,27491.79054,26316.12511,26801.9208,26801.9208,5004887
02-07-2026,27052.20464,27792.14239,25517.99188,26839.17471,26839.17471,4382644
03-07-2026,26732.86379,27976.06781,26180.05711,26607.87059,26607.87059,2534705
04-07-2026,27144.00472,27426.83304,25837.58298,27011.39072,27011.39072,2621280
05-07-2026,27208.70177,27752.37997,26794.98846,27203.99539,27203.99539,4855881
06-07-2026,27092.66829,27305.26481,26446.80359,27046.39429,27046.39429,3441835
07-07-2026,27384.55876,27848.74832,26949.3846,27258.98433,27258.98433,3270028
08-07-2026,27411.52099,28172.02108,25930.70725,27579.7794,27579.7794,2416895
09-07-2026,28075.95307,28567.41937,27197.70713,28165.27103,28165.27103,3329362
10-07-2026,28445.79501,29477.17128,27900.63263,28433.24637,28433.24637,3940233
11-07-2026,28033.57705,29294.31515,27473.72669,27956.66619,27956.66619,5417536
12-07-2026,28441.46997,28659.59539,27648.37242,28456.45227,28456.45227,3155304
13-07-2026,28168.48883,28836.95141,27702.72088,28339.3737,28339.3737,3770062
14-07-2026,28952.10114,30487.82523,28084.05886,28941.28504,28941.28504,3457498
15-07-2026,28823.36999,29376.62563,28661.79541,28994.5358,28994.5358,2856832
16-07-2026,28086.56916,28431.68947,26773.58157,28077.54993,28077.54993,5022515
17-07-2026,28685.97614,29708.50044,27743.22583,28428.0753,28428.0753,5611734
18-07-2026,28976.43153,29807.57516,28084.57393,28763.10344,28763.10344,2530728
19-07-2026,29052.98408,29689.02578,27325.35806,28860.31048,28860.31048,4657117
20-07-2026,29501.08443,30401.68025,29350.54209,29484.7874,29484.7874,5440975
21-07-2026,30118.47415,30955.31549,28847.30627,30268.49545,30268.49545,4870343
22-07-2026,30288.00654,31600.48402,28639.11138,30119.75523,30119.75523,4526097
23-07-2026,30370.2778,30754.45504,29261.41343,30490.09344,30490.09344,5535900
24-07-2026,31584.58145,32834.45192,30835.43305,31830.7351,31830.7351,6750515
25-07-2026,30912.57402,32028.16278,29178.19362,31110.38703,31110.38703,3657737
26-07-2026,30943.41692,32189.10541,30895.25928,31096.50421,31096.50421,4163759
27-07-2026,31183.34447,32068.04784,29794.45173,30980.85302,30980.85302,3020098
28-07-2026,30361.3238,31341.24996,30349.70273,30632.56755,30632.56755,5487671
29-07-2026,30766.11356,31815.82172,29086.33539,30881.3985,30881.3985,3265839
30-07-2026,30819.10664,32294.99994,30759.87672,30936.68104,30936.68104,3871666
31-07-2026,31065.13261,31961.55113,30593.18511,31338.88911,31338.88911,2905058
01-08-2026,32173.16338,32326.54895,31553.3904,31913.75445,31913.75445,3445228
02-08-2026,32211.17582,32610.24514,30951.628,31948.91394,31948.91394,4477709
03-08-2026,32744.08698,34435.15753,31589.36624,32617.24194,32617.24194,4278352
04-08-2026,32859.87298,34972.04686,30416.68027,32815.21098,32815.21098,3977280
05-08-2026,32353.53543,33591.06431,30622.99005,32385.23125,32385.23125,5266004
06-08-2026,32311.11501,33405.74169,31887.78399,32382.89555,32382.89555,3012275
07-08-2026,32757.3068,33877.05883,31671.72115,32956.6543,32956.6543,2356068
08-08-2026,32335.58747,33138.46758,31576.2413,32422.00248,32422.00248,2431373
09-08-2026,32366.81053,32481.64302,30185.13422,32170.04477,32170.04477,3338302
10-08-2026,31544.84762,32033.11906,30302.35713,31564.97323,31564.97323,7191430
11-08-2026,31552.87588,32012.0388,30336.56386,31577.54319,31577.54319,3606507
12-08-2026,31375.43868,31832.22784,31294.61481,31659.39252,31659.39252,4148917
13-08-2026,31855.78275,32802.22295,29762.31505,31751.42564,31751.42564,3458572
14-08-2026,31187.51777,31727.23227,31107.8392,31463.10666,31463.10666,2675774
15-08-2026,31674.22138,33346.51095,30806.91966,31486.12374,31486.12374,3749298
16-08-2026,31550.91451,31950.14387,30696.19424,31246.32278,31246.32278,2460643
17-08-2026,31273.03553,31915.89142,30493.45644,31546.50752,31546.50752,4865505
18-08-2026,31772.07045,32859.47432,30868.69024,31656.51115,31656.51115,3453616
19-08-2026,31919.55595,32830.55865,31291.69602,31994.80559,31994.80559,3026332
20-08-2026,32003.58217,32888.52819,30932.68118,31954.62427,31954.62427,3713342
21-08-2026,31771.28584,32272.48116,31261.64602,31800.02674,31800.02674,3836561
22-08-2026,30823.98628,31257.27526,30263.81728,31085.91353,31085.91353,2200224
23-08-2026,31338.60646,32190.51161,30945.58805,31425.20379,31425.20379,2380636
24-08-2026,33326.72332,34470.68481,32123.94168,33177.01115,33177.01115,5494195
25-08-2026,33086.67108,35087.61019,32680.61719,33012.01829,33012.01829,2703278
26-08-2026,32903.12171,33097.33274,31748.4483,32711.25714,32711.25714,4073356
27-08-2026,32356.80134,33354.11718,30733.23712,32181.2985,32181.2985,3976048
28-08-2026,32670.28118,33856.17991,31818.78225,32930.17778,32930.17778,2941048
29-08-2026,30037.16979,29981.1121,29455.01547,29752.95635,29752.95635,3834208
30-08-2026,29538.35774,30505.0898,28810.25813,29734.12172,29734.12172,3641390
31-08-2026,30305.80744,30722.14417,29826.32712,30502.47419,30502.47419,2488855
01-09-2026,30488.9839,31014.93753,29190.48567,30378.58466,30378.58466,2770835
02-09-2026,30648.25252,32562.61798,29760.6245,30637.51404,30637.51404,6336336
03-09-2026,30363.14998,31669.34845,29496.77338,30159.45186,30159.45186,2439389
04-09-2026,30659.92193,30975.60675,29132.37373,30415.7692,30415.7692,2854145
05-09-2026,30423.65768,30780.93197,28470.67702,30136.44118,30136.44118,3665453
06-09-2026,30162.22889,31607.27528,29966.28119,30131.72711,30131.72711,3768688
07-09-2026,29410.09955,30223.09372,28212.04805,29579.63291,29579.63291,1887919
08-09-2026,30115.9184,30573.94972,29540.51978,30007.08433,30007.08433,3841639
09-09-2026,29752.79917,30428.90792,28081.50993,29911.46939,29911.46939,6693439
10-09-2026,30265.9659,30773.86062,28327.9443,30358.09031,30358.09031,2262537
11-09-2026,29841.95298,30255.01363,28166.99631,30049.25142,30049.25142,3966865
12-09-2026,30052.20266,31205.95911,28983.09055,29875.96456,29875.96456,2549353
13-09-2026,30734.49331,30775.16381,30331.14701,30463.94428,30463.94428,4233905
14-09-2026,31380.23581,32863.82912,30552.4853,31155.45614,31155.45614,2228238
15-09-2026,35730.55523,36730.95049,33671.80475,35427.36503,35427.36503,4018536
16-09-2026,35735.83576,35901.76563,34168.2818,35455.84942,35455.84942,5329633
17-09-2026,37800.52704,38165.24274,35337.54587,37432.34633,37432.34633,4019311
18-09-2026,36664.63453,37218.59647,35230.91045,36619.46718,36619.46718,3448059
19-09-2026,37121.69032,38023.59509,36504.85916,37290.7596,37290.7596,5312404
20-09-2026,37419.07929,38230.88603,37376.87312,37689.75043,37689.75043,5601508
21-09-2026,38067.2881,38854.29157,37290.97779,37858.80764,37858.80764,2175323
22-09-2026,37916.12015,38281.69156,37381.81784,37695.59969,37695.59969,5859037
23-09-2026,37315.39008,38294.3049,35221.47337,37410.24503,37410.24503,3465785
24-09-2026,37240.44294,39280.25863,35040.58975,37418.90371,37418.90371,5461783
25-09-2026,38821.93353,40331.73389,37469.32068,39202.53626,39202.53626,4206545
26-09-2026,39941.23832,40936.61314,39734.02995,40183.05507,40183.05507,1107532
27-09-2026,39441.4735,39704.35171,38722.14077,39509.53199,39509.53199,2232440
28-09-2026,39032.18984,40209.65938,38895.52396,39282.78982,39282.78982,5108300
29-09-2026,39036.13741,40285.67655,37539.21881,39286.56652,39286.56652,5585743
30-09-2026,38459.79123,39317.31024,37278.23873,38397.48864,38397.48864,2856905
01-10-2026,39768.85052,41173.57427,38063.91268,39433.57317,39433.57317,3663548
02-10-2026,40883.23599,41612.33557,39954.12093,40497.61451,40497.61451,5857988
03-10-2026,40784.02249,42181.519,40262.34095,41138.13601,41138.13601,2799897
04-10-2026,41111.56881,42258.17649,39356.70227,41095.46055,41095.46055,2885639
05-10-2026,41047.40203,42654.41545,39840.6982,40857.49351,40857.49351,2960006
06-10-2026,40263.00931,40483.26038,38663.59928,40083.39652,40083.39652,4834502
07-10-2026,40195.05516,41493.73852,39397.27096,39803.79878,39803.79878,1483981
08-10-2026,39117.79704,40343.64033,37884.33908,39445.03959,39445.03959,3113920
09-10-2026,38772.81711,39180.47583,37859.13661,38956.63821,38956.63821,1791915
10-10-2026,38508.83105,39697.47553,37010.8954,38274.34032,38274.34032,3598936
11-10-2026,38617.40274,41190.79706,36181.28073,38461.72474,38461.72474,1619195
12-10-2026,39002.83932,40860.95124,38021.88845,38867.0373,38867.0373,2573388
13-10-2026,38520.9758,39300.5021,37619.31638,38394.28112,38394.28112,4793804
14-10-2026,39317.72379,41788.17059,38745.07566,39458.43922,39458.43922,5216051
15-10-2026,39328.05008,41326.3036,37164.96239,39180.58187,39180.58187,5240536
16-10-2026,39861.12289,40535.94482,38794.24198,40189.95999,40189.95999,3558335
17-10-2026,37917.2469,39019.51016,36159.4066,37662.18683,37662.18683,1883023
18-10-2026,37416.83196,38450.16772,37238.75056,37759.33643,37759.33643,4643476
19-10-2026,38104.36292,39976.60554,36785.50369,38328.7053,38328.7053,2939931
20-10-2026,38622.62407,39706.84854,37128.4112,38660.54683,38660.54683,3185145
21-10-2026,39097.98377,39510.0985,36834.31952,38869.75094,38869.75094,3860796
22-10-2026,39127.74798,39505.24643,38566.08459,39159.47536,39159.47536,5838116
23-10-2026,40477.6021,41577.33284,40153.08616,40566.28457,40566.28457,1571871
24-10-2026,39411.52472,41588.73852,38852.93498,39465.01242,39465.01242,5455606
25-10-2026,39246.43673,39934.38288,38937.51592,39282.10059,39282.10059,3669174
26-10-2026,38221.6496,39066.25035,35860.2839,38347.63209,38347.63209,4495875
27-10-2026,38254.48431,39169.10916,37489.94724,38246.02996,38246.02996,5051364
28-10-2026,38397.87232,40120.633,38062.64885,38323.31225,38323.31225,4929138
29-10-2026,38494.72502,39327.21364,37097.2632,38226.57467,38226.57467,3773421
30-10-2026,39574.21206,40253.41804,37864.16939,39266.25487,39266.25487,4493886
31-10-2026,39608.69996,40687.06339,38228.09434,39861.745,39861.745,3507332
01-11-2026,39895.78063,40250.56007,37157.30686,39606.34725,39606.34725,4792438
02-11-2026,39875.74892,41266.8309,39246.67551,39663.02178,39663.02178,2307082
03-11-2026,40522.71028,41369.79981,39828.58631,40741.77023,40741.77023,4087109
04-11-2026,41224.58166,43251.70839,39653.37733,40924.51728,40924.51728,4452854
05-11-2026,41027.83603,41757.25667,40295.47475,40871.8441,40871.8441,3837512
06-11-2026,40751.24385,41129.81496,38327.96982,40899.26769,40899.26769,4236318
07-11-2026,40119.55738,42608.40955,39882.29792,40413.79029,40413.79029,3788187
08-11-2026,40765.21259,41659.5273,39311.68083,40476.81444,40476.81444,2542380
09-11-2026,41875.45162,43818.8447,41863.13311,42161.91234,42161.91234,5446772
10-11-2026,41871.48794,42336.20614,40515.162,41526.34031,41526.34031,4083237
11-11-2026,40456.44867,41092.27335,39850.67594,40290.04511,40290.04511,3202916
12-11-2026,38488.63851,40569.05626,37807.95541,38750.22503,38750.22503,4055316
13-11-2026,38823.21149,39443.86964,36571.44901,38901.90452,38901.90452,1995998
14-11-2026,37988.56641,38032.44303,35955.66771,37743.74231,37743.74231,4965435
15-11-2026,37358.30834,37895.81817,36752.94635,37577.93378,37577.93378,4710252
16-11-2026,38066.63886,38682.78951,37491.00183,37851.81775,37851.81775,1706188
17-11-2026,36360.06071,36749.0724,36108.01078,36490.20491,36490.20491,3158447
18-11-2026,36204.64558,38478.72471,35908.49808,36358.64957,36358.64957,4148796
19-11-2026,36576.15758,37120.54588,35441.68621,36378.90512,36378.90512,3882944
20-11-2026,36604.62792,37977.17481,36474.5849,36789.97038,36789.97038,3343917
21-11-2026,36983.56318,38358.79182,36006.17451,37217.40733,37217.40733,2937279
22-11-2026,37520.25908,38037.09753,36722.2313,37738.53068,37738.53068,3885883
23-11-2026,38002.87653,39819.88147,38155.63666,38333.58382,38333.58382,5674161
24-11-2026,38695.20412,38924.09646,36824.08309,38375.92531,38375.92531,3031853
25-11-2026,38524.20451,40612.91056,37902.35055,38468.64224,38468.64224,3288916
26-11-2026,38685.48429,39899.09644,37265.78336,38430.83354,38430.83354,6431320
27-11-2026,38346.03709,38974.25641,36171.79219,38247.67734,38247.67734,3410758
28-11-2026,36778.47217,38806.17512,35771.65949,37130.80729,37130.80729,2680443
29-11-2026,37014.30804,38443.80537,34803.34196,36796.36822,36796.36822,3570425
30-11-2026,37228.52092,37468.50672,36387.44377,37008.9817,37008.9817,2698592
01-12-2026,40285.70224,41333.34288,40096.77721,40549.4273,40549.4273,3605797
02-12-2026,40704.98043,42024.59276,38493.71327,40464.80455,40464.80455,3814355
03-12-2026,41076.79273,41957.55037,38722.54892,40941.68693,40941.68693,6144605
04-12-2026,41995.028,43532.90406,41057.80737,41929.44935,41929.44935,5020816
05-12-2026,42349.88903,44607.41233,41135.22004,41993.77632,41993.77632,2830705
06-12-2026,41893.60189,42433.07972,40637.67748,41546.81388,41546.81388,2707324
07-12-2026,41062.49137,42707.88027,39428.55267,41085.1961,41085.1961,3769625
08-12-2026,40595.88671,41778.32944,39050.27739,40712.12177,40712.12177,4209120
09-12-2026,38680.38225,38756.19406,37564.78452,38368.98529,38368.98529,3431250
10-12-2026,38725.01276,39850.60368,38192.32404,38363.99467,38363.99467,1389908
11-12-2026,38471.68859,38813.04698,37446.96885,38585.11126,38585.11126,3359854
12-12-2026,38206.13123,39160.27321,37201.05839,38452.42333,38452.42333,4503080
13-12-2026,39646.41384,40657.38923,38496.43167,39307.33123,39307.33123,3097839
14-12-2026,39467.23604,39738.14865,38793.06753,39543.86364,39543.86364,3685399
15-12-2026,39248.05234,40294.26367,38471.31684,39160.01082,39160.01082,5122961
16-12-2026,38519.9525,39252.22197,38156.77485,38446.63504,38446.63504,4890952
17-12-2026,39618.29741,40514.27582,38919.267,39290.55879,39290.55879,2279577
18-12-2026,39336.51521,40015.1518,38954.64133,39501.72882,39501.72882,2349202
19-12-2026,39763.91289,41264.71794,39216.26321,39496.59087,39496.59087,3773326
20-12-2026,39779.21938,39665.2407,38929.06804,39399.44842,39399.44842,3359411
21-12-2026,39618.02768,42135.84046,39296.89781,39749.07413,39749.07413,4040576
22-12-2026,38826.39403,39918.5554,37394.13412,39152.92844,39152.92844,3868829
23-12-2026,38287.30317,39954.47951,37904.32916,38377.3845,38377.3845,2962876
24-12-2026,38750.47035,39791.1129,37850.08212,38843.6337,38843.6337,3897511
25-12-2026,39535.1467,40811.46662,36976.61392,39245.67758,39245.67758,3101194
26-12-2026,39104.27857,39187.04638,37965.76606,38846.4235,38846.4235,1438391
27-12-2026,38840.98309,39932.43525,38524.56197,38659.56937,38659.56937,2782525
28-12-2026,39048.82269,40025.50092,39071.45129,39362.38044,39362.38044,3034698
29-12-2026,39430.32043,39691.27673,36679.06044,39193.10015,39193.10015,3073602
30-12-2026,39787.85149,40325.22966,38177.10162,39584.90733,39584.90733,1559826
31-12-2026,39830.98978,39709.65222,39113.16779,39453.30127,39453.30127,2498250
01-01-2027,40232.04725,40860.86925,39719.70543,40052.96116,40052.96116,4413985
02-01-2027,39376.37703,40589.95189,38809.73419,39078.90528,39078.90528,3883084
03-01-2027,38780.15375,40090.61759,37725.1766,39034.49514,39034.49514,3424205
04-01-2027,39354.50342,39770.3903,39284.44784,39520.63372,39520.63372,5190628
05-01-2027,39491.31383,39997.90986,39038.37766,39781.51043,39781.51043,3053805
06-01-2027,39697.86943,40130.70047,38596.72461,40007.32674,40007.32674,3138210
07-01-2027,38854.35557,40595.52951,37933.98201,38898.53088,38898.53088,1375136
08-01-2027,38093.21233,38883.40058,37417.69626,38248.30896,38248.30896,2893661
09-01-2027,37727.2449,37883.8318,36476.31889,37379.51211,37379.51211,3759371
10-01-2027,36744.5079,37758.39085,36266.79777,36853.98211,36853.98211,4209927
11-01-2027,36408.42334,36729.23654,35673.02711,36377.87018,36377.87018,2763739
12-01-2027,36330.12334,38805.71812,35110.09154,36652.21227,36652.21227,4171496
13-01-2027,36498.36515,37377.43811,35920.47732,36638.51949,36638.51949,2969241
14-01-2027,36129.37209,37245.05779,35046.79266,36223.29448,36223.29448,5169318
15-01-2027,36257.40481,37675.50113,35203.30521,36099.93277,36099.93277,6928979
16-01-2027,36023.55341,38938.52536,35214.11395,36254.0142,36254.0142,4088917
17-01-2027,35151.14483,37011.07663,35154.77007,35430.51705,35430.51705,4241551
18-01-2027,35028.14593,36374.78189,33714.53185,34894.81777,34894.81777,4466744
19-01-2027,34969.56554,35105.94293,33636.74599,34836.43506,34836.43506,3742625
20-01-2027,35278.29771,35645.65012,33096.01163,35216.66075,35216.66075,5066593
21-01-2027,36117.92407,37183.377,34396.18343,35806.77011,35806.77011,2599425
22-01-2027,34449.90134,36085.50867,33080.91169,34730.29576,34730.29576,4165938
23-01-2027,34767.47559,36023.47328,33084.56204,34588.96807,34588.96807,3162386
24-01-2027,37521.16457,39271.08718,37469.71128,37835.36307,37835.36307,3057565
25-01-2027,37627.99633,38198.25264,37051.15837,37902.78841,37902.78841,3118602
26-01-2027,37391.63282,40003.71873,36899.36227,37769.07493,37769.07493,4340001
27-01-2027,36827.78161,38383.92518,35868.75022,37194.09263,37194.09263,3956498
28-01-2027,36601.93002,37648.72192,36406.60361,36720.83041,36720.83041,2628427
29-01-2027,36299.86137,38400.79255,34974.68498,36247.18782,36247.18782,4861732
30-01-2027,36841.49737,37460.0128,36176.19876,36921.06609,36921.06609,4751756
31-01-2027,37416.69615,38442.27106,35979.91007,37629.45319,37629.45319,3839659
01-02-2027,38200.93212,39180.55041,37123.31057,38329.43897,38329.43897,3496024
02-02-2027,38360.83595,38546.4659,36107.80066,38072.17281,38072.17281,3571423
03-02-2027,38628.02588,38495.62116,37967.90157,38263.55862,38263.55862,5276667
04-02-2027,38188.249,38274.89465,37741.97526,38002.59598,38002.59598,3021536
05-02-2027,37968.70129,39947.86105,37585.48718,37881.07499,37881.07499,4119577
06-02-2027,37839.94351,38885.76146,37066.21862,37708.80211,37708.80211,2879769
07-02-2027,38356.60373,39289.12243,37524.13736,38134.2737,38134.2737,3804068
08-02-2027,37464.71406,38126.57003,35536.43851,37787.89659,37787.89659,2891998
09-02-2027,37575.24264,38254.82933,35093.90269,37852.46842,37852.46842,3120105
10-02-2027,38326.55056,39964.70947,37710.02948,37984.13463,37984.13463,4585279
11-02-2027,38697.34962,38572.74912,37425.07437,38340.30653,38340.30653,4199323
12-02-2027,38357.77958,38747.67871,37216.38789,38106.25301,38106.25301,2556322
13-02-2027,38380.68223,39698.45518,37963.619,38107.31904,38107.31904,3653408
14-02-2027,37955.56675,40186.28634,35657.9882,37980.62545,37980.62545,4504487
15-02-2027,37663.85421,39050.54636,36250.54367,38029.51579,38029.51579,1500164
16-02-2027,38292.66549,40500.68353,37242.02213,38344.41274,38344.41274,4360787
17-02-2027,38460.07383,39526.77973,37754.01769,38586.86348,38586.86348,4349303
18-02-2027,38894.76882,39512.37173,38157.57296,39170.08132,39170.08132,5052386
19-02-2027,40288.33744,41375.75829,39932.21966,40625.03688,40625.03688,4943273
20-02-2027,40849.74641,43308.97972,40013.02868,41014.67229,41014.67229,1091105
21-02-2027,40875.74195,42196.53567,40310.22101,40874.9931,40874.9931,4785139
22-02-2027,40668.42569,41143.66708,38919.50873,40723.12552,40723.12552,4594469
23-02-2027,40872.98367,40879.92201,39661.85399,40643.20401,40643.20401,2530448
24-02-2027,40688.86669,41152.85487,40227.82507,40725.59381,40725.59381,2959175
25-02-2027,41388.5172,43248.40101,40517.95668,41301.93916,41301.93916,4952313
26-02-2027,42072.82113,42897.10793,39385.19627,41807.87336,41807.87336,3106270
27-02-2027,41913.29345,44334.03537,40079.35572,42210.31873,42210.31873,3063066
28-02-2027,42865.94983,43921.80261,41617.71996,42553.42197,42553.42197,4762800
01-03-2027,43400.95623,44557.29397,41664.26612,43006.82129,43006.82129,4623688
02-03-2027,42494.12734,43539.35423,40782.18178,42831.81401,42831.81401,4021706
03-03-2027,42440.75963,43025.9743,42000.91658,42490.26418,42490.26418,2446475
04-03-2027,41953.40026,42405.93532,41770.52598,42090.52286,42090.52286,3619586
05-03-2027,41791.13442,43925.28689,41000.46882,42162.56247,42162.56247,2609953
06-03-2027,41302.0361,42171.49257,40649.99374,41511.37147,41511.37147,4493942
07-03-2027,41007.16255,41636.99261,39975.60607,40702.94368,40702.94368,4200556
08-03-2027,42026.99028,43938.78895,41866.11588,42165.20219,42165.20219,3611773
09-03-2027,39516.93013,40340.76444,39004.88316,39738.43543,39738.43543,2341840
10-03-2027,39682.63252,40078.38664,38085.17773,39360.1842,39360.1842,2191461
11-03-2027,38885.00971,41091.385,37630.64563,38852.49798,38852.49798,3559398
12-03-2027,39301.29362,39820.19236,38928.59441,39330.20984,39330.20984,2302352
13-03-2027,39634.58086,41021.21706,37749.10424,40016.34924,40016.34924,5459499
14-03-2027,40728.44831,42026.27889,38558.73525,40560.52257,40560.52257,3978606
15-03-2027,40668.19843,41576.93727,40184.29504,40437.08209,40437.08209,2071211
16-03-2027,40228.24016,41384.76626,39528.61624,39970.14172,39970.14172,3148278
17-03-2027,39149.70053,39851.11259,38774.41084,39089.13229,39089.13229,4622137
18-03-2027,38617.87584,40512.62568,37613.85611,38727.23179,38727.23179,4058990
19-03-2027,38864.1769,39464.97916,38038.59568,38689.85381,38689.85381,1889344
20-03-2027,38804.46655,40599.41522,37800.88672,38803.5806,38803.5806,4864976
21-03-2027,38503.56395,40524.82117,38063.06423,38511.59048,38511.59048,5426650
22-03-2027,38442.94662,39963.01407,37243.02624,38532.31257,38532.31257,2938472
23-03-2027,39172.9537,40761.54702,37289.7911,39207.16269,39207.16269,3595217
24-03-2027,39305.71295,40310.21182,38442.94386,39531.81095,39531.81095,3580412
25-03-2027,38921.76815,39446.98235,38423.82127,38742.36156,38742.36156,2295511
26-03-2027,39264.23594,39495.63527,38096.69723,39186.82069,39186.82069,1983672
27-03-2027,39577.17812,40890.38488,37080.25683,39277.35752,39277.35752,2578226
28-03-2027,38404.49122,39039.63881,36599.54635,38105.20878,38105.20878,3035120
29-03-2027,37351.95562,37943.60379,36915.30787,37620.35341,37620.35341,2596453
30-03-2027,37900.81117,38207.46428,37460.22947,38045.44648,38045.44648,4737541
31-03-2027,37464.64584,38286.30714,35400.14777,37601.28773,37601.28773,2852663
01-04-2027,37279.62922,38563.01746,36325.71639,37407.2789,37407.2789,2138312
02-04-2027,37259.49001,38049.64589,36222.30174,37096.44391,37096.44391,5140050
03-04-2027,37211.94201,38697.19598,36049.19287,36867.69732,36867.69732,4271325
04-04-2027,35697.77038,37285.80577,35446.40548,35987.95925,35987.95925,1456157
05-04-2027,36236.24274,36146.55658,35437.07744,35993.80333,35993.80333,4320692
06-04-2027,36196.5471,36442.49109,35946.01302,36300.59357,36300.59357,5914718
07-04-2027,35555.8732,36517.44938,34164.70788,35843.33746,35843.33746,4217572
08-04-2027,35249.3953,35835.30284,33773.88299,35552.08971,35552.08971,2117056
09-04-2027,35293.07439,35725.71673,34695.32861,35289.37992,35289.37992,4753303
10-04-2027,34527.12798,35384.78634,33634.25746,34487.7941,34487.7941,4173819
11-04-2027,34399.32693,35674.65385,33692.48921,34070.57858,34070.57858,1882389
12-04-2027,33998.24344,34343.37003,32513.28566,34186.17951,34186.17951,4981152
13-04-2027,33824.27719,34721.33242,33632.81771,34034.01633,34034.01633,3758096
14-04-2027,33330.46282,34561.10714,32335.07414,33463.55956,33463.55956,3971012
15-04-2027,33503.53276,33905.78305,33127.68899,33339.09758,33339.09758,4020779
16-04-2027,33460.68214,33711.32597,31952.94999,33234.23972,33234.23972,2439235
17-04-2027,33769.37696,34118.03027,32997.50928,33715.87972,33715.87972,4416004
18-04-2027,34004.46055,35887.29266,32897.23629,34079.04546,34079.04546,3123240
19-04-2027,33679.66704,34598.39433,32462.25977,33850.30783,33850.30783,4005141
20-04-2027,34193.4538,35828.09823,33399.5041,34434.45639,34434.45639,5144295
21-04-2027,33249.77933,33768.68508,32997.6139,33505.34427,33505.34427,2821308
22-04-2027,33419.41686,34337.69705,32337.52115,33380.73435,33380.73435,3770675
23-04-2027,33259.57917,33768.69297,32694.21043,32989.35356,32989.35356,3202565
24-04-2027,32371.19818,34505.82736,31774.9977,32494.58831,32494.58831,5723287
25-04-2027,33119.46472,34393.67956,31462.75591,32846.84745,32846.84745,2654353
26-04-2027,32580.34843,33257.6529,32457.40681,32877.93064,32877.93064,3585516
27-04-2027,32918.50013,34466.67395,32336.48134,32919.37355,32919.37355,2074371
28-04-2027,33683.77289,34037.61018,32512.57812,33387.24496,33387.24496,3642901
29-04-2027,33051.47142,34106.00444,31813.61228,33311.65158,33311.65158,2779248
30-04-2027,33241.5798,34755.2818,31906.98496,33479.10662,33479.10662,4786906
01-05-2027,33926.53448,34702.71457,33058.17981,33962.58818,33962.58818,4217220
02-05-2027,33553.1149,34702.91416,33227.70657,33649.86041,33649.86041,2892889
03-05-2027,35272.99277,36630.46791,34921.19521,35297.31951,35297.31951,3010575
04-05-2027,34481.36458,34934.47066,33813.44415,34808.81258,34808.81258,4568681
05-05-2027,33861.34968,35553.94851,33138.18799,34189.26463,34189.26463,3887060
06-05-2027,33737.33972,34386.33578,33449.12986,34022.13993,34022.13993,4114187
07-05-2027,34547.98975,35445.19553,34294.13619,34789.21039,34789.21039,2767878
08-05-2027,34004.88479,34906.02078,34067.49703,34286.93522,34286.93522,5161170
09-05-2027,34347.74952,34869.11593,33614.14284,34533.53287,34533.53287,5273846
10-05-2027,34200.91166,35589.74305,33649.59313,34463.57763,34463.57763,5121544
11-05-2027,35169.89325,36077.96036,34231.33088,35012.9124,35012.9124,1974617
12-05-2027,33541.17438,34650.21434,32410.5803,33799.32931,33799.32931,4213514
13-05-2027,34354.03818,35646.91307,34207.22823,34543.77633,34543.77633,3829424
14-05-2027,34333.20108,34785.9284,32660.60857,34137.93374,34137.93374,4173782
15-05-2027,34411.11017,34728.94885,33778.63318,34204.14521,34204.14521,3202942
16-05-2027,34513.82349,35369.1164,32865.6218,34411.533,34411.533,6394814
17-05-2027,34450.43447,35340.96211,33487.27549,34571.79522,34571.79522,4278518
18-05-2027,34206.93285,36013.14864,33926.56025,34501.04059,34501.04059,5855639
19-05-2027,34651.48488,35840.66198,32917.9968,34887.34428,34887.34428,2784633
20-05-2027,33993.5431,34960.21952,32006.59809,34179.25536,34179.25536,3643092
21-05-2027,34691.29887,35690.77779,33468.09472,34834.45165,34834.45165,2839936
22-05-2027,34964.03783,37339.89971,33739.61676,35261.1614,35261.1614,4968963
23-05-2027,33990.46598,35103.63421,33411.74866,34275.93037,34275.93037,3147806
24-05-2027,33728.25291,34538.56627,31540.8707,33740.5836,33740.5836,1533372
25-05-2027,33740.24343,35522.31512,32037.75617,33826.11511,33826.11511,1854438
26-05-2027,33389.98177,33552.9564,32359.83156,33167.35654,33167.35654,2738032
27-05-2027,32931.13476,34265.64684,32336.68046,33199.8118,33199.8118,3626370
28-05-2027,33142.85904,35646.46068,32599.81741,33200.74057,33200.74057,4958330
29-05-2027,33350.16985,33898.84118,32274.6117,33396.39788,33396.39788,3754070
30-05-2027,33549.20505,35585.80139,32329.89015,33842.1914,33842.1914,3668342
31-05-2027,33550.50135,35054.11419,32342.18571,33734.35624,33734.35624,4662135
01-06-2027,34174.85134,34912.40578,33526.46762,34316.26421,34316.26421,4508915
02-06-2027,33918.24915,34450.0165,33400.2827,33731.58495,33731.58495,3204063
03-06-2027,34035.56229,35448.2591,31836.96504,33903.55788,33903.55788,3322910
04-06-2027,33750.67129,33997.13089,32943.54257,33546.19948,33546.19948,4145412
05-06-2027,33567.36603,34907.39014,32878.25419,33714.83357,33714.83357,3763581
06-06-2027,33950.9717,36088.0305,33366.02196,33818.23657,33818.23657,3837018
07-06-2027,32499.94159,32674.36111,31139.66156,32482.12046,32482.12046,4513598
08-06-2027,33191.16524,33269.60442,32104.34159,33028.94462,33028.94462,3349647
09-06-2027,32753.87917,33880.39192,32139.55292,33023.10367,33023.10367,3595173
10-06-2027,33297.49863,33477.97611,32727.60951,33231.90791,33231.90791,3243382
11-06-2027,33797.67524,35318.56444,33087.87978,33802.97616,33802.97616,5833605
12-06-2027,33716.14095,35082.14446,32497.98449,33915.70164,33915.70164,2374885
13-06-2027,34644.57323,35129.29854,33699.50813,34512.94886,34512.94886,5438299
14-06-2027,34448.33896,36801.30763,32804.74266,34557.37546,34557.37546,3278229
15-06-2027,34328.29171,35560.65232,33369.37577,34232.26543,34232.26543,4716342
16-06-2027,34884.75862,34888.30779,33968.59295,34570.57421,34570.57421,4212128
17-06-2027,34717.47276,36240.75215,34293.99052,35031.67479,35031.67479,3619607
18-06-2027,34698.38663,35932.2811,33060.03615,34544.89958,34544.89958,4604096
19-06-2027,34968.36279,35227.30115,32889.65058,34716.617,34716.617,4746796
20-06-2027,38027.40246,39481.58202,36956.50065,38117.86272,38117.86272,3903438
21-06-2027,38380.39591,39561.48059,36869.50354,38132.71853,38132.71853,2059233
22-06-2027,38441.14128,38624.54755,37524.74964,38081.82322,38081.82322,5274065
23-06-2027,37857.82509,39455.43268,37358.63612,37774.09926,37774.09926,3988397
24-06-2027,37554.4988,38539.88611,37212.71184,37621.94935,37621.94935,3533569
25-06-2027,38173.45351,39786.30491,37299.83031,38343.78396,38343.78396,4015556
26-06-2027,38263.71109,39404.22767,36504.03537,38589.11298,38589.11298,3971113
27-06-2027,39321.58161,39965.99836,36748.04789,39146.75922,39146.75922,3047950
28-06-2027,38191.70638,40107.53859,37620.61509,37991.2046,37991.2046,3496254
29-06-2027,38658.90021,40290.68459,38102.08996,38627.90288,38627.90288,4866655
30-06-2027,38638.33607,39748.04082,37945.05041,38357.2456,38357.2456,3710395
01-07-2027,38031.57618,38964.79104,36859.82259,37867.16074,37867.16074,2383567
02-07-2027,37710.88318,39449.52949,37266.63479,37616.00036,37616.00036,3710067
03-07-2027,37327.5948,39252.2873,35710.5092,37483.29861,37483.29861,4210334
04-07-2027,37478.44169,38563.37426,36817.98433,37427.85645,37427.85645,3736885
05-07-2027,36732.35223,38024.61519,36223.70896,36929.77877,36929.77877,4018466
06-07-2027,37384.69206,38187.52206,36414.42705,37605.69725,37605.69725,1625168
07-07-2027,37500.35256,39251.40456,36990.93783,37494.93438,37494.93438,3450759
08-07-2027,36917.31692,37601.21024,36602.90816,36777.76061,36777.76061,3497988
09-07-2027,36722.8506,37545.3765,35792.52212,36633.84074,36633.84074,4311386
10-07-2027,36716.877,37581.37554,36096.00109,36362.2066,36362.2066,3769982
11-07-2027,36271.40199,37616.86281,35230.97119,36033.49574,36033.49574,4479157
12-07-2027,36133.93494,38372.66245,35255.43975,36141.32757,36141.32757,2419294
13-07-2027,36587.67201,37308.91488,36567.96995,36944.85317,36944.85317,2261962
14-07-2027,37272.64958,39161.0321,36696.06798,36983.3883,36983.3883,4185990
15-07-2027,37782.71291,39234.39294,37216.64194,38026.88224,38026.88224,5088420
16-07-2027,39299.16482,40989.75997,38695.99544,39223.31273,39223.31273,4159094
17-07-2027,38525.61351,40657.71294,37778.96063,38905.63121,38905.63121,2197512
18-07-2027,38355.67774,38788.9791,37999.66565,38461.36654,38461.36654,3394804
19-07-2027,37153.66406,37665.6483,36664.38429,37117.87675,37117.87675,3015749
20-07-2027,37206.63492,37754.56552,36809.36687,37202.02611,37202.02611,2753678
21-07-2027,37045.6343,38128.11874,35495.90419,37154.42154,37154.42154,5240631
22-07-2027,37404.19009,37888.11692,36333.42693,37117.90452,37117.90452,5321128
23-07-2027,37542.74856,39088.92171,37093.32851,37828.34098,37828.34098,1679916
24-07-2027,37953.55243,38511.71352,36117.26341,37900.97909,37900.97909,3563306
25-07-2027,37900.34297,39101.91224,37250.83174,37649.04215,37649.04215,3630511
26-07-2027,38713.87823,39058.44922,37537.08137,38337.92202,38337.92202,2136684
27-07-2027,38686.14662,39719.91874,36934.66892,38662.78104,38662.78104,2851730
28-07-2027,38829.04654,39449.53685,37731.00042,38628.85309,38628.85309,3756565
29-07-2027,38663.31068,40100.26509,38449.90474,39013.86872,39013.86872,2430845
30-07-2027,39255.47536,40689.07271,37224.95319,39605.69419,39605.69419,1249804
31-07-2027,38984.46883,40745.15611,37373.95118,39100.00606,39100.00606,4969729
01-08-2027,39757.93746,41048.35044,37448.34956,39638.95908,39638.95908,2809799
02-08-2027,39822.35029,40769.42064,39198.88523,39604.1745,39604.1745,5212406
03-08-2027,40164.86578,40402.39001,39726.59229,39980.98402,39980.98402,2609859
04-08-2027,39065.99885,40071.63138,38406.05406,38970.52889,38970.52889,1786853
05-08-2027,39228.89208,39802.20723,37755.96489,39515.51471,39515.51471,218878
06-08-2027,39668.58094,41315.94291,39302.19872,39944.44798,39944.44798,2690398
07-08-2027,40462.65894,40912.69103,39031.50313,40707.79866,40707.79866,4761686
08-08-2027,41215.64217,41545.07517,39985.24778,41223.71535,41223.71535,2274276
09-08-2027,41873.86524,42535.97387,40232.94889,42230.18504,42230.18504,4329263
10-08-2027,39414.58004,41698.59813,38946.57616,39574.09063,39574.09063,3623407
11-08-2027,39670.47055,40921.60164,37755.41694,39674.98214,39674.98214,3419304
12-08-2027,35347.06249,35616.00876,34015.99481,35311.82618,35311.82618,3558907
13-08-2027,35223.01289,36294.79933,35114.77405,35552.46157,35552.46157,5366574
14-08-2027,35558.18484,36619.90539,34854.99072,35779.93131,35779.93131,2798455
15-08-2027,36216.12499,37994.93073,35666.1225,36024.42829,36024.42829,2761625
16-08-2027,36110.87697,37796.06143,36027.04153,36409.87006,36409.87006,4690519
17-08-2027,35519.19734,37773.05254,35369.7635,35743.12701,35743.12701,5167903
18-08-2027,37553.73037,38318.06416,36306.23688,37314.74323,37314.74323,2845585
19-08-2027,36351.48296,37685.61375,35433.67573,36600.75974,36600.75974,2491859
20-08-2027,36701.82226,37583.47803,35938.74696,36793.6913,36793.6913,5301494
21-08-2027,36567.33589,36665.70581,34416.92506,36542.75336,36542.75336,3854461
22-08-2027,38177.10559,39928.8488,37589.34555,38296.73918,38296.73918,4092999
23-08-2027,38088.56484,38841.78655,35766.3983,38120.00014,38120.00014,5318911
24-08-2027,38337.784,39080.68418,38028.97886,38486.9458,38486.9458,3919851
25-08-2027,38880.93932,39397.09839,36785.77857,38515.10122,38515.10122,3188749
26-08-2027,39480.05329,40813.78888,38200.91601,39188.94624,39188.94624,4319542
27-08-2027,39614.68815,42604.57168,39651.81396,39940.17535,39940.17535,3387946
28-08-2027,39085.8808,41152.03737,38440.07687,39364.42245,39364.42245,5020307
29-08-2027,39732.9731,39969.86718,37917.23956,39384.28039,39384.28039,3987544
30-08-2027,38848.94374,40229.33317,38746.01192,39212.04799,39212.04799,5193224
31-08-2027,39307.02175,41611.23838,37721.16188,39219.61519,39219.61519,4957475
01-09-2027,38823.14019,39464.63844,37604.53109,38649.33721,38649.33721,5460126
02-09-2027,38774.93222,39292.10782,36832.56635,38783.42159,38783.42159,2887060
03-09-2027,38802.86142,38986.87446,38151.34523,38636.35329,38636.35329,2288670
04-09-2027,39062.94901,40055.19648,37677.10733,39360.4262,39360.4262,3146189
05-09-2027,39244.66937,40879.53455,37804.3539,39283.17908,39283.17908,3235207
06-09-2027,39785.52705,40772.16052,39089.06151,39941.52968,39941.52968,6742955
07-09-2027,41078.10697,41530.3939,39757.61656,40710.32009,40710.32009,5474758
08-09-2027,40603.30872,41719.82702,39948.72263,40558.27876,40558.27876,3401499
09-09-2027,40203.043,41674.20463,40158.68497,40383.85544,40383.85544,5104816
10-09-2027,40147.1073,40898.13482,40106.64391,40265.17924,40265.17924,3102028
11-09-2027,38688.75679,40348.38371,38317.13597,38709.81327,38709.81327,3844717
12-09-2027,39240.71405,39831.37663,38614.93737,39283.19875,39283.19875,5494795
13-09-2027,39258.60074,40863.7156,38544.05434,38892.75967,38892.75967,3503002
14-09-2027,38706.5896,39937.72187,37510.41191,38739.49749,38739.49749,1562502
15-09-2027,40000.41939,40080.53634,38043.132,39737.51231,39737.51231,3450855
16-09-2027,39119.29586,39647.23717,37186.0584,39333.60245,39333.60245,3728950
17-09-2027,40083.7564,40161.87142,37813.32028,39832.47252,39832.47252,1890238
18-09-2027,41103.85422,42245.26527,40161.47535,40868.44124,40868.44124,5692467
19-09-2027,40737.90484,41779.02851,40610.53889,41102.26583,41102.26583,3374319
20-09-2027,41505.10355,44121.54843,39629.74189,41887.74277,41887.74277,3715199
21-09-2027,43406.06212,44617.12209,42425.09733,43018.00529,43018.00529,2861106
22-09-2027,43658.25207,46071.37806,43030.267,43589.09118,43589.09118,4339830
23-09-2027,44195.76833,45745.56837,43393.05916,44147.58918,44147.58918,4408694
24-09-2027,41694.40795,42171.86085,39730.81196,41370.89841,41370.89841,5851960
25-09-2027,42517.02927,44110.70361,41186.93419,42237.90353,42237.90353,3979109
26-09-2027,43178.64384,44143.96215,42454.74425,42812.5594,42812.5594,3245879
27-09-2027,42722.58636,45542.32156,41749.189,42793.45456,42793.45456,4797598
28-09-2027,43172.47438,43614.79238,42198.02558,43390.00237,43390.00237,3726219
29-09-2027,43298.55571,45888.08204,41279.53437,43542.37833,43542.37833,4784507
30-09-2027,42907.88664,43954.91021,40895.2673,43318.46838,43318.46838,3447196
01-10-2027,43266.19672,44134.57997,42547.56129,43428.27958,43428.27958,2783066
02-10-2027,42896.17884,44132.4666,41902.6735,42921.27934,42921.27934,3157305
03-10-2027,43498.73104,44288.26652,41766.5177,43558.85719,43558.85719,5329345
04-10-2027,41834.70077,42987.7873,41045.92955,41882.61196,41882.61196,3248940
05-10-2027,42491.29651,43370.49861,40067.5059,42679.36628,42679.36628,3443270
06-10-2027,42222.15425,43789.43362,41435.06258,42586.05896,42586.05896,4786736
07-10-2027,41675.73366,44454.05229,39556.69084,41569.86918,41569.86918,2263517
08-10-2027,41205.78129,42170.86561,40208.54396,41326.67929,41326.67929,3932630
09-10-2027,41722.2896,42303.27438,40959.48023,41779.67189,41779.67189,3523947
10-10-2027,41847.503,42498.46225,39999.41929,41556.46179,41556.46179,2552546
11-10-2027,42321.26369,42866.55908,42162.40185,42559.05632,42559.05632,4118680
12-10-2027,42130.12067,44378.39344,40419.40304,42547.61994,42547.61994,4309816
13-10-2027,41945.02372,42496.17159,40235.3236,41959.71651,41959.71651,4754501
14-10-2027,41633.36378,42567.36529,41088.35109,41470.31865,41470.31865,4604212
15-10-2027,40641.30027,42600.85313,40024.31433,40662.69036,40662.69036,2997616
16-10-2027,38993.54805,39610.72085,38444.46694,39144.92224,39144.92224,2808236
17-10-2027,39314.3145,41184.05116,38779.71914,39214.6813,39214.6813,1817819
18-10-2027,39789.46993,40442.78705,38318.41198,39944.15561,39944.15561,2259227
19-10-2027,39764.46884,40998.24099,39265.72683,39803.24059,39803.24059,3634929
20-10-2027,39087.0145,39729.34344,38612.57294,39429.19297,39429.19297,3932541
21-10-2027,39105.10945,39959.814,37908.48897,38770.20759,38770.20759,4322891
22-10-2027,39663.75098,41038.57441,39549.12471,39824.55838,39824.55838,4620780
23-10-2027,40436.52986,42329.31274,39925.09576,40731.08871,40731.08871,2231797
24-10-2027,40874.0623,43565.82738,39670.12438,41169.81777,41169.81777,1437877
25-10-2027,40768.9895,41585.6235,39450.21886,40904.50644,40904.50644,2558521
26-10-2027,40461.68658,40793.66168,39998.01604,40435.25653,40435.25653,4416187
27-10-2027,41085.12544,41460.94131,40474.51457,41231.05045,41231.05045,6174019
28-10-2027,41552.62829,42569.01452,39257.58932,41488.15892,41488.15892,4064554
29-10-2027,41302.36616,42427.80146,40058.67064,41066.09162,41066.09162,4240651
30-10-2027,41868.43248,42799.85124,40511.84316,41755.11273,41755.11273,3209619
31-10-2027,40704.67804,41437.17755,39891.38521,40535.82208,40535.82208,3144014
01-11-2027,41236.12047,42971.79404,40234.49402,41483.62371,41483.62371,1444166
02-11-2027,43837.56403,44582.41804,43078.69635,43796.1407,43796.1407,4087643
03-11-2027,43365.47659,44009.62761,41936.99151,43786.40449,43786.40449,2663291
04-11-2027,43320.37029,44438.98781,42908.54655,43708.28687,43708.28687,4260320
05-11-2027,44093.70783,45406.82669,43327.98794,44084.43871,44084.43871,3647675
06-11-2027,44484.16893,45515.43797,43379.504,44704.53117,44704.53117,2709836
07-11-2027,45174.15999,45080.46162,43973.06767,44842.50812,44842.50812,4054767
08-11-2027,44593.23194,47167.46188,43962.79146,44942.81303,44942.81303,1630640
09-11-2027,44646.01744,45032.78965,42871.63181,44548.31863,44548.31863,1954713
10-11-2027,45315.66694,46611.91655,43556.36625,45325.4911,45325.4911,5651162
11-11-2027,45115.80861,45977.57732,43580.86208,45068.23971,45068.23971,3253909
12-11-2027,44594.77772,45136.89956,43207.42973,44823.28299,44823.28299,5964393
13-11-2027,44397.8802,44931.45055,43200.42349,44214.40003,44214.40003,4647519
14-11-2027,48770.6098,48963.26329,45651.2755,48546.15964,48546.15964,5282282
15-11-2027,49697.13171,51026.41246,47829.22979,49393.07687,49393.07687,4122861
16-11-2027,49947.7656,50428.82698,47111.71378,50009.70925,50009.70925,4963724
17-11-2027,50058.18476,50784.50194,48758.47946,50080.14813,50080.14813,3527237
18-11-2027,50505.09589,53397.57626,49822.53217,50472.90653,50472.90653,1762848
19-11-2027,49676.15661,52294.62295,47732.39389,49654.09067,49654.09067,2694258
20-11-2027,50333.7021,51030.86943,47142.96158,49909.29866,49909.29866,3662984
21-11-2027,51282.75605,52602.38815,50198.57976,51522.46603,51522.46603,3559630
22-11-2027,53013.29333,53350.16511,50423.89235,52616.23738,52616.23738,4089031
23-11-2027,51738.57216,53093.73587,50139.64236,51690.02247,51690.02247,2797381
24-11-2027,50453.80153,50759.67425,47687.50587,50460.38615,50460.38615,3291864
25-11-2027,50754.56574,52078.71563,49630.19953,51025.10658,51025.10658,4321938
26-11-2027,51328.04655,51666.62907,50166.7424,51276.89906,51276.89906,3442995
27-11-2027,51200.4826,51832.38852,49965.40911,51536.74623,51536.74623,3667119
28-11-2027,52797.28063,54707.67038,51335.78499,52551.02518,52551.02518,2769965
29-11-2027,52600.37349,54979.55481,51885.67772,53108.05357,53108.05357,3666358
30-11-2027,53205.89379,53123.8313,51103.99522,52710.5834,52710.5834,1927096
01-12-2027,53956.58969,53820.28102,50034.32395,53436.85155,53436.85155,4277925
02-12-2027,54691.16398,56871.237,53526.29144,54578.59301,54578.59301,3459619
03-12-2027,54293.8611,55606.33097,53357.0989,54491.13013,54491.13013,3962954
04-12-2027,53233.84394,55708.56115,50870.58696,53083.94463,53083.94463,1357111
05-12-2027,52883.50492,54799.55076,50692.43638,53110.72358,53110.72358,3416057
06-12-2027,53531.59371,55426.28134,51703.09075,53042.76188,53042.76188,3351813
07-12-2027,49295.80363,50394.51477,47691.22624,49666.88134,49666.88134,5022635
08-12-2027,49705.35386,50900.26768,48144.12516,49980.92376,49980.92376,3808054
09-12-2027,50285.86506,50789.82667,47270.11294,49821.09964,49821.09964,3881548
10-12-2027,49869.49272,51312.99883,47796.95346,49543.84816,49543.84816,2581169
11-12-2027,49423.71601,50793.76084,48511.45964,49711.94963,49711.94963,3109927
12-12-2027,50692.02887,51014.14865,48380.94168,50688.65141,50688.65141,4628470
13-12-2027,50206.66468,52769.37247,49068.18207,50698.43338,50698.43338,5837872
14-12-2027,51145.65639,51651.87249,49845.48048,50849.40646,50849.40646,4124493
15-12-2027,50063.9995,50738.35077,49255.5902,50032.34837,50032.34837,5648473
16-12-2027,50943.78639,52203.54919,48784.69258,50963.0537,50963.0537,4371371
17-12-2027,51347.95013,55127.24875,48192.80702,51619.54346,51619.54346,3546269
18-12-2027,51941.91035,54066.94098,51798.42133,52250.93922,52250.93922,2997045
19-12-2027,52453.20732,53923.75868,52265.30646,52821.23723,52821.23723,2585803
20-12-2027,53245.71656,53197.6333,52118.54204,52718.92999,52718.92999,3760657
21-12-2027,51942.78914,52552.85839,52074.58078,52233.66809,52233.66809,3911934
22-12-2027,52435.74806,52954.99301,51389.56983,52457.61442,52457.61442,3748277
23-12-2027,52527.5107,54073.19188,52069.40213,52563.20435,52563.20435,4108819
24-12-2027,52237.00415,53117.77152,50627.06161,51849.18169,51849.18169,4835164
25-12-2027,50243.58532,51973.26235,49670.59874,50615.7592,50615.7592,3602827
26-12-2027,49581.79581,52210.67191,46762.03118,49794.62585,49794.62585,3915785
27-12-2027,48784.60611,49541.94463,46886.02021,49161.03289,49161.03289,4266651
28-12-2027,49293.97136,50212.47024,48301.73258,49204.56754,49204.56754,3880934
29-12-2027,48619.92656,50170.57137,46789.77607,48941.59419,48941.59419,3110195
30-12-2027,47912.12156,49477.94181,47899.34826,48225.76304,48225.76304,2326003
31-12-2027,50646.22921,53010.76865,49270.7174,50540.51213,50540.51213,5805260
01-01-2028,47793.13751,48743.78404,47063.03585,47944.19503,47944.19503,4024212
02-01-2028,48135.03485,51102.59723,47860.83112,48449.43459,48449.43459,4926980
03-01-2028,48520.20413,48761.38286,46974.46177,48252.37031,48252.37031,3554488
04-01-2028,45941.52286,49346.32057,44446.40074,46345.97969,46345.97969,3264673
05-01-2028,47436.82532,49336.85852,46932.57601,47615.54192,47615.54192,4492395
06-01-2028,47851.02835,49179.52711,46291.66908,47885.6989,47885.6989,3367798
07-01-2028,48711.6785,51083.12871,48066.14714,48551.33355,48551.33355,1964371
08-01-2028,48437.16256,48907.26134,47685.08718,48675.11194,48675.11194,4204932
09-01-2028,49297.80736,50020.12801,48438.24883,49273.598,49273.598,2953562
10-01-2028,49797.96966,51209.66487,49475.80338,49958.52512,49958.52512,3569564
11-01-2028,49241.62858,51331.61658,48338.70521,49516.55426,49516.55426,3053748
12-01-2028,49431.02606,51728.28051,48064.08618,49744.12355,49744.12355,2148950
13-01-2028,49278.89681,50142.94362,47104.69538,49770.36768,49770.36768,5051469
14-01-2028,50546.22756,50844.07315,47375.90468,50094.54287,50094.54287,3970145
15-01-2028,50551.6573,51789.61665,49575.1793,50383.99467,50383.99467,4782407
16-01-2028,51743.79502,53970.1016,48832.40821,52237.1354,52237.1354,5216072
17-01-2028,51450.82258,52820.868,48779.84616,51291.89735,51291.89735,3035067
18-01-2028,50752.8235,53968.66164,49409.32861,51014.69339,51014.69339,3344826
19-01-2028,49740.86554,50438.24305,47987.58854,49629.77334,49629.77334,3616756
20-01-2028,50708.1998,51357.47474,48907.69576,50671.74776,50671.74776,2982248
21-01-2028,51151.74822,53058.183,48301.95517,51516.89421,51516.89421,3352988
22-01-2028,49304.89359,50517.83389,49122.57306,49792.4579,49792.4579,3645207
23-01-2028,49458.00371,51376.39274,49240.80957,49676.91315,49676.91315,3386438
24-01-2028,49541.72982,50985.02329,48477.90417,49799.62704,49799.62704,5575083
25-01-2028,48275.57134,49235.57202,45668.77998,48527.26324,48527.26324,4536250
26-01-2028,48854.93223,48923.23342,45572.4543,48408.42371,48408.42371,5479151
27-01-2028,47777.98695,49751.40443,46812.79526,48067.5426,48067.5426,4312500
28-01-2028,48099.99333,49762.97606,45768.36866,47703.35713,47703.35713,4261064
29-01-2028,48938.75348,49229.05117,46838.3112,48743.11341,48743.11341,1925215
30-01-2028,49181.29458,50067.10911,48559.48735,49109.14772,49109.14772,4106157
31-01-2028,49288.13035,50510.5258,49013.63162,49476.2298,49476.2298,3286407
01-02-2028,50061.40486,52127.87139,49095.68391,50397.38621,50397.38621,3247920
02-02-2028,51274.03409,52319.62915,48246.39768,50919.01508,50919.01508,5515621
03-02-2028,51298.62872,51657.00321,49266.45876,50975.11274,50975.11274,4332205
04-02-2028,51448.04879,54363.85758,49716.94354,51927.65698,51927.65698,2986474
05-02-2028,51332.69451,52970.04388,50207.29688,51718.49809,51718.49809,3474001
06-02-2028,51684.71748,54875.36226,50644.75142,51891.13602,51891.13602,3808924
07-02-2028,53038.0142,52797.07032,51769.98381,52565.37598,52565.37598,4137887
08-02-2028,54435.66686,55124.35445,53488.21745,54241.72136,54241.72136,4281427
09-02-2028,54295.67286,55982.01678,53100.57295,54457.38718,54457.38718,5178910
10-02-2028,55536.4835,56342.05273,55155.32337,55405.12234,55405.12234,4144108
11-02-2028,56748.44247,59571.51579,55339.81401,56877.79499,56877.79499,3396498
12-02-2028,57344.12647,58478.13026,55656.23673,57198.92761,57198.92761,2969776
13-02-2028,56534.06114,59981.10666,55446.28885,56770.84061,56770.84061,4689058
14-02-2028,56086.30929,56348.56201,54581.62788,55618.59461,55618.59461,3986330
15-02-2028,55390.24641,58496.63656,55043.92824,55310.3157,55310.3157,3295851
16-02-2028,54847.86403,55455.65545,54493.6542,54925.24897,54925.24897,4261973
17-02-2028,55055.7135,58053.47955,53437.83415,54833.35324,54833.35324,2400386
18-02-2028,55275.5735,58180.64115,52946.61558,55296.99213,55296.99213,4341237
19-02-2028,55477.14878,56569.75441,53602.93835,55420.68191,55420.68191,4314066
20-02-2028,55865.31045,56990.8005,54232.09428,55926.71806,55926.71806,2886009
21-02-2028,55146.10867,55626.37303,52005.91546,55212.15065,55212.15065,3101019
22-02-2028,54657.55676,56414.49364,53891.61612,54640.48249,54640.48249,3046739
23-02-2028,54365.24099,55101.78789,51539.66002,54432.01427,54432.01427,4577212
24-02-2028,53462.26432,55835.8075,51761.78705,53557.05517,53557.05517,1797815
25-02-2028,53407.82854,54355.64559,53351.45761,53548.67754,53548.67754,4555606
26-02-2028,53113.56301,54907.07046,52247.286,53265.75305,53265.75305,5339061
27-02-2028,52817.44596,53309.9282,52382.41265,53077.84209,53077.84209,3339019
28-02-2028,54016.56114,56236.1646,51851.42369,53534.62797,53534.62797,5217074
29-02-2028,52596.84075,54756.53129,51550.45957,52436.24371,52436.24371,1501271
01-03-2028,52129.57872,54043.94359,49408.61919,52255.92399,52255.92399,4229079
02-03-2028,52363.6955,53274.87701,51967.51291,52757.11144,52757.11144,3521505
03-03-2028,52691.88574,53700.60321,51900.09838,53017.4508,53017.4508,2149365
04-03-2028,53123.86622,56891.19422,52123.13977,53154.2093,53154.2093,3436522
05-03-2028,53571.00733,54328.64891,52945.3047,53898.48197,53898.48197,5193008
06-03-2028,54621.00485,56913.12051,51751.7354,54221.02599,54221.02599,4015947
07-03-2028,53182.05131,53363.88373,51030.18145,52706.03797,52706.03797,4324973
08-03-2028,52880.66355,55173.0809,51389.91254,52602.98254,52602.98254,3621955
09-03-2028,53095.8068,54625.49184,51133.93576,52672.01092,52672.01092,3282882
10-03-2028,53877.528,54535.19507,51300.91384,53681.70248,53681.70248,2469084
11-03-2028,53401.88184,54689.71374,53085.98964,53608.67356,53608.67356,2473931
12-03-2028,53043.37395,54911.6724,52766.61788,53069.37058,53069.37058,2780072
13-03-2028,53328.96068,55517.97783,52668.82773,53077.92496,53077.92496,4155198
14-03-2028,53884.37586,55047.59268,52078.59686,53427.69565,53427.69565,3686701
15-03-2028,52127.37152,55356.60859,51908.77592,52567.09739,52567.09739,4236027
16-03-2028,52098.24174,53228.07065,49633.90026,52147.91638,52147.91638,2539550
17-03-2028,52874.98791,53696.82168,51692.87078,53117.40808,53117.40808,3160911
18-03-2028,53361.27339,53601.19918,51389.20337,53218.23572,53218.23572,5810792
19-03-2028,52903.43176,53705.24005,52318.27527,52586.53123,52586.53123,3890778
20-03-2028,52256.37194,53628.66226,51526.3166,52646.62078,52646.62078,6482762
21-03-2028,52404.04822,53920.15447,50705.45397,52380.69718,52380.69718,2664836
22-03-2028,51690.81017,55802.75477,49839.08647,51945.87493,51945.87493,3619810
23-03-2028,52717.0415,53753.48333,51812.46574,52598.22981,52598.22981,3922908
24-03-2028,52248.10061,55422.77214,50662.00993,52124.15199,52124.15199,3448857
25-03-2028,51817.04731,53592.45728,49724.65827,51366.2339,51366.2339,1278031
26-03-2028,51241.94693,54189.22619,50219.32044,51529.60879,51529.60879,4072402
27-03-2028,54186.32142,54855.53661,53347.67495,54349.81398,54349.81398,3724447
28-03-2028,54356.56507,57684.93173,53085.61142,54796.30371,54796.30371,2627593
29-03-2028,55248.21886,55072.90221,52099.67783,54798.98291,54798.98291,1258020
30-03-2028,53301.99951,54405.51872,51190.95169,53572.64772,53572.64772,2565475
31-03-2028,54135.26639,54527.87688,53014.09473,54105.45729,54105.45729,3294174
01-04-2028,55057.02883,57832.37287,54472.31089,55293.10038,55293.10038,2107991
02-04-2028,55047.24921,56190.5589,52189.93111,54883.11077,54883.11077,3250715
03-04-2028,54494.08138,57188.94249,52274.42884,54748.12495,54748.12495,3014401
04-04-2028,55121.22282,56332.81774,52507.0482,54761.89726,54761.89726,3934619
05-04-2028,55221.22437,55719.36225,53054.80636,54792.19462,54792.19462,5531065
06-04-2028,54552.85403,55896.52086,53803.71289,54149.7698,54149.7698,3496082
07-04-2028,54647.03052,55699.61897,52252.92817,54972.80472,54972.80472,5769711
08-04-2028,53562.91057,55618.64898,53350.68005,53902.21752,53902.21752,4338630
09-04-2028,54351.96255,54679.15078,53658.18485,54044.1551,54044.1551,3296954
10-04-2028,53892.84518,55415.96235,51788.0761,54148.27263,54148.27263,3405832
11-04-2028,54871.09635,55960.55547,53169.20883,54490.65077,54490.65077,4250411
12-04-2028,54828.24233,55197.82712,53389.70423,54631.46966,54631.46966,3963057
13-04-2028,54559.57727,55911.99281,52537.41979,54081.87737,54081.87737,4254480
14-04-2028,54584.59351,54572.63491,53764.25364,54104.58721,54104.58721,4183662
15-04-2028,52888.95925,55156.33459,52061.50836,53200.33001,53200.33001,1904778
16-04-2028,53430.27381,55295.75384,53047.03021,53948.20628,53948.20628,3645414
17-04-2028,51428.14878,52599.25913,50586.57893,51743.64933,51743.64933,4152290
18-04-2028,52393.60569,53867.67846,50650.65707,52250.67353,52250.67353,3644167
19-04-2028,52244.37379,53648.3543,51927.79382,52259.09594,52259.09594,4294674
20-04-2028,51000.74014,52799.54848,50059.35587,51219.28882,51219.28882,2481856
21-04-2028,51126.19188,52047.6725,49677.91173,50932.71831,50932.71831,3586148
22-04-2028,51760.40575,53545.50939,49603.53265,51592.17187,51592.17187,4420465
23-04-2028,55066.06832,56565.85773,53420.01527,54606.98694,54606.98694,2364488
24-04-2028,55962.84517,59525.9599,55640.19679,56102.84415,56102.84415,4445710
25-04-2028,56116.13462,57535.42753,54927.13873,55925.57544,55925.57544,3561152
26-04-2028,56564.77492,57881.37128,53971.4972,56057.68766,56057.68766,3066675
27-04-2028,55284.30864,57326.47224,53322.80585,55748.06143,55748.06143,2763708
28-04-2028,56322.23509,59134.73613,55536.87399,56633.39822,56633.39822,4007415
29-04-2028,56018.52998,56663.67961,55380.36488,56411.39649,56411.39649,1240709
30-04-2028,56841.02847,59859.74472,54383.50025,57178.52238,57178.52238,1439350
01-05-2028,57253.26143,58903.56617,56130.95497,56910.66484,56910.66484,3470358
02-05-2028,56872.84837,58440.27085,53871.76454,56379.91376,56379.91376,3042811
03-05-2028,58109.47767,58753.90914,57332.43884,57828.36117,57828.36117,2819913
04-05-2028,57385.68644,58416.24158,56834.34349,57565.37343,57565.37343,2732314
05-05-2028,56912.55009,56947.38737,53173.13928,56474.89214,56474.89214,3092568
06-05-2028,58030.25418,58210.24073,57037.17319,57837.40992,57837.40992,3590591
07-05-2028,59185.0869,61492.18215,56954.62924,58609.45554,58609.45554,3413754
08-05-2028,59066.72898,59541.98949,57651.1146,58687.82876,58687.82876,3679821
09-05-2028,57890.98926,61693.6151,57152.00961,58252.66778,58252.66778,2459289
10-05-2028,58008.21646,58251.46854,56919.22267,57975.04338,57975.04338,5381956
11-05-2028,54794.11095,55964.97017,53572.77341,54589.74745,54589.74745,3622367
12-05-2028,51885.90987,53639.1687,51527.43029,52334.31106,52334.31106,1626825
13-05-2028,52755.29545,53538.35226,51908.5558,52710.7086,52710.7086,5976061
14-05-2028,51865.80062,52746.08088,51233.03968,52143.59374,52143.59374,3394988
15-05-2028,51078.55216,52484.85627,50477.65069,51267.67251,51267.67251,5380643
16-05-2028,49793.91406,50732.91501,48018.27247,49523.33872,49523.33872,3470471
17-05-2028,49085.01449,51450.74476,48653.49319,49351.38273,49351.38273,4728731
18-05-2028,50182.00398,50212.08581,48081.6756,49772.02521,49772.02521,3246391
19-05-2028,48482.02966,49009.05608,47276.77968,48500.36663,48500.36663,3508480
20-05-2028,49238.28777,49767.09806,46975.72539,49437.13479,49437.13479,4043169
21-05-2028,49244.56383,49827.81562,48689.16255,49580.84739,49580.84739,2170481
22-05-2028,48630.82729,49079.1611,45696.08076,48294.91291,48294.91291,1676712
23-05-2028,47158.63359,48018.78038,46144.74271,47235.64501,47235.64501,2169759
24-05-2028,47867.53222,50251.1692,45604.93033,47927.47061,47927.47061,5032417
25-05-2028,47923.53885,49631.59928,46724.98488,47816.12323,47816.12323,3796354
26-05-2028,47678.01852,49797.85428,46777.22374,47769.78233,47769.78233,2448654
27-05-2028,45813.33273,46407.46958,43389.86755,45882.45815,45882.45815,4293525
28-05-2028,45699.68431,46489.91562,45354.81771,46104.04943,46104.04943,5447031
29-05-2028,47000.12963,47576.87668,46173.01357,46667.98121,46667.98121,4464720
30-05-2028,45794.59193,46225.69698,45339.14389,45823.51776,45823.51776,4504095
31-05-2028,45894.48892,48424.43808,45498.48999,45938.01501,45938.01501,2002960
01-06-2028,46041.58544,46856.37318,44939.15366,46380.21739,46380.21739,4548781
02-06-2028,46555.752,48050.51804,44646.07929,46183.46672,46183.46672,4889781
03-06-2028,46653.35994,47620.06518,45721.43666,47043.31793,47043.31793,4108778
04-06-2028,47475.14206,48640.4436,46483.45089,47413.08775,47413.08775,2630497
05-06-2028,47232.43109,47921.45723,45533.70829,46800.56407,46800.56407,3133417
06-06-2028,47188.14905,48285.701,45614.27638,46740.32795,46740.32795,4696417
07-06-2028,46511.83977,46748.56202,45535.56237,46337.51263,46337.51263,2998188
08-06-2028,46493.39147,47643.59671,45039.04008,46122.50264,46122.50264,3430107
09-06-2028,46224.29861,47276.15209,43373.37367,46420.93945,46420.93945,3932645
10-06-2028,46202.30191,47098.22999,45184.90632,46215.69221,46215.69221,5187951
11-06-2028,46433.25428,46927.34869,46019.32349,46523.97673,46523.97673,3439248
12-06-2028,46587.21579,46632.64872,43494.45314,46415.89001,46415.89001,4519973
13-06-2028,46822.43983,47478.9252,44752.95192,47259.70698,47259.70698,1801243
14-06-2028,44648.97382,45874.07315,44134.89119,44831.92816,44831.92816,3056322
15-06-2028,45637.23783,47250.09037,44529.79776,46002.03274,46002.03274,1779186
16-06-2028,46711.94629,49165.18026,46052.64835,46506.27312,46506.27312,3115652
17-06-2028,46825.26697,47491.35501,45877.72124,46901.57986,46901.57986,2535322
18-06-2028,48102.14811,48730.10072,47580.85628,47823.06568,47823.06568,2891597
19-06-2028,47611.96223,50070.26121,47353.19157,47908.84012,47908.84012,4977634
20-06-2028,47794.55017,49046.83607,45651.99971,47898.18963,47898.18963,3114141
21-06-2028,47958.116,48832.14653,47779.03056,48038.98384,48038.98384,4627446
22-06-2028,47750.37209,47964.4081,45047.03864,47602.64133,47602.64133,2391773
23-06-2028,48567.21901,49982.44727,47334.01331,48468.03284,48468.03284,1974278
24-06-2028,48109.55022,50033.80717,45676.12104,48452.14125,48452.14125,4201314
25-06-2028,49408.18265,49431.24406,47842.12899,48934.88074,48934.88074,3570461
26-06-2028,48954.48547,50265.29473,47025.73144,49041.00793,49041.00793,2307027
27-06-2028,49390.91009,50792.89953,46766.25922,49425.67487,49425.67487,3159077
28-06-2028,48113.11129,48017.91447,46368.51753,47674.44857,47674.44857,5220995
29-06-2028,47326.17477,47754.54048,44910.4035,47275.55723,47275.55723,3402552
30-06-2028,47626.88591,49070.30187,47150.85397,47463.85591,47463.85591,3234783
01-07-2028,47486.92172,48627.73356,45263.34377,47117.73147,47117.73147,3523293
02-07-2028,47425.6763,47913.29535,45640.73056,47320.41577,47320.41577,4216259
03-07-2028,45593.9387,48048.61956,42854.81192,45823.42833,45823.42833,2537143
04-07-2028,45358.04685,46932.18094,43510.01691,45467.32553,45467.32553,4121216
05-07-2028,45994.85064,46658.19218,45247.99832,46383.05726,46383.05726,3982568
06-07-2028,46475.66843,47416.03686,43320.92523,46179.54967,46179.54967,2702271
07-07-2028,47091.15094,47901.96581,46297.61815,46846.46135,46846.46135,3015615
08-07-2028,45938.92791,46990.95755,44404.78564,46311.52008,46311.52008,4189838
09-07-2028,45616.20503,48033.05255,44097.66303,46004.28104,46004.28104,4102726
10-07-2028,46628.82418,47773.4797,46198.38123,46645.58831,46645.58831,3062998
11-07-2028,46405.52835,49078.04428,44176.12663,46669.11934,46669.11934,3019129
12-07-2028,44482.82949,46076.73664,43435.68698,44846.31854,44846.31854,4112613
13-07-2028,44947.58917,45960.32514,44497.86847,45069.24274,45069.24274,5099764
14-07-2028,44827.50001,46002.52044,43304.87502,45119.02413,45119.02413,3874012
15-07-2028,45242.65852,46189.28983,44064.16269,45552.4845,45552.4845,5109593
16-07-2028,42717.20153,43370.139,40884.60189,42653.31899,42653.31899,6688873
17-07-2028,43219.90717,43486.75623,41303.03648,42901.54204,42901.54204,1303268
18-07-2028,43210.93369,43061.38735,42067.80524,42846.63337,42846.63337,5133006
19-07-2028,43335.23338,46649.07629,40791.23511,43586.02987,43586.02987,3167978
20-07-2028,42906.99585,44159.8194,41694.75638,43245.63031,43245.63031,3180081
21-07-2028,42910.52091,44170.94267,42168.03235,43046.05219,43046.05219,3612066
22-07-2028,42385.59015,44072.34581,42396.62829,42742.82115,42742.82115,4564150
23-07-2028,42625.884,43519.21039,41372.8148,42628.22627,42628.22627,5073819
24-07-2028,43040.518,44018.44125,41504.027,43358.01347,43358.01347,2326987
25-07-2028,42027.34225,43529.76646,39903.73941,42146.54855,42146.54855,3763184
26-07-2028,42432.94234,43860.7524,41353.07375,42120.18135,42120.18135,3142423
27-07-2028,41634.61948,42808.59567,40392.74088,41255.99034,41255.99034,5592777
28-07-2028,41594.48113,43760.78587,40259.87201,41277.2802,41277.2802,4352602
29-07-2028,40875.76277,42594.89352,40372.21927,41150.14802,41150.14802,4902868
30-07-2028,40201.45658,42007.02342,39072.41224,40537.69248,40537.69248,3315990
31-07-2028,40242.64241,43112.56152,39559.34424,40560.12021,40560.12021,2299775
01-08-2028,39661.26469,40677.04942,39214.77354,39999.67913,39999.67913,4292520
02-08-2028,39421.10153,42031.3404,38459.57428,39817.90373,39817.90373,4483197
03-08-2028,39730.94406,41183.02525,39256.07478,39943.32994,39943.32994,3345429
04-08-2028,40359.14653,42041.45986,40421.48891,40707.84502,40707.84502,5039515
05-08-2028,40519.68445,40474.68072,38815.68338,40230.55569,40230.55569,4373945
06-08-2028,40772.70651,40947.01389,40509.98909,40719.31918,40719.31918,3994419
07-08-2028,41072.94036,41795.22871,39541.55993,40797.98621,40797.98621,5311267
08-08-2028,41474.55853,41938.14323,40738.97873,41211.56617,41211.56617,5804703
09-08-2028,41388.46022,42231.90567,40127.23011,41246.64579,41246.64579,3966484
10-08-2028,41226.4616,43027.99923,40504.42942,41274.23079,41274.23079,3612205
11-08-2028,41051.87067,42608.09332,39209.31874,41032.77042,41032.77042,4811548
12-08-2028,42264.05838,42443.48355,41762.08579,42103.71772,42103.71772,2985710
13-08-2028,42429.90941,43566.28909,41725.18109,42081.17692,42081.17692,3605446
14-08-2028,41492.65734,42895.3408,40654.2584,41731.50428,41731.50428,3511571
15-08-2028,41963.25011,44032.75404,41708.24926,41945.99242,41945.99242,3412328
16-08-2028,40906.31908,41842.43159,38876.09901,40922.97974,40922.97974,3553189
17-08-2028,41882.25843,43180.31295,41015.2102,41708.14966,41708.14966,3366583
18-08-2028,41903.89979,43487.28354,39219.92953,41548.40047,41548.40047,4614908
19-08-2028,42290.96199,43043.46639,40195.23449,42099.9766,42099.9766,3185544
20-08-2028,40673.91541,40945.33005,38871.53045,40379.58954,40379.58954,3919808
21-08-2028,41037.76939,41357.82807,39393.29439,40811.34903,40811.34903,5106672
22-08-2028,40779.73602,41497.12968,39814.73509,40412.22103,40412.22103,2926306
23-08-2028,41153.23978,42251.92347,39904.62402,40851.12962,40851.12962,2775147
24-08-2028,40343.36581,43342.16739,39748.37779,40541.11002,40541.11002,4359306
25-08-2028,38805.37455,39790.11904,37450.36081,39050.15828,39050.15828,2860150
26-08-2028,35160.84905,35342.10491,34704.19118,35190.89217,35190.89217,3933650
27-08-2028,34802.76846,36452.27256,34112.86163,34683.602,34683.602,3280018
28-08-2028,35589.70239,36303.78444,35772.1308,35926.37214,35926.37214,2870874
29-08-2028,35700.34452,36493.98777,35381.88963,35745.89077,35745.89077,5590696
30-08-2028,35513.73283,37231.43729,34310.61926,35416.74234,35416.74234,1959841
31-08-2028,35046.37043,35530.28022,35018.46869,35342.831,35342.831,1955201
01-09-2028,36295.88802,37760.36945,35015.2164,36097.97234,36097.97234,4816804
02-09-2028,36375.21667,37690.19327,35720.75622,36081.86384,36081.86384,2377094
03-09-2028,35762.02134,35667.68348,34828.35512,35450.5071,35450.5071,3689344
04-09-2028,35636.76345,37215.09425,35117.74261,35446.51476,35446.51476,3073234
05-09-2028,35497.88445,36569.662,33756.86575,35252.01845,35252.01845,5708715
06-09-2028,35231.58339,36485.66536,34986.13304,35468.41303,35468.41303,3993722
07-09-2028,34632.81595,36115.85144,32845.47075,34975.56922,34975.56922,4179603
08-09-2028,35016.47644,36466.68121,34618.97864,35276.56763,35276.56763,2989332
09-09-2028,34638.00943,35876.2006,34481.25,34875.72606,34875.72606,1881499
10-09-2028,34923.61584,36097.22226,34229.05539,34648.10008,34648.10008,5381391
11-09-2028,33988.64922,34413.00463,32385.31583,33937.21576,33937.21576,5758250
12-09-2028,34115.73174,35319.07613,33075.40191,34026.58066,34026.58066,3659666
13-09-2028,33877.00669,35858.09412,33113.61608,34116.18088,34116.18088,3438295
14-09-2028,34710.65472,36160.63781,33295.36329,34610.48716,34610.48716,3869501
15-09-2028,34532.89956,35069.85083,33411.86433,34749.17133,34749.17133,4780667
16-09-2028,33365.67775,34260.26945,32728.705,33631.55665,33631.55665,3659131
17-09-2028,33809.60539,35177.65844,33868.20466,34104.61869,34104.61869,4559155
18-09-2028,34113.44725,35010.45618,32604.86246,33878.36245,33878.36245,3944354
19-09-2028,33711.54984,34141.26853,31540.00474,33727.56937,33727.56937,3837959
20-09-2028,33873.99457,34244.64379,33469.43539,34059.46347,34059.46347,4371242
21-09-2028,33546.29028,35281.35159,32571.66631,33633.18385,33633.18385,2051012
22-09-2028,33327.02532,35568.65141,31538.55694,33407.94898,33407.94898,3363427
23-09-2028,33374.57613,33581.45184,31302.23688,33184.22247,33184.22247,4562355
24-09-2028,32986.96515,34389.39828,32202.01872,33027.87633,33027.87633,2237326
25-09-2028,33255.76634,33557.54953,32267.8899,33358.05074,33358.05074,3652302
26-09-2028,33530.93829,34411.81738,31020.45454,33220.87452,33220.87452,3635462
27-09-2028,33273.75737,33609.48135,32440.48246,33353.19336,33353.19336,3907324
28-09-2028,32789.21378,33269.61094,31379.26031,32951.01486,32951.01486,1729954
29-09-2028,33382.91005,35143.91398,33353.08791,33528.11484,33528.11484,4652434
30-09-2028,33459.66835,33498.26066,32350.9224,33248.02361,33248.02361,2845363
01-10-2028,33379.5602,35408.69319,32058.8787,33449.6142,33449.6142,5374358
02-10-2028,33898.33757,35455.26753,33471.64724,33721.50675,33721.50675,4585559
03-10-2028,33593.31983,35279.64637,32427.67408,33774.33194,33774.33194,4011151
04-10-2028,32993.49226,34118.6513,31956.90695,33015.88301,33015.88301,2691101
05-10-2028,32869.75779,33344.2597,32072.27656,33038.03552,33038.03552,2923504
06-10-2028,32994.01038,33470.43331,32367.18081,33154.93964,33154.93964,2770101
07-10-2028,33036.87769,34517.63859,30983.18824,33072.8263,33072.8263,3438109
08-10-2028,37903.41186,37980.11438,36643.40912,37607.63715,37607.63715,2973031
09-10-2028,37473.18096,38679.45047,36539.35767,37203.01634,37203.01634,6321539
10-10-2028,36602.84665,37146.39389,36169.59615,36884.45977,36884.45977,3795193
11-10-2028,36492.7875,37535.97963,36216.57672,36544.39844,36544.39844,7090999
12-10-2028,36561.05502,37377.21118,36650.0994,36772.28189,36772.28189,2873092
13-10-2028,37289.9939,39023.09776,35557.59074,37406.59321,37406.59321,4068716
14-10-2028,37255.5028,38089.88196,36130.60264,37066.82569,37066.82569,3814652
15-10-2028,37590.18407,38218.15134,36957.09329,37269.48717,37269.48717,3240268
16-10-2028,36519.49596,37829.03893,35975.56885,36317.26425,36317.26425,4074916
17-10-2028,36697.07724,37248.35694,36323.06402,36532.65734,36532.65734,2909221
18-10-2028,36901.1835,37458.93263,36309.05998,37185.44835,37185.44835,3385818
19-10-2028,36683.65128,38513.09095,34358.39756,36761.01737,36761.01737,4489228
20-10-2028,37042.59901,39024.29324,36312.76964,37182.74617,37182.74617,4327856
21-10-2028,36759.80954,38048.41009,35514.71342,37096.4626,37096.4626,2312975
22-10-2028,37832.5054,38369.94186,37295.62452,37791.78597,37791.78597,3632424
23-10-2028,37967.16683,38032.9236,37220.95284,37741.3457,37741.3457,4168096
24-10-2028,37428.59592,39299.58023,37351.31902,37532.88704,37532.88704,1961982
25-10-2028,38536.80727,40599.06977,37927.51603,38198.65771,38198.65771,4550925
26-10-2028,38613.96353,39568.56864,36098.04758,38327.75291,38327.75291,3676357
27-10-2028,38030.98644,40670.7817,36423.30422,38252.81116,38252.81116,2765172
28-10-2028,38579.01787,39727.71733,36051.62811,38540.069,38540.069,2495995
29-10-2028,38258.08026,38595.57978,37358.90555,38147.99321,38147.99321,4193568
30-10-2028,36953.3002,38153.50266,36373.95274,37306.03982,37306.03982,4181904
31-10-2028,37593.24215,37977.73346,35077.20205,37372.95115,37372.95115,4209569
01-11-2028,37775.11321,39421.31425,37142.68855,37716.26504,37716.26504,4132604
02-11-2028,37396.59113,37777.54417,37100.54293,37409.79867,37409.79867,3850177
03-11-2028,36312.47958,36819.08603,34619.86654,36226.67034,36226.67034,3739064
04-11-2028,36840.88608,37580.81782,36697.78595,37057.51905,37057.51905,3183553
05-11-2028,40922.44311,41005.70447,38361.89223,40535.60329,40535.60329,3453924
06-11-2028,38932.14833,41231.40688,38468.25433,39099.8819,39099.8819,4409172
07-11-2028,39883.91447,41124.66004,39359.22844,39755.16061,39755.16061,4617998
08-11-2028,39935.9748,41429.3482,38036.85175,39785.86138,39785.86138,3892625
09-11-2028,39878.98465,41375.92767,39386.09463,39813.99031,39813.99031,3811221
10-11-2028,39561.60535,40841.80725,39441.82811,39836.84551,39836.84551,1647888
11-11-2028,38478.46687,38552.59209,36436.81068,38319.42537,38319.42537,3504067
12-11-2028,38981.19299,39274.93543,38053.6697,38911.51151,38911.51151,3378923
13-11-2028,38662.62232,39762.60491,37877.21616,38805.70438,38805.70438,4570765
14-11-2028,38764.62094,39888.48893,37412.90078,38632.19213,38632.19213,4361393
15-11-2028,38102.66828,39273.40371,37005.02827,38118.08754,38118.08754,3050942
16-11-2028,38577.74571,38895.61755,37802.09196,38367.24763,38367.24763,5285372
17-11-2028,38431.67509,38826.32339,36964.95746,38541.70715,38541.70715,3093834
18-11-2028,38050.89888,40165.3,37713.22515,38286.01446,38286.01446,4035531
19-11-2028,38692.64002,39178.10544,37802.63176,38338.02937,38338.02937,3001703
20-11-2028,37989.99834,39147.78135,37093.53059,37737.20587,37737.20587,5383622
21-11-2028,37648.40018,38205.794,36230.19145,37604.52584,37604.52584,4801329
22-11-2028,37687.26907,38412.76272,36046.2539,37459.8377,37459.8377,4163732
23-11-2028,37253.52781,37888.597,36922.51996,37431.44703,37431.44703,5543417
24-11-2028,37583.07809,38647.06222,36725.93577,37411.4076,37411.4076,3334189
25-11-2028,37409.29296,39253.77468,36011.57929,37496.22242,37496.22242,3812257
26-11-2028,37677.69628,37824.41755,36187.60271,37310.1616,37310.1616,3491280
27-11-2028,37450.65765,39159.53868,36540.61107,37712.63508,37712.63508,4141741
28-11-2028,37133.77996,38329.569,35457.59911,37256.40711,37256.40711,3330135
29-11-2028,38507.63786,41024.85463,37132.93812,38594.84834,38594.84834,5738645
30-11-2028,39403.37247,40315.83779,37155.56189,39156.51033,39156.51033,3026286
01-12-2028,38283.60399,38656.25887,37494.90316,38407.55524,38407.55524,1731305
02-12-2028,36818.34842,38231.58853,35661.09949,36890.12091,36890.12091,4421467
03-12-2028,36747.77915,37759.75967,35431.46143,36789.68185,36789.68185,2342740
04-12-2028,36238.64395,37124.10325,36206.94504,36527.42009,36527.42009,709748
05-12-2028,37655.09437,38401.28853,36710.29885,37468.44692,37468.44692,4005811
06-12-2028,37580.54272,39243.34168,37397.18241,37669.82388,37669.82388,3349916
07-12-2028,36885.45471,38310.65089,36035.0736,36843.59947,36843.59947,2534934
08-12-2028,37297.31846,37896.32987,36097.18169,37038.69957,37038.69957,3626258
09-12-2028,38047.07125,39000.90185,37236.2314,37900.79858,37900.79858,3803433
10-12-2028,34507.31452,36085.73489,34116.10727,34739.77715,34739.77715,4286796
11-12-2028,35531.31541,36281.08773,34776.20336,35212.15676,35212.15676,4509916
12-12-2028,35081.24636,35711.82157,34760.36742,35243.91098,35243.91098,1332032
13-12-2028,35356.13432,36351.1319,34512.92994,35579.23526,35579.23526,3923617
14-12-2028,35922.2197,37669.48495,34946.1788,35929.35056,35929.35056,2473088
15-12-2028,36772.96529,37547.24203,36666.453,36857.79248,36857.79248,5787693
16-12-2028,37419.42089,38471.87884,36879.1227,37646.61843,37646.61843,3306351
17-12-2028,37069.35408,38424.45946,34820.23079,36965.39777,36965.39777,2630676
18-12-2028,37547.14698,38949.56509,36168.1917,37305.0707,37305.0707,4026430
19-12-2028,35993.84263,36262.86796,35227.04715,35879.3315,35879.3315,5792953
20-12-2028,35979.82486,38304.3834,34432.59758,36011.47377,36011.47377,5480326
21-12-2028,36276.41946,37690.97719,35550.51811,36131.68117,36131.68117,4513258
22-12-2028,35791.38332,36077.93766,35660.61946,35850.89482,35850.89482,3459887
23-12-2028,36825.23347,37665.65966,35339.65017,36795.31992,36795.31992,3501986
24-12-2028,36453.55952,37267.61347,35344.24801,36480.25431,36480.25431,3327288
25-12-2028,36321.77411,37559.82959,36130.84045,36417.14922,36417.14922,2850420
26-12-2028,36787.25676,37936.02916,34400.95562,36500.28689,36500.28689,3227708
27-12-2028,38203.03982,39649.54707,38187.86953,38535.00628,38535.00628,3734314
28-12-2028,38115.91183,38631.05944,37339.38231,37860.09298,37860.09298,2156091
29-12-2028,37338.77007,37880.81255,36015.18145,37512.9984,37512.9984,6045763
30-12-2028,37489.58507,38824.08798,35834.47273,37769.89761,37769.89761,3569525
31-12-2028,37870.96811,38808.26637,36350.57603,37869.63097,37869.63097,5437588
01-01-2029,37183.69207,38389.58859,36299.18029,37413.11673,37413.11673,2021863
02-01-2029,37295.59127,39088.74991,35576.17517,37416.71368,37416.71368,4428378
03-01-2029,36441.39118,37980.85419,35666.5074,36743.10779,36743.10779,3339681
04-01-2029,36434.00998,37908.85329,35422.25969,36774.58329,36774.58329,2600651
05-01-2029,37536.43258,38133.17754,36570.75869,37812.18576,37812.18576,3601806
06-01-2029,38432.05514,38940.21202,38104.13982,38515.57074,38515.57074,3192727
07-01-2029,38641.76175,39041.99811,37625.3976,38690.7047,38690.7047,2197341
08-01-2029,39010.76678,40473.98332,37326.16035,39019.69299,39019.69299,3018964
09-01-2029,40437.79501,41366.22456,39622.28461,40644.12919,40644.12919,4561526
10-01-2029,40960.61536,43532.97478,39812.1302,41121.01798,41121.01798,2317482
11-01-2029,40498.84482,42011.33672,39339.70219,40551.91237,40551.91237,2943116
12-01-2029,39893.21067,42208.025,38461.75239,40078.49206,40078.49206,3228529
13-01-2029,40233.74254,40749.07045,37496.82842,40137.33328,40137.33328,2903751
14-01-2029,40097.92964,42043.38813,38563.67765,40146.62315,40146.62315,4642515
15-01-2029,40397.98274,40932.36197,39125.66841,40154.57294,40154.57294,3038083
16-01-2029,40157.90793,41117.78156,39358.18344,40043.49024,40043.49024,3499979
17-01-2029,42232.53045,44799.33582,39461.61403,42275.72655,42275.72655,2151770
18-01-2029,43353.18785,44200.99754,42310.11045,43290.18423,43290.18423,4097178
19-01-2029,43095.47685,45959.72881,41808.82565,42936.12468,42936.12468,3583255
20-01-2029,43097.55705,44417.94546,41155.39755,42767.5937,42767.5937,4278108
21-01-2029,42818.72596,44455.90042,41026.00619,42554.90583,42554.90583,4850797
22-01-2029,42416.9886,43878.52387,40177.78935,42584.99249,42584.99249,3311199
23-01-2029,42687.76232,43254.62561,40621.94379,42282.96126,42282.96126,2914916
24-01-2029,41171.00349,42118.79926,39909.70969,41565.60374,41565.60374,4040887
25-01-2029,41629.38918,42134.45311,39331.55597,41891.58601,41891.58601,4204793
26-01-2029,41790.12285,43642.53573,40459.61548,42133.64022,42133.64022,2954488
27-01-2029,40998.27163,42159.80707,40055.5251,41209.5095,41209.5095,4254208
28-01-2029,41285.89428,41762.38252,40534.0551,41028.47583,41028.47583,4151770
29-01-2029,41704.4916,42205.9719,40038.74497,41338.00793,41338.00793,4628448
30-01-2029,41257.03118,42583.60511,40875.88055,41433.6526,41433.6526,3869075
31-01-2029,41854.72698,44192.24396,40450.34028,41915.53174,41915.53174,3204039
01-02-2029,41698.9346,43077.63535,39872.18512,41431.55355,41431.55355,4729765
02-02-2029,41191.29547,42401.3343,40666.50568,40817.78331,40817.78331,5018999
03-02-2029,40376.5751,41990.88765,38767.20639,40230.32232,40230.32232,2257511
04-02-2029,40118.02693,40519.47424,38000.66598,40136.96677,40136.96677,5667038
05-02-2029,40155.83478,41616.54589,39436.44386,39966.70074,39966.70074,4077193
06-02-2029,40077.82004,41593.0352,38827.6534,40239.91026,40239.91026,4630016
07-02-2029,40380.17092,40357.57847,39952.70306,40228.13482,40228.13482,4590632
08-02-2029,40057.13832,41371.56332,39494.15459,40232.00241,40232.00241,5716831
09-02-2029,40459.34764,42100.73552,38505.27553,40300.86109,40300.86109,3633429
10-02-2029,38792.65328,40050.23768,38435.38,39004.69107,39004.69107,5616286
11-02-2029,39429.77332,40495.29142,38111.6755,39345.52336,39345.52336,3047274
12-02-2029,39165.70713,40402.43747,38318.27391,39377.15804,39377.15804,4642375
13-02-2029,40326.25054,41267.47794,38656.72581,40200.87485,40200.87485,4067437
14-02-2029,40558.83747,41190.04373,38577.97902,40217.03752,40217.03752,2885156
15-02-2029,39929.53448,41221.76469,39101.23892,40112.34358,40112.34358,4160129
16-02-2029,40596.00159,41622.82745,39494.1205,40294.86131,40294.86131,3379739
17-02-2029,40938.25858,41441.85242,40004.37152,40719.4916,40719.4916,2514112
18-02-2029,40784.55347,41193.8258,40129.77432,40815.07155,40815.07155,2650936
19-02-2029,40783.20285,42071.97992,40468.76065,41114.17689,41114.17689,2658103
20-02-2029,41403.77806,41747.28335,40687.50349,41073.76804,41073.76804,3829711
21-02-2029,40933.11122,41239.45589,40191.14408,40801.33929,40801.33929,2922378
22-02-2029,40634.41947,41486.49682,39502.78711,40624.75901,40624.75901,3497211
23-02-2029,40928.98769,42010.77592,40716.59921,41219.75985,41219.75985,6109075
24-02-2029,40964.81162,43261.29285,38510.76966,41347.71532,41347.71532,4423784
25-02-2029,41579.19883,42478.80713,41338.60509,41841.75787,41841.75787,4711129
26-02-2029,42860.90513,45242.60881,41173.6605,42919.69375,42919.69375,4047430
27-02-2029,42412.75646,43220.52266,41683.04661,42580.16229,42580.16229,3363893
28-02-2029,44819.21633,45179.31433,43730.77279,44623.93279,44623.93279,972681
01-03-2029,44027.27587,44658.30357,42320.5913,43794.3648,43794.3648,3775795
02-03-2029,44206.71928,44357.16415,42752.49742,43913.31745,43913.31745,2998749
03-03-2029,43467.63558,45825.96233,42052.12265,43640.49939,43640.49939,3654074
04-03-2029,43505.89634,43857.40653,42622.2321,43146.5721,43146.5721,4343140
05-03-2029,42742.83418,42963.55898,40361.21406,42624.60716,42624.60716,2639250
06-03-2029,40683.97886,41796.80337,40412.62831,40983.0413,40983.0413,3101671
07-03-2029,39789.97175,41937.84161,39018.67997,40142.18129,40142.18129,2974169
08-03-2029,39337.86386,41165.75108,37518.74371,39624.40851,39624.40851,4383843
09-03-2029,40058.27067,40870.42457,38021.8876,40126.96688,40126.96688,1846288
10-03-2029,40648.72239,42468.99203,40484.41555,40863.03643,40863.03643,3724483
11-03-2029,40804.01357,40848.32506,38911.91569,40466.92308,40466.92308,3605518
12-03-2029,41097.46001,41286.87453,40088.16002,40905.6067,40905.6067,2242710
13-03-2029,41957.16841,42599.87691,40938.54955,41710.65744,41710.65744,4846006
14-03-2029,42699.18853,43178.37491,42148.11847,42486.56207,42486.56207,3166450
15-03-2029,43154.8734,43061.82492,41912.34574,42776.88784,42776.88784,4046550
16-03-2029,42885.20143,44779.95368,42275.12662,42889.52974,42889.52974,4358976
17-03-2029,44371.33743,47282.52109,43917.18457,44218.46524,44218.46524,2494920
18-03-2029,43829.98609,45301.13653,43051.38371,44205.52555,44205.52555,3313728
19-03-2029,44963.96361,45648.77701,44455.23822,44760.06707,44760.06707,3447754
20-03-2029,43304.05332,43853.35528,42226.16513,43599.1649,43599.1649,2597749
21-03-2029,43857.12477,45492.80455,42991.55539,44199.89217,44199.89217,4263099
22-03-2029,44383.67079,45587.23182,44081.24413,44634.83852,44634.83852,5290463
23-03-2029,45121.82485,46178.87304,44776.51728,45139.19212,45139.19212,3020350
24-03-2029,45651.97779,45857.83944,44398.14559,45416.27914,45416.27914,1192341
25-03-2029,44978.29872,46400.66212,42766.53168,45260.09993,45260.09993,3143210
26-03-2029,44200.9849,45669.07432,43326.02698,44550.79556,44550.79556,4823121
27-03-2029,45009.62578,45290.37452,44518.04208,44753.37226,44753.37226,2445888
28-03-2029,44359.8539,46660.71808,41863.33034,44748.33226,44748.33226,3493981
29-03-2029,45535.45226,46751.30403,45173.94787,45649.58316,45649.58316,4196701
30-03-2029,46499.70981,48084.94821,44991.80988,46764.10963,46764.10963,3124557
31-03-2029,47241.48629,49357.13389,45014.47288,46865.52897,46865.52897,1755680
01-04-2029,46758.57056,47091.64461,45296.66267,46827.85309,46827.85309,2794045
02-04-2029,49100.58958,50820.7372,48914.14153,49564.26274,49564.26274,3741094
03-04-2029,50082.57035,50422.3415,48619.85843,50094.57338,50094.57338,4245073
04-04-2029,50430.96569,51841.71249,48254.92823,50083.09296,50083.09296,3653635
05-04-2029,49065.18052,49718.526,47190.46315,49216.449,49216.449,4612189
06-04-2029,49751.18745,50764.14916,49507.90966,50037.32274,50037.32274,2974156
07-04-2029,49625.82044,51039.88681,49513.36465,49953.60503,49953.60503,3061899
08-04-2029,50574.74402,52896.34603,46820.59866,50082.69894,50082.69894,4411005
09-04-2029,49913.65598,52335.47559,48662.99649,49511.06002,49511.06002,4427325
10-04-2029,50041.12764,49870.1383,47665.00857,49563.40811,49563.40811,3955957
11-04-2029,49497.17048,50777.65547,47129.28727,49727.00785,49727.00785,5203038
12-04-2029,49909.16107,51845.90021,47827.58963,49755.55362,49755.55362,2878987
13-04-2029,50044.26458,50536.47554,49448.2977,49926.78552,49926.78552,3020778
14-04-2029,51633.97798,51846.55605,49489.95803,51310.58517,51310.58517,4385569
15-04-2029,50605.52521,51982.48191,48941.94018,50540.39885,50540.39885,2645113
16-04-2029,49065.80046,49488.56349,47861.51889,49230.55997,49230.55997,5109115
17-04-2029,49170.37069,50562.98265,48475.01763,49314.68498,49314.68498,2253885
18-04-2029,49229.81583,49254.45342,48111.6719,48788.64063,48788.64063,4980502
19-04-2029,46197.49143,49194.40007,45551.65854,46015.51394,46015.51394,2084867
20-04-2029,45168.40828,46678.18664,43947.0378,45427.58052,45427.58052,2673896
21-04-2029,45735.87536,46274.27683,43791.95526,45466.49546,45466.49546,4559868
22-04-2029,45440.90882,47151.51357,44021.92672,45481.28978,45481.28978,3568530
23-04-2029,46150.19241,49022.83486,44665.36976,46085.79076,46085.79076,3345662
24-04-2029,46448.88586,47791.76848,46140.23396,46721.16579,46721.16579,2343017
25-04-2029,47822.75542,48641.20224,46177.45501,47415.18938,47415.18938,4080452
26-04-2029,46966.08395,49122.26593,46325.0544,47203.40612,47203.40612,3488205
27-04-2029,47792.56873,49515.54433,46419.73718,47559.92328,47559.92328,5378244
28-04-2029,47927.57704,48448.51433,47536.22322,48000.37357,48000.37357,3080939
29-04-2029,47458.50841,48645.95151,47262.06914,47821.85511,47821.85511,2578265
30-04-2029,47236.79888,48677.83406,45669.54288,47427.49164,47427.49164,3729143
01-05-2029,47883.16839,50603.20444,47498.64306,48086.75698,48086.75698,2812498
02-05-2029,47947.38957,48685.63307,47344.55286,48093.68272,48093.68272,2093612
03-05-2029,46895.71036,50022.25907,45991.49744,47032.81112,47032.81112,4185458
04-05-2029,47356.42008,49060.81969,44554.08697,47473.83119,47473.83119,3685532
05-05-2029,48876.56678,50700.1274,47293.13016,48419.10927,48419.10927,3306568
06-05-2029,48241.26832,50643.66965,45695.59349,48138.73397,48138.73397,2356475
07-05-2029,48158.10709,48167.53867,46976.36989,47911.652,47911.652,4563248
08-05-2029,46876.83458,47484.44317,45449.02377,46449.97062,46449.97062,3995041
09-05-2029,47035.66205,48302.48136,46195.30895,46942.32928,46942.32928,4406069
10-05-2029,48330.12568,48688.24262,47593.40023,48163.21219,48163.21219,4741146
11-05-2029,47976.74857,49676.57733,47664.51762,48440.81244,48440.81244,2762425
12-05-2029,47710.5144,48895.43247,46817.53558,48017.4828,48017.4828,4432287
13-05-2029,47873.87653,50564.62031,47191.96831,47689.80926,47689.80926,2313978
14-05-2029,47959.17668,49132.0392,47456.1661,48346.89912,48346.89912,4775919
15-05-2029,49496.94802,50179.12607,48354.02551,49068.7873,49068.7873,3754822
16-05-2029,48924.28107,50589.41356,46730.14,49004.96689,49004.96689,3093084
17-05-2029,49082.43295,50526.12486,47735.96385,49116.84161,49116.84161,4210984
18-05-2029,49099.12485,50042.18713,47380.92779,48969.34373,48969.34373,1173952
19-05-2029,48844.83924,49672.75201,48326.34982,49049.66131,49049.66131,3662550
20-05-2029,49058.32728,49647.23469,45759.56353,48880.9875,48880.9875,3371988
21-05-2029,46738.46703,48016.82199,44374.59647,47012.83555,47012.83555,1085693
22-05-2029,46923.30713,47989.53396,47113.17884,47286.54525,47286.54525,3313922
23-05-2029,47240.8899,47395.01378,45286.60866,46805.57297,46805.57297,3250912
24-05-2029,47702.58131,51058.41604,45616.18892,48068.53395,48068.53395,5850490
25-05-2029,48405.91597,50794.48597,47628.63456,48357.78702,48357.78702,2418328
26-05-2029,47872.08146,49056.59962,44920.06507,48171.87511,48171.87511,3456002
27-05-2029,47336.20916,48733.13035,45929.5498,47171.2426,47171.2426,4369149
28-05-2029,47384.80154,47830.46122,46234.95927,47598.101,47598.101,2197473
29-05-2029,48637.75851,51284.52645,47479.0491,48495.42985,48495.42985,3125484
30-05-2029,49275.92712,50760.51519,49042.86214,49435.33423,49435.33423,2797599
31-05-2029,50022.91189,50102.37063,48877.94201,49836.07345,49836.07345,2874805
01-06-2029,50082.81527,51094.33539,49722.4366,50368.64214,50368.64214,3672910
02-06-2029,51200.85208,51763.90448,47866.39828,50870.6688,50870.6688,3586426
03-06-2029,51158.21753,54649.94927,50581.32557,51283.89557,51283.89557,3661831
04-06-2029,52249.45718,53289.29821,51187.26686,51917.92693,51917.92693,4177147
05-06-2029,51386.94661,53899.05533,49841.47967,51474.17152,51474.17152,3446364
06-06-2029,51904.89535,54236.45769,51000.09113,52033.22162,52033.22162,3260884
07-06-2029,51254.10698,51726.59287,48929.67112,51047.38629,51047.38629,2430847
08-06-2029,50694.39873,52598.8712,48031.79657,50578.58457,50578.58457,2985028
09-06-2029,48377.59012,49141.92665,47786.08733,47980.31166,47980.31166,3115405
10-06-2029,47544.49218,48152.36622,45406.82142,47447.24005,47447.24005,1897541
11-06-2029,46864.76821,47425.52896,46932.33758,47141.24519,47141.24519,4823289
12-06-2029,47748.07643,48409.91086,46703.90091,47798.40192,47798.40192,5868728
13-06-2029,48326.70266,49104.57512,45210.75875,47921.92619,47921.92619,2921801
14-06-2029,47551.43139,49050.32315,46539.07352,47703.99024,47703.99024,3617010
15-06-2029,47661.71457,50467.45211,46681.50388,47959.67703,47959.67703,3962173
16-06-2029,48214.09508,49200.44717,46475.11946,47967.46519,47967.46519,4989112
17-06-2029,47703.84931,50005.85131,47142.28918,48115.51292,48115.51292,4088032
18-06-2029,46589.33591,47809.05575,44873.39042,46282.75113,46282.75113,1119340
19-06-2029,46681.58617,48337.56019,45838.43389,47141.92496,47141.92496,3399794
20-06-2029,47087.24896,47506.88727,45773.36225,47259.71645,47259.71645,3851137
21-06-2029,48439.02064,50780.09355,47664.43951,48124.70175,48124.70175,2631995
22-06-2029,47606.46632,48765.30061,47526.74837,47959.20872,47959.20872,4544281
23-06-2029,47655.4346,48322.94356,46600.39708,48079.04232,48079.04232,3900186
24-06-2029,47962.21756,49146.14367,47040.93565,48170.33422,48170.33422,4226028
25-06-2029,48987.26562,50661.09544,48226.56548,48649.41479,48649.41479,5232915
26-06-2029,48187.21498,50299.53844,46793.90056,48665.40607,48665.40607,4278062
27-06-2029,48222.56153,49489.21869,47722.03191,48296.04762,48296.04762,3953372
28-06-2029,48750.54758,49915.78591,47514.34874,48897.53028,48897.53028,2257945
29-06-2029,47890.43631,48960.48211,47051.53959,48193.73074,48193.73074,2447408
30-06-2029,48857.68635,52230.68025,47449.74513,49096.10684,49096.10684,4593688
01-07-2029,48654.49233,49610.94965,47717.20529,49032.25089,49032.25089,3182645
02-07-2029,49539.81632,50077.98646,48269.32771,49063.97403,49063.97403,3362155
03-07-2029,49043.72965,51176.57885,48321.47567,49479.24616,49479.24616,3483487
04-07-2029,50307.10096,51225.11053,48476.92203,50218.0419,50218.0419,2649486
05-07-2029,49604.62572,50239.75319,47482.12798,49411.12871,49411.12871,4978415
06-07-2029,49926.30495,52088.8844,47722.91709,50240.16573,50240.16573,4244242
07-07-2029,49749.60214,50231.83034,48026.55519,49654.18872,49654.18872,1002592
08-07-2029,50449.68656,51788.47924,48090.1869,50075.02986,50075.02986,3387436
09-07-2029,49568.31044,51567.45683,48894.73555,49670.39361,49670.39361,2423358
10-07-2029,49722.50774,50561.39746,47698.98812,49480.14769,49480.14769,4481263
11-07-2029,50029.36764,52160.55873,49793.21247,50197.0611,50197.0611,5175865
12-07-2029,49620.08003,52299.72214,48547.52246,50108.50317,50108.50317,4342968
13-07-2029,50868.8971,50754.61401,50053.39451,50379.65569,50379.65569,4770193
14-07-2029,49826.41714,51561.00409,49391.52103,50240.28655,50240.28655,4614218
15-07-2029,50745.22212,51878.79245,49291.37529,50632.04868,50632.04868,4046816
16-07-2029,50260.71951,52325.85018,48710.60909,50640.27081,50640.27081,2939382
17-07-2029,50940.18463,52246.06514,48514.37656,50974.65335,50974.65335,4030300
18-07-2029,50655.44287,51053.52381,49310.22871,50617.48508,50617.48508,5779014
19-07-2029,50023.00115,52816.864,49681.60354,50513.89135,50513.89135,221802
20-07-2029,51197.11743,52742.5463,50738.23629,51356.40494,51356.40494,3542882
21-07-2029,51620.89693,53053.87364,49055.96568,51413.39196,51413.39196,3437498
22-07-2029,50954.00921,51878.84289,50038.2147,51048.96992,51048.96992,4654513
23-07-2029,50642.859,51488.03478,49879.27534,50226.6875,50226.6875,3033013
24-07-2029,48344.13493,48978.3591,45855.33714,48379.53613,48379.53613,1758149
25-07-2029,48126.88278,49842.97186,46114.78394,48450.56451,48450.56451,3580188
26-07-2029,47316.59733,48683.21934,45333.00369,47703.76032,47703.76032,4723609
27-07-2029,46554.27905,47987.95336,43968.35052,46758.84091,46758.84091,5250777
28-07-2029,45813.77031,48092.11235,43507.85249,45893.15111,45893.15111,5324105
29-07-2029,44950.22286,46307.18262,44127.13789,45355.01971,45355.01971,3191602
30-07-2029,44989.57506,45345.81178,43683.05452,44808.26992,44808.26992,4124704
31-07-2029,45001.26755,45559.58393,44424.59792,45294.92307,45294.92307,5287295
01-08-2029,46224.66327,46246.05855,43413.14155,46012.24181,46012.24181,2328735
02-08-2029,45375.50522,46569.00286,42374.95025,44997.28355,44997.28355,4582487
03-08-2029,45252.89652,45969.66461,43984.02719,45277.87748,45277.87748,4012054
04-08-2029,45087.90772,45562.53934,43510.7041,45402.12459,45402.12459,4225213
05-08-2029,45992.16632,46855.73438,44558.65664,46384.53187,46384.53187,3376798
06-08-2029,47010.59653,47355.32979,44838.08684,46673.7764,46673.7764,3311109
07-08-2029,46606.44993,47653.66046,45020.49918,47065.52216,47065.52216,3382193
08-08-2029,46987.08164,48060.02164,46298.71132,46712.38028,46712.38028,2413318
09-08-2029,45280.97386,47029.87845,43816.80356,45148.76652,45148.76652,4774215
10-08-2029,45826.02979,46937.88723,44778.50057,46184.24105,46184.24105,2397616
11-08-2029,47435.65876,47768.49774,46437.72697,47294.72106,47294.72106,2677381
12-08-2029,45858.45011,48079.99256,43453.16077,46251.47331,46251.47331,3469184
13-08-2029,46039.51549,46678.43495,45081.64283,46047.75315,46047.75315,3418594
14-08-2029,45907.67294,46318.14659,43488.20012,45459.40782,45459.40782,4650757
15-08-2029,44444.72052,45371.3546,43242.53615,44785.96863,44785.96863,1965745
16-08-2029,44386.29076,45103.6185,43315.78224,44833.32087,44833.32087,4072297
17-08-2029,44596.12377,45322.1312,42849.75873,44671.68675,44671.68675,5069606
18-08-2029,45275.20273,46992.30775,44867.94698,45225.96108,45225.96108,3949427
19-08-2029,45006.34551,45767.18679,43799.03248,45185.11979,45185.11979,2561961
20-08-2029,45524.07391,47110.42686,44810.62522,45446.2044,45446.2044,4077402
21-08-2029,45214.91574,46590.89928,45215.15402,45593.21417,45593.21417,3860935
22-08-2029,45295.4282,45976.76874,44260.55587,45585.58302,45585.58302,2994802
23-08-2029,45809.22371,45900.88359,42991.73744,45430.88397,45430.88397,5320666
24-08-2029,45176.99517,45818.6239,44624.57354,45371.79513,45371.79513,4559369
25-08-2029,44722.23343,45051.39178,42625.77014,44341.1908,44341.1908,5024786
26-08-2029,44839.67923,46044.89791,43065.86472,45117.52396,45117.52396,3144211
27-08-2029,45455.08833,48816.34898,44413.08732,45873.65292,45873.65292,5319034
28-08-2029,45651.99593,48032.58975,43400.87293,45841.7957,45841.7957,2404767
29-08-2029,45987.91841,46638.22832,45036.87011,45641.32378,45641.32378,4188626
30-08-2029,46986.8435,48221.4048,45759.94363,46552.07448,46552.07448,3726032
31-08-2029,46140.77653,48641.77293,43991.17104,46123.57663,46123.57663,4240389
01-09-2029,47392.34779,48707.24119,47167.85786,47405.77099,47405.77099,4331292
02-09-2029,47008.03677,48386.36913,46259.08854,47266.45945,47266.45945,2755518
03-09-2029,46169.19733,46539.12792,44891.58486,46113.68692,46113.68692,4790944
04-09-2029,46398.26046,47727.86398,45425.35447,45994.13821,45994.13821,2593361
05-09-2029,47212.811,48860.46715,44377.87795,47064.45106,47064.45106,4566728
06-09-2029,47703.91687,48359.41323,46927.59952,47259.18944,47259.18944,4937188
07-09-2029,47251.99998,48391.1137,45926.73269,47302.85135,47302.85135,5289135
08-09-2029,47349.83228,48865.12494,45155.94648,46891.76035,46891.76035,3637866
09-09-2029,46830.85844,48559.56801,44877.85227,47204.55461,47204.55461,5267112
10-09-2029,46514.91705,47293.12617,45404.67173,46786.94745,46786.94745,3162022
11-09-2029,47334.74024,48100.68207,44810.78948,46903.85197,46903.85197,3376899
12-09-2029,47684.39004,48157.61441,46549.22087,47762.32396,47762.32396,4714376
13-09-2029,46247.14032,48216.32644,44437.93502,46622.61799,46622.61799,2802474
14-09-2029,46641.41299,48434.18713,44472.89788,46637.55884,46637.55884,3538095
15-09-2029,46233.73672,47227.68833,45155.4344,46362.55474,46362.55474,3087748
16-09-2029,46170.19949,48976.4316,45097.21172,46399.83126,46399.83126,2432081
17-09-2029,46373.26076,47546.65033,44907.98819,46147.63702,46147.63702,4116389
18-09-2029,46325.86376,47600.59642,45596.36608,46274.27084,46274.27084,3777491
19-09-2029,46036.44003,46969.51307,43375.71094,45768.81062,45768.81062,2667910
20-09-2029,45979.90663,46806.30678,45497.42909,46025.39516,46025.39516,3742833
21-09-2029,45133.18608,45222.93627,42987.86738,45009.58189,45009.58189,3940449
22-09-2029,45731.79502,46328.0739,45074.82092,45807.97663,45807.97663,4317378
23-09-2029,45717.05665,46134.67182,45275.13839,45455.33083,45455.33083,3251139
24-09-2029,44953.35285,46181.44231,43648.76533,44915.10006,44915.10006,4474036
25-09-2029,44108.796,47525.66972,43772.73961,44413.97822,44413.97822,3329086
26-09-2029,43133.34964,45075.40665,42282.77851,43354.17057,43354.17057,3284061
27-09-2029,43818.12758,45899.00843,43820.72964,44185.2446,44185.2446,5006201
28-09-2029,43736.26886,44409.13138,42871.39867,44167.80715,44167.80715,2738955
29-09-2029,44067.64548,44782.21431,41376.23288,43970.31928,43970.31928,3072795
30-09-2029,43494.42656,44888.735,42101.13145,43310.86452,43310.86452,4538436
01-10-2029,43526.84295,43819.29976,42950.73134,43398.66206,43398.66206,4743329
02-10-2029,44440.52913,44693.09584,41496.48872,44082.96296,44082.96296,2394936
03-10-2029,43813.5989,44578.81453,43670.59501,44032.8661,44032.8661,5021799
04-10-2029,44652.61841,45907.09617,42466.10918,44466.64852,44466.64852,4761028
05-10-2029,45116.46146,48098.38565,44589.63782,45341.78303,45341.78303,2394963
06-10-2029,45981.27781,46310.28344,44960.17526,45957.90459,45957.90459,2771473
07-10-2029,47187.00391,48590.20171,45861.49846,46958.76692,46958.76692,2129833
08-10-2029,46801.73867,48554.56563,44116.00323,46697.44415,46697.44415,3664642
09-10-2029,47101.79997,48338.7765,46188.25931,47146.95686,47146.95686,3563788
10-10-2029,47026.35378,48300.39389,44543.51614,46563.19171,46563.19171,3774816
11-10-2029,44630.06815,46235.44499,43373.10592,44825.18257,44825.18257,2021944
12-10-2029,44575.60314,46341.85244,43240.54261,44731.54464,44731.54464,4000872
13-10-2029,44925.37486,47517.44367,44018.94482,45252.1868,45252.1868,4492235
14-10-2029,44464.1852,45871.24282,42726.64373,44493.69811,44493.69811,5385058
15-10-2029,44691.92444,46643.42986,43587.85556,44375.81196,44375.81196,5436989
16-10-2029,47597.18923,49728.60904,46749.3411,47139.5173,47139.5173,3698207
17-10-2029,48268.69548,50581.98428,45398.79565,47793.44128,47793.44128,5742585
18-10-2029,47929.19221,48135.93109,45548.68229,47693.60278,47693.60278,3367417
19-10-2029,48817.16814,50209.05805,47121.85598,48405.56623,48405.56623,3492604
20-10-2029,49996.34286,51640.65042,49148.65761,49680.07446,49680.07446,4655820
21-10-2029,49259.20427,50991.84172,48242.02934,49494.53368,49494.53368,2423914
22-10-2029,48794.70719,50261.94174,46789.9074,48895.77439,48895.77439,1758554
23-10-2029,49478.51103,50583.32653,48049.71469,49790.4403,49790.4403,4194901
24-10-2029,50909.56969,52552.46762,49142.31968,50649.66481,50649.66481,2741044
25-10-2029,50828.83279,53427.35825,49938.04482,51196.03464,51196.03464,3406165
26-10-2029,50817.7596,51858.99623,49985.63231,51130.51004,51130.51004,5344908
27-10-2029,50817.93083,51565.25861,48981.47137,51229.6791,51229.6791,4665572
28-10-2029,50313.63452,51356.14998,49321.81801,50798.81281,50798.81281,3888535
29-10-2029,51211.24542,52456.3354,48696.20422,51534.21907,51534.21907,2834676
30-10-2029,51242.56357,52033.57017,51183.51052,51755.16659,51755.16659,2164155
31-10-2029,51451.39489,53726.43023,51280.7332,51655.92398,51655.92398,3647601
01-11-2029,51035.35251,52116.23816,47787.09003,50887.1064,50887.1064,3046845
02-11-2029,49579.15037,50775.46678,47154.67848,50069.44255,50069.44255,2307725
03-11-2029,49813.35796,51015.0983,49663.9594,49888.93103,49888.93103,4121852
04-11-2029,49084.91892,50586.40537,48288.90278,49434.41013,49434.41013,5691166
05-11-2029,49797.45452,50867.83087,49275.96466,49855.76028,49855.76028,3601434
06-11-2029,50432.71368,51410.88712,48431.60788,49954.70124,49954.70124,5642480
07-11-2029,49328.40287,49732.94175,48570.86498,49436.66437,49436.66437,4099222
08-11-2029,50373.17201,50553.32338,48548.83638,49973.28981,49973.28981,3148790
09-11-2029,50576.96416,51583.48166,49291.87825,50563.69757,50563.69757,4106936
10-11-2029,51192.86867,52227.85119,47968.87553,50793.61551,50793.61551,5433744
11-11-2029,51004.84183,51802.44552,49182.49167,51336.41688,51336.41688,4331717
12-11-2029,52284.28241,53053.74205,50910.74729,52477.77299,52477.77299,3820497
13-11-2029,52616.36461,53623.32667,51275.29663,52292.64187,52292.64187,1605601
14-11-2029,52263.77796,54432.12015,52241.26125,52600.81083,52600.81083,344917
15-11-2029,52599.45153,52932.49298,50854.77127,52139.09685,52139.09685,3437320
16-11-2029,57056.03908,58929.00873,55628.02866,57032.68324,57032.68324,3034057
17-11-2029,56141.65257,56723.02683,55398.03366,56127.89627,56127.89627,2565561
18-11-2029,55563.60777,55462.15869,53424.94055,55296.41327,55296.41327,4124715
19-11-2029,54873.79476,56129.65408,52902.7214,55222.60978,55222.60978,3353901
20-11-2029,54575.98355,57209.0304,52934.51389,54983.62461,54983.62461,4095263
21-11-2029,55234.14108,54977.2668,52314.94572,54689.76515,54689.76515,4671275
22-11-2029,55220.61926,56710.6998,54580.7326,54901.66622,54901.66622,4762386
23-11-2029,54926.77919,57481.86961,53760.23855,55046.2356,55046.2356,4260116
24-11-2029,54984.6983,56487.80237,53421.43617,54476.28533,54476.28533,2904146
25-11-2029,53784.87382,54564.61275,52176.68281,53759.59606,53759.59606,4023467
26-11-2029,54352.65537,58157.70315,53615.52379,54562.30354,54562.30354,3483903
27-11-2029,54444.43008,56093.05986,53450.52668,54775.67557,54775.67557,4385738
28-11-2029,54255.77509,56953.25158,51720.74772,54633.67085,54633.67085,4254532
29-11-2029,55027.6706,57335.63559,54273.0566,55229.97542,55229.97542,2631345
30-11-2029,55617.97144,56599.21255,54250.55436,55339.58175,55339.58175,2242295
01-12-2029,54070.58788,56102.5425,53341.4123,54216.38521,54216.38521,4110181
02-12-2029,54460.15401,55100.18563,52688.10732,54582.5875,54582.5875,4220509
03-12-2029,55091.02106,56153.86942,53082.71408,55046.70499,55046.70499,4354035
04-12-2029,54534.51137,54716.36757,51737.72929,54539.19435,54539.19435,3023740
05-12-2029,55652.61233,56868.53706,54623.37634,55817.11831,55817.11831,4941817
06-12-2029,57035.75482,57716.90873,54014.07863,57011.70942,57011.70942,4180769
07-12-2029,57115.85834,57830.93216,55684.45635,57400.22048,57400.22048,4104308
08-12-2029,58049.33319,58082.59438,53721.09795,57551.36915,57551.36915,4966224
09-12-2029,57627.28104,59150.61035,54784.76134,57353.45934,57353.45934,3934539
10-12-2029,58413.46866,59218.98224,57314.8818,58370.81384,58370.81384,5796429
11-12-2029,57682.77705,60486.23915,56615.90496,57928.56525,57928.56525,4042232
12-12-2029,57826.3511,57781.65243,56455.43686,57398.30612,57398.30612,4306743
13-12-2029,58402.39125,60414.89428,56170.34731,58325.59986,58325.59986,3971565
14-12-2029,56068.4889,56848.24431,54437.78854,56079.35479,56079.35479,4136646
15-12-2029,54867.62778,57105.77239,54552.71349,54876.13343,54876.13343,4596603
16-12-2029,55176.00021,56992.12736,54662.4674,55559.51166,55559.51166,4473023
17-12-2029,55475.10727,57712.6372,53166.23626,55729.91203,55729.91203,5461127
18-12-2029,55068.94984,57023.6966,53464.5348,54726.61716,54726.61716,4176130
19-12-2029,54696.62209,54889.43622,54018.96475,54651.57861,54651.57861,4170730
20-12-2029,54289.81022,55007.7506,53652.06197,54795.48944,54795.48944,4415608
21-12-2029,55556.35377,57513.36617,54756.95576,55321.91203,55321.91203,5948873
22-12-2029,56247.14041,57590.59979,55268.59857,56273.81854,56273.81854,4821032
23-12-2029,57556.85535,57918.14908,55762.89537,57049.49476,57049.49476,2939114
24-12-2029,57589.17675,58926.73715,56482.13601,57226.58931,57226.58931,3122035
25-12-2029,57176.78065,57758.56391,54925.74371,57180.96052,57180.96052,3354178
26-12-2029,56812.87797,58704.05794,54848.9977,57012.54115,57012.54115,4427574
27-12-2029,56010.32113,57237.31883,55456.85668,56021.58541,56021.58541,5548671
28-12-2029,57467.977,57439.28872,55711.81632,57002.42093,57002.42093,4887169
29-12-2029,56977.01707,59937.74129,56342.53779,56952.3993,56952.3993,2836108
30-12-2029,56584.05631,59486.19347,53860.55791,56501.85715,56501.85715,4658826
31-12-2029,55182.44001,56072.76553,53990.68606,55259.66623,55259.66623,3916603
01-01-2030,56003.71753,55781.00075,54112.66689,55592.19203,55592.19203,4415890
02-01-2030,55117.70897,56502.52782,53858.33631,55173.87056,55173.87056,3598870
03-01-2030,55404.48327,55269.81065,54377.39878,54879.10124,54879.10124,4189326
04-01-2030,55780.88274,56506.15955,53125.06846,55711.59623,55711.59623,3239157
05-01-2030,54788.20675,56381.69166,51569.58682,54965.86164,54965.86164,4155241
06-01-2030,56467.7018,58011.27413,52875.83911,56131.37547,56131.37547,4407413
07-01-2030,56199.18816,56424.42172,54398.18644,55879.26222,55879.26222,4809980
08-01-2030,55961.59821,56270.42097,54363.01785,55418.45325,55418.45325,4109903
09-01-2030,55639.3428,56956.18227,55035.63264,56139.60984,56139.60984,3671873
10-01-2030,56548.0703,57683.07842,55257.42303,56963.13334,56963.13334,4582022
11-01-2030,56507.41269,57526.34575,55292.24229,56023.86066,56023.86066,2544487
12-01-2030,55746.52637,57767.51682,53183.92284,56002.93089,56002.93089,4599580
13-01-2030,56620.57671,58686.03093,54535.00059,56487.792,56487.792,4131294
14-01-2030,56874.62846,57810.13052,54855.10013,56840.44641,56840.44641,4661230
15-01-2030,56908.22814,59927.60846,55347.82147,57269.26914,57269.26914,4015388
16-01-2030,57473.16718,57587.17694,55490.46606,56979.20933,56979.20933,2242698
17-01-2030,57184.31611,60213.78659,55176.86803,56867.79862,56867.79862,5173777
18-01-2030,56294.95585,58591.066,54642.14192,56856.14708,56856.14708,2753734
19-01-2030,57127.10817,57661.23188,54626.79772,56852.04648,56852.04648,3763320
20-01-2030,55406.71113,56783.69018,53535.0171,55597.97904,55597.97904,6371984
21-01-2030,56528.88305,58281.23396,53550.70934,56017.26872,56017.26872,3548851
22-01-2030,55292.90971,56479.09338,54595.43019,55621.74353,55621.74353,4295031
23-01-2030,54783.8263,55665.43243,52806.74473,55319.42599,55319.42599,4479333
24-01-2030,55466.99517,57391.38053,53145.04585,55348.61155,55348.61155,3661416
25-01-2030,56451.61658,59595.3061,55931.42582,56736.44818,56736.44818,2855442
26-01-2030,55765.72694,57686.51285,54792.20248,55822.55347,55822.55347,5206474
27-01-2030,55639.05243,57353.06785,54671.29166,56139.85465,56139.85465,5016469
28-01-2030,57028.36885,57649.62343,55067.57816,56530.64841,56530.64841,3904502
29-01-2030,56855.36126,58507.34615,56128.7401,56917.78567,56917.78567,2212221
30-01-2030,58524.71583,61647.32834,55273.49946,58124.99972,58124.99972,1831507
31-01-2030,58108.32238,59096.23574,56288.96601,58112.0781,58112.0781,5068241
01-02-2030,58592.80995,58652.7035,56307.98609,58188.3358,58188.3358,2985454
02-02-2030,57655.61603,61392.01093,53973.03164,57728.01633,57728.01633,3893726
03-02-2030,58208.10037,59644.68771,55988.0249,58203.58064,58203.58064,5391747
04-02-2030,59656.66322,59984.00592,56322.44926,59131.32096,59131.32096,4832187
05-02-2030,58415.85488,59762.62046,55515.89218,58762.27486,58762.27486,4142702
06-02-2030,59263.9975,60339.09832,55986.71787,59612.42351,59612.42351,2800090
07-02-2030,58287.91932,61212.34203,58386.59518,58615.95131,58615.95131,4375379
08-02-2030,58318.6973,59102.31603,54925.30378,58135.3593,58135.3593,3869055
09-02-2030,60639.13912,61677.35326,59074.19994,60906.47521,60906.47521,4379254
10-02-2030,60038.06723,62560.22131,57586.74618,60600.50266,60600.50266,1320287
11-02-2030,60703.58131,62023.78529,59929.08758,61150.0326,61150.0326,2523608
12-02-2030,61146.81361,61509.6403,59981.15021,61133.6005,61133.6005,3492620
13-02-2030,62491.65807,64578.4123,61365.5877,62374.59896,62374.59896,5518342
14-02-2030,60190.90281,61628.8552,59031.09646,60645.89817,60645.89817,2860978
15-02-2030,60810.41215,61221.36719,59627.70738,60700.25406,60700.25406,4880088
16-02-2030,59095.86563,60045.84756,58611.42149,59193.77229,59193.77229,5327002
17-02-2030,59479.43985,59478.66432,58070.29223,59199.99627,59199.99627,3279079
18-02-2030,60369.25437,61912.06461,60087.80867,60503.9056,60503.9056,2274431
19-02-2030,61221.23586,62038.90141,61021.23338,61471.5111,61471.5111,4159758
20-02-2030,62565.87489,63499.03715,59295.43197,62139.14019,62139.14019,1129911
21-02-2030,62088.2121,63317.89128,60715.58093,61801.39903,61801.39903,3616674
22-02-2030,61584.4348,62556.34218,58653.34236,61493.16763,61493.16763,3518598
23-02-2030,61298.98944,62781.09424,58162.82059,61184.24775,61184.24775,3188128
24-02-2030,61044.74298,62587.94868,59284.36473,61128.99532,61128.99532,3405529
25-02-2030,60526.14213,62622.22206,60136.74173,60403.38952,60403.38952,3423678
26-02-2030,56453.03744,58635.15533,55095.71912,56559.04546,56559.04546,3425479
27-02-2030,56078.33857,56965.52804,54904.14372,55685.50413,55685.50413,4260028
28-02-2030,56837.54024,57247.70894,55649.2325,56830.98783,56830.98783,4691752
01-03-2030,58008.30312,58911.02625,54805.46452,57861.48338,57861.48338,3646089
02-03-2030,58479.92561,59926.70768,57229.06784,58564.44608,58564.44608,4602522
03-03-2030,56883.2036,57840.48245,55013.95446,57302.38052,57302.38052,4359333
04-03-2030,56538.90163,58309.60203,54020.39132,56633.40811,56633.40811,3073245
05-03-2030,57187.77563,59801.41013,55660.43271,56657.09219,56657.09219,4388114
06-03-2030,57087.57951,58293.01892,56473.03434,56846.21529,56846.21529,3440563
07-03-2030,57506.51702,59156.43757,55356.38043,57667.14809,57667.14809,4408327
08-03-2030,58208.07281,60740.2984,56975.12107,58382.66663,58382.66663,2488955
09-03-2030,59047.22284,62629.83499,57781.8219,58862.2867,58862.2867,3369120
10-03-2030,60208.53881,63002.0321,59624.60237,59875.11132,59875.11132,3840629
11-03-2030,58654.24374,59471.08296,57062.36412,59120.37168,59120.37168,3998988
12-03-2030,59410.92332,60574.60303,58635.35339,58843.21462,58843.21462,5220267
13-03-2030,58295.0941,61078.02036,56805.16783,58163.78075,58163.78075,2604214
14-03-2030,56949.84266,60795.66336,56067.62034,57360.10039,57360.10039,2950418
15-03-2030,57476.22519,59107.44821,54106.60175,56959.99073,56959.99073,4007649
16-03-2030,56504.99459,58221.37228,54742.31742,57015.7278,57015.7278,4189954
17-03-2030,56784.01649,58182.08914,56267.03965,56931.39491,56931.39491,2552106
18-03-2030,57371.18158,57310.8722,54167.37055,56814.33029,56814.33029,3564938
19-03-2030,57628.99291,57717.18614,53402.83591,57128.65893,57128.65893,4191003
20-03-2030,56586.81373,57916.28335,56067.00579,56408.53896,56408.53896,4116976
21-03-2030,58248.19275,58401.91541,56026.82587,57930.61806,57930.61806,1802775
22-03-2030,57977.37478,61553.10942,57419.01704,57962.89143,57962.89143,4055923
23-03-2030,57601.52363,60151.21779,55758.94743,57647.84919,57647.84919,6828622
24-03-2030,59094.69041,60107.75863,56596.23163,58670.42566,58670.42566,5859180
25-03-2030,58601.02744,58855.52079,57796.36907,58622.57675,58622.57675,3738723
26-03-2030,59890.30732,59886.55413,58326.30509,59435.79486,59435.79486,3501279
27-03-2030,59516.26604,60774.57363,58947.51944,59466.46628,59466.46628,3904154
28-03-2030,60311.66436,60731.79913,59038.25599,59822.33071,59822.33071,3192425
29-03-2030,58928.82751,62333.19782,58568.00607,59178.70187,59178.70187,3407962
30-03-2030,58733.96706,59232.92976,58030.20358,58227.80706,58227.80706,3345124
31-03-2030,58452.03537,59981.76002,58213.90346,58850.8129,58850.8129,3336836
01-04-2030,58840.04889,59136.33455,57882.90598,58819.30632,58819.30632,2865028
02-04-2030,58299.95109,59962.95769,56007.82128,58521.39581,58521.39581,1561932
03-04-2030,59825.88431,62452.38744,58484.13908,59849.79369,59849.79369,2796908
04-04-2030,58525.4836,61429.90687,56241.27096,58853.87795,58853.87795,3436163
05-04-2030,60367.30634,63795.94387,59024.55774,60290.78493,60290.78493,5188066
06-04-2030,60521.24919,62477.04369,58916.02929,60283.99515,60283.99515,4493821
07-04-2030,59286.18795,62162.84616,58331.6607,59339.24025,59339.24025,4711842
08-04-2030,60823.92399,62122.99967,59430.15899,60726.80602,60726.80602,2455812
09-04-2030,60183.38825,61008.7603,59129.0478,60694.51264,60694.51264,4580581
10-04-2030,60497.91469,61010.31575,59448.6112,60529.47375,60529.47375,4776796
11-04-2030,58773.83319,59667.54917,58048.24062,58384.82309,58384.82309,2673038
12-04-2030,58764.58802,59085.40776,56428.52405,58304.78122,58304.78122,3907248
13-04-2030,59087.92634,62135.06571,58330.68173,59246.71945,59246.71945,5228408
14-04-2030,58909.22957,61103.72007,57453.18628,59170.90598,59170.90598,4576071
15-04-2030,57901.93226,58606.35986,54804.42298,57595.96335,57595.96335,3940143
16-04-2030,59067.12075,59871.36162,54860.29142,58556.59775,58556.59775,4506961
17-04-2030,60313.36009,62711.30182,57722.97343,60098.38048,60098.38048,3556374
18-04-2030,62117.59327,63579.70405,58396.64557,61548.31882,61548.31882,5024771
19-04-2030,62582.98672,64217.85025,59696.30059,62211.27768,62211.27768,4884990
20-04-2030,60577.43529,63724.49249,59277.63135,61168.53138,61168.53138,4182827
21-04-2030,61757.26729,64515.20067,60479.47303,61888.38813,61888.38813,3178695
22-04-2030,61809.22644,64267.47925,59573.82973,61616.512,61616.512,3132267
23-04-2030,63256.36859,65321.65337,61968.62535,62938.90036,62938.90036,1524117
24-04-2030,62304.03286,64689.42866,61466.67207,62132.88932,62132.88932,4742212
25-04-2030,62780.77713,65876.78049,61308.55742,62746.93288,62746.93288,2522928
26-04-2030,63287.66642,65769.15044,63087.31643,63256.96637,63256.96637,1576612
27-04-2030,63824.68051,65733.20853,62589.33301,63401.37736,63401.37736,4650455
28-04-2030,63704.81554,64922.05103,61153.24814,63422.21768,63422.21768,3283197
29-04-2030,63467.68113,64220.49833,60677.02876,63869.27204,63869.27204,3403717
30-04-2030,62594.84671,63217.02316,61508.32577,62423.87321,62423.87321,2639521
01-05-2030,60519.37009,62305.56076,59302.87355,60128.15456,60128.15456,1835045
02-05-2030,59675.15092,60467.48991,58423.6941,60080.21225,60080.21225,4338831
03-05-2030,59888.52216,62764.33296,57983.42504,60163.35662,60163.35662,5504423
04-05-2030,60297.13489,62746.62265,59689.06734,60104.22538,60104.22538,2727702
05-05-2030,58885.8629,62019.51794,57276.71045,59269.05987,59269.05987,3126361
06-05-2030,60201.36107,64001.06662,57503.12467,60039.61746,60039.61746,5472846
07-05-2030,58390.48618,61826.8794,57443.09824,58549.53162,58549.53162,4427941
08-05-2030,57227.29835,60849.22305,57485.37114,57801.9673,57801.9673,2791268
09-05-2030,57583.83539,60598.69054,55870.50211,57575.08557,57575.08557,2943961
10-05-2030,57849.48193,61374.82062,54856.35335,58197.23025,58197.23025,1250830
11-05-2030,58154.60415,60235.54623,56334.06942,57960.85508,57960.85508,2855781
12-05-2030,59596.02346,60351.1973,56887.76911,59053.83385,59053.83385,2294727
13-05-2030,57839.91605,60556.43564,56607.48847,58418.47327,58418.47327,2692322
14-05-2030,57671.38854,58011.71568,55053.24415,57672.06908,57672.06908,2876097
15-05-2030,57876.21519,58500.38297,55195.10005,57762.41314,57762.41314,2797501
16-05-2030,57081.87841,58738.40612,56254.50519,57464.38031,57464.38031,4029109
17-05-2030,58317.8619,59413.13727,54152.753,58170.93504,58170.93504,3728812
18-05-2030,59489.39863,60485.53538,57111.02999,59069.75345,59069.75345,2914373
19-05-2030,59756.39605,60007.945,58783.94094,59222.406,59222.406,2707417
20-05-2030,60522.51085,61886.48962,59618.78699,60903.04501,60903.04501,2298097
21-05-2030,59935.43546,61629.75486,58740.98664,60187.51671,60187.51671,3216769
22-05-2030,59384.45002,61212.02988,58380.30365,59095.76941,59095.76941,4797528
23-05-2030,59418.49076,61333.69825,56220.11472,59182.53083,59182.53083,5196728
24-05-2030,60996.32389,61558.86977,59382.46616,60566.3266,60566.3266,2531734
25-05-2030,62090.22612,63883.96049,58300.10315,62245.01792,62245.01792,2818726
26-05-2030,63874.74827,63998.44918,60837.89509,63383.94038,63383.94038,4440953
27-05-2030,63446.03831,63511.85092,60810.64353,63072.46996,63072.46996,3642759
28-05-2030,63890.92945,63879.88144,61257.8958,63413.7745,63413.7745,2469265
29-05-2030,63775.51329,65985.6752,61648.0779,63156.2117,63156.2117,4152736
30-05-2030,63312.65948,64643.06128,62143.22131,63400.91689,63400.91689,2313374
31-05-2030,62790.79846,65130.28568,61274.43195,62786.32845,62786.32845,1492026
01-06-2030,62822.08038,62598.98482,59987.27002,62274.27628,62274.27628,2865214
02-06-2030,63942.46544,65575.77817,62755.00664,63448.2833,63448.2833,3300322
03-06-2030,65800.11674,66997.98707,62847.51359,65727.67107,65727.67107,3746772
04-06-2030,65406.27047,69051.60736,63933.92689,65196.55209,65196.55209,2739472
05-06-2030,66092.495,67036.7479,65731.75794,66364.128,66364.128,2678041
06-06-2030,66910.04538,68732.76453,64204.85994,66482.93018,66482.93018,1991500
07-06-2030,67767.64493,68526.00746,63794.24285,67446.19538,67446.19538,4216318
08-06-2030,68610.64519,71404.27367,66935.68509,68576.36021,68576.36021,2692320
09-06-2030,69413.16879,71475.14034,67521.21644,70015.65238,70015.65238,3864079
10-06-2030,70132.07636,71789.07208,66507.10727,69550.24146,69550.24146,4759075
11-06-2030,70778.6111,72017.31554,68511.03062,70336.12791,70336.12791,3140664
12-06-2030,69428.02973,70761.5581,67754.34506,69756.10023,69756.10023,2971201
13-06-2030,70075.76335,72434.01873,70044.30558,70375.68465,70375.68465,4562202
14-06-2030,69641.07703,70532.34343,69199.51149,69791.48254,69791.48254,4111594
15-06-2030,69282.25351,70216.13299,68049.54288,69620.86424,69620.86424,4478176
16-06-2030,69552.74417,70791.51173,66994.66248,68992.24298,68992.24298,3806413
17-06-2030,70275.54162,71944.60443,65604.95903,70002.7214,70002.7214,4832127
18-06-2030,69729.64601,72485.59127,68644.88879,69946.90575,69946.90575,4384800
19-06-2030,69360.87789,72538.45181,67858.90695,69887.2013,69887.2013,1292998
20-06-2030,68716.78637,69493.00654,66621.90933,68317.78836,68317.78836,3032266
21-06-2030,68569.64392,70716.7538,66723.32269,69048.27755,69048.27755,6207193
22-06-2030,68924.04244,71207.92451,68862.65586,69569.78432,69569.78432,3198075
23-06-2030,69009.25295,72008.68492,67898.9929,69694.32512,69694.32512,3812206
24-06-2030,70246.31418,72005.97351,69302.87126,70324.99768,70324.99768,2950561
25-06-2030,71141.11656,72088.86951,70956.32546,71556.25979,71556.25979,2530329
26-06-2030,72164.40909,75019.80946,69307.29434,72835.48322,72835.48322,3753646
27-06-2030,73009.24698,74082.38267,71175.88389,72915.9339,72915.9339,5254389
28-06-2030,73906.34167,75919.63057,72796.05746,73633.45871,73633.45871,4869642
29-06-2030,74539.39941,75912.73156,70719.12842,73844.44665,73844.44665,3098607
30-06-2030,74184.00636,75591.28798,70568.64402,73519.18994,73519.18994,1752745
01-07-2030,74049.73412,77098.81254,70566.0493,74171.58991,74171.58991,3604618
02-07-2030,76845.08233,78211.29205,74359.91768,76451.06681,76451.06681,3406140
03-07-2030,76747.03093,78583.14831,76849.82467,77499.6165,77499.6165,1024238
04-07-2030,78129.66199,81509.95085,74548.73752,78129.94094,78129.94094,4273283
05-07-2030,77052.22574,78675.76035,76317.3454,77343.95415,77343.95415,3777796
06-07-2030,78048.13643,79538.68795,75833.06763,77493.37756,77493.37756,4091327
07-07-2030,76857.52242,80435.76955,76287.72601,76993.61033,76993.61033,3922138
08-07-2030,77326.27235,80008.33527,75272.66992,77092.71992,77092.71992,3378720
09-07-2030,78232.38153,79653.5323,75161.07806,78069.76663,78069.76663,3786435
10-07-2030,77053.74698,78773.7883,76166.5032,77364.85847,77364.85847,4607601
11-07-2030,77951.43171,78152.35396,72896.06052,77302.82564,77302.82564,4646081
12-07-2030,76767.19507,79503.71633,74532.94873,77193.81867,77193.81867,2898819
13-07-2030,76028.90203,77029.71207,73558.73223,76227.68039,76227.68039,4892971
14-07-2030,76475.00662,79584.62604,73915.34068,76731.01903,76731.01903,4710667
15-07-2030,75096.21532,77289.3348,74474.11149,75095.72657,75095.72657,3641726
16-07-2030,74165.48719,76209.95736,70233.28788,74817.30275,74817.30275,3952410
17-07-2030,73243.94612,76272.83396,69907.86317,73563.26219,73563.26219,3529172
18-07-2030,73199.22006,76018.61924,71300.62737,73460.15836,73460.15836,2053708
19-07-2030,73821.05435,75958.33075,69140.51317,73857.67387,73857.67387,3327123
20-07-2030,76028.76836,79621.51245,74280.8184,76057.41166,76057.41166,4372899
21-07-2030,76589.51837,77792.75562,72690.31799,77211.17353,77211.17353,3513754
22-07-2030,75380.58672,77958.50604,72559.70376,75748.66165,75748.66165,3550164
23-07-2030,74498.19763,75752.83487,70562.77157,74835.27135,74835.27135,3940712
24-07-2030,75558.04258,75982.29953,71715.92589,75017.63249,75017.63249,3975518
25-07-2030,75044.06051,75896.93576,71824.85971,74949.88783,74949.88783,2972294
26-07-2030,75402.4898,79146.74707,73083.7933,75871.43605,75871.43605,3835307
27-07-2030,76669.0888,76532.25335,75300.87853,76015.45546,76015.45546,5467136
28-07-2030,76593.26166,78088.94878,76315.02207,76902.66067,76902.66067,1843147
29-07-2030,76156.14075,77134.27929,75070.1138,76526.74343,76526.74343,3187091
30-07-2030,76935.85461,78169.49031,73927.44546,76424.60406,76424.60406,4183637
31-07-2030,76597.01845,79046.68221,73838.32994,76119.1251,76119.1251,3461217
01-08-2030,76814.27078,78121.0054,76643.32677,77427.18168,77427.18168,5220405
02-08-2030,78358.35013,78662.69098,76495.52876,77631.06618,77631.06618,3532582
03-08-2030,80366.97065,80558.63317,77292.87302,79719.54025,79719.54025,3871597
04-08-2030,76746.9579,79357.0559,73334.56704,77322.89738,77322.89738,1921821
05-08-2030,77857.15863,79810.59537,76353.58986,77845.17164,77845.17164,5930625
06-08-2030,76158.53031,76676.04646,72480.36656,76242.77938,76242.77938,2780784
07-08-2030,76483.87895,76900.32561,71588.00702,76538.18981,76538.18981,4659277
08-08-2030,78192.80643,78569.00722,76654.25445,77630.13991,77630.13991,3206728
09-08-2030,78811.05878,80551.41101,73939.43398,78810.05843,78810.05843,4332462
10-08-2030,80498.25893,83829.60217,79351.36283,80472.8458,80472.8458,4052487
11-08-2030,79635.05818,83242.5116,78437.64728,79729.87187,79729.87187,5870345
12-08-2030,81387.37356,81810.5807,77857.70616,80717.37356,80717.37356,4303898
13-08-2030,78308.44283,78674.95766,75580.65327,78145.96228,78145.96228,5984764
14-08-2030,79031.0265,81660.02649,77516.37036,78414.89873,78414.89873,5454003
15-08-2030,77006.24911,80394.54295,74763.61996,77540.0166,77540.0166,3266491
16-08-2030,75957.56807,78284.84547,73648.68739,76605.02583,76605.02583,4265011
17-08-2030,76652.28122,79668.04954,74638.57537,76677.87063,76677.87063,3563260
18-08-2030,76824.9058,79618.70574,75415.06548,76335.38355,76335.38355,4574210
19-08-2030,76261.75854,78684.21048,73956.21829,76402.98249,76402.98249,3664811
20-08-2030,77510.9723,79569.35003,74561.72502,77149.68166,77149.68166,4140214
21-08-2030,77801.39201,79668.84323,75265.48428,77640.81002,77640.81002,2934276
22-08-2030,77784.27257,80040.08938,76787.22669,77683.76528,77683.76528,2622403
23-08-2030,78693.61828,79900.12295,75774.83033,78321.94601,78321.94601,2343630
24-08-2030,77812.26537,79731.23917,75522.89494,77195.27339,77195.27339,4504989
25-08-2030,78811.18798,80120.41758,77991.74425,78317.13455,78317.13455,5166363
26-08-2030,77832.12665,79087.827,76032.36371,78020.1528,78020.1528,2954408
27-08-2030,78836.82663,82098.23877,74267.75664,78130.0445,78130.0445,4029295
28-08-2030,79465.55861,80381.51436,76658.83329,78979.74205,78979.74205,2850894
29-08-2030,78039.47741,78618.53639,75516.77219,77707.55864,77707.55864,2923702
30-08-2030,78096.09426,78963.60324,76178.49774,77774.1258,77774.1258,1633620
31-08-2030,76637.11082,81599.34512,74128.25161,77325.62099,77325.62099,4368545
01-09-2030,77883.40509,80447.08135,76973.75468,77932.05465,77932.05465,3998025
02-09-2030,78927.23493,80570.75561,77302.97267,79421.17445,79421.17445,3199458
03-09-2030,79984.71015,82517.56627,76287.01592,80182.90428,80182.90428,3844691
04-09-2030,80180.80633,84444.74476,79326.80104,80638.0556,80638.0556,1995022
05-09-2030,88430.10487,88978.54858,86367.44082,88538.30239,88538.30239,4472367
06-09-2030,90133.77261,93595.54883,89154.55907,89495.0293,89495.0293,4266456
07-09-2030,89792.42062,94073.76074,89248.66567,89516.76416,89516.76416,2649256
08-09-2030,88779.40044,91510.8003,89088.13427,89598.87104,89598.87104,2970620
09-09-2030,90525.1547,91702.41139,87346.58235,91161.97775,91161.97775,3316023
10-09-2030,91479.42151,95147.30484,90882.92691,91911.13765,91911.13765,4146668
11-09-2030,92046.64076,97888.15392,89839.89222,92423.57775,92423.57775,4444376
12-09-2030,92404.12412,95021.66856,90772.63036,91809.21595,91809.21595,4277134
13-09-2030,88334.53082,92151.82057,86351.73348,88506.63722,88506.63722,4944841
14-09-2030,87962.38797,90924.3705,84963.44725,87681.22088,87681.22088,3701733
15-09-2030,80304.74741,82773.17511,79340.38636,80368.38768,80368.38768,5082863
16-09-2030,78440.7701,80449.28804,77615.94497,78647.85797,78647.85797,3292971
17-09-2030,78017.0268,82170.4086,76387.26891,78624.1744,78624.1744,4357145
18-09-2030,78354.3796,80505.40855,77392.35668,78106.64028,78106.64028,4352595
19-09-2030,77922.66018,78764.39938,72839.91796,77520.59079,77520.59079,3957540
20-09-2030,79733.32975,80964.93749,76282.13762,79004.33441,79004.33441,969725
21-09-2030,78071.14525,81212.02009,76955.61315,77663.73688,77663.73688,4539128
22-09-2030,78628.24267,80311.21344,76214.5707,78427.98215,78427.98215,3873573
23-09-2030,78877.09534,80998.12168,76093.12227,79254.46215,79254.46215,2386982
24-09-2030,78513.71308,82254.55935,76351.02545,78534.79161,78534.79161,5679450
25-09-2030,78097.14162,80723.60687,75700.46918,78490.06536,78490.06536,2630966
26-09-2030,79608.50239,81171.71954,78729.87794,80276.74241,80276.74241,4869319
27-09-2030,82374.47135,83414.59861,78561.38084,81803.88789,81803.88789,2641931
28-09-2030,79924.99747,81113.36292,79560.96355,80549.70141,80549.70141,2452046
29-09-2030,79957.58222,82117.74133,79574.4899,80488.65309,80488.65309,4897517
30-09-2030,80318.90515,85891.07609,78909.5427,80181.56711,80181.56711,2735603
01-10-2030,79592.61785,84801.92483,78119.52826,79989.36999,79989.36999,2617925
02-10-2030,79899.94279,81068.6024,76692.03845,79119.61757,79119.61757,2955645
03-10-2030,78673.61018,83688.77135,73741.31979,78987.24212,78987.24212,5223397
04-10-2030,80470.4673,80566.68842,78035.13375,80009.93283,80009.93283,4135099
05-10-2030,78329.67764,80768.39098,76477.00427,78219.40696,78219.40696,1980863
06-10-2030,76558.31902,82215.46405,76339.66232,77020.1764,77020.1764,4005534
07-10-2030,76295.17269,76534.70524,75645.19064,76145.00937,76145.00937,4110628
08-10-2030,76100.46078,79684.48165,76125.02264,76693.05851,76693.05851,5042876
09-10-2030,77078.66024,79166.99887,75603.15884,77181.28005,77181.28005,3385817
10-10-2030,78697.89854,80368.91947,75604.37309,78817.85676,78817.85676,2569421
11-10-2030,81082.72592,81822.44486,77081.13979,80304.13994,80304.13994,5690761
12-10-2030,81487.9716,83394.1155,80446.81551,82027.59453,82027.59453,4989662
13-10-2030,81115.91518,82240.11518,78393.61065,81105.44369,81105.44369,3510112
14-10-2030,81946.7817,84935.98474,81240.00859,82524.43255,82524.43255,3140242
15-10-2030,80343.74142,81786.61524,79724.58512,80960.9026,80960.9026,3169526
16-10-2030,81785.98228,84694.2547,80979.14044,82018.36577,82018.36577,2324574
17-10-2030,81936.78086,82448.73194,77662.30749,81263.14003,81263.14003,4112223
18-10-2030,81669.66593,83745.14133,80550.36717,81515.8719,81515.8719,2422207
19-10-2030,80347.74814,81716.44521,79565.89868,80171.74585,80171.74585,5300087
20-10-2030,79161.23206,82676.09845,75674.56106,79179.0737,79179.0737,4569771
21-10-2030,77667.39016,80065.42291,76136.65435,78438.50878,78438.50878,2288847
22-10-2030,79056.74148,79701.37975,77362.97119,78327.91602,78327.91602,3169345
23-10-2030,81513.72173,82679.55591,79880.13579,81174.35082,81174.35082,4409020
24-10-2030,80549.16085,82921.10449,78334.34349,81293.52689,81293.52689,3646980
25-10-2030,80742.35982,82484.55616,79188.79886,80985.8278,80985.8278,2295601
26-10-2030,80988.93006,81720.00634,77635.56532,81388.39598,81388.39598,2296867
27-10-2030,80227.81642,82072.82773,78726.23842,79881.5771,79881.5771,5786982
28-10-2030,81397.50394,82901.02279,79561.53886,80977.17728,80977.17728,3545405
29-10-2030,82368.77992,85643.11049,80686.17006,82217.22805,82217.22805,3561018
30-10-2030,80394.03112,84447.30099,77833.28678,81180.86086,81180.86086,6094801
31-10-2030,82917.13026,86517.99295,79373.69898,83338.56548,83338.56548,3320299
01-11-2030,86728.56482,90412.19809,84197.29358,85960.62636,85960.62636,3301311
02-11-2030,86684.32052,88111.83068,84647.45214,87169.03828,87169.03828,2464892
03-11-2030,87119.33259,88446.2982,84345.18334,87750.50452,87750.50452,3503472
04-11-2030,87963.2898,90714.80961,85657.34439,87177.77682,87177.77682,4285998
05-11-2030,90304.84428,90117.19947,88470.91962,89651.74541,89651.74541,3417351
06-11-2030,95840.5627,98676.70964,93746.03291,95812.9933,95812.9933,3286326
07-11-2030,97197.32402,101124.7881,96284.83931,97133.94672,97133.94672,5361243
08-11-2030,95626.44107,97782.46269,95137.4392,95655.21576,95655.21576,4060844
09-11-2030,94752.36507,94986.26766,91068.48245,94220.60513,94220.60513,2924905
10-11-2030,95058.17878,95275.05789,92522.18749,94414.54505,94414.54505,4160109
11-11-2030,95761.38788,97350.37992,93422.17918,95123.54702,95123.54702,1852686
12-11-2030,95922.99265,99566.17771,93090.50273,96060.64074,96060.64074,5714287
13-11-2030,93504.12647,96576.7487,91788.99266,94142.31188,94142.31188,5037011
14-11-2030,92845.2617,95145.20721,87768.0321,93727.01918,93727.01918,4718501
15-11-2030,91432.97743,94223.15225,90951.74778,91750.15186,91750.15186,6024872
16-11-2030,92328.42306,95147.8955,91850.26638,93180.63645,93180.63645,4373380
17-11-2030,92710.74997,95258.37158,88738.91673,91914.86344,91914.86344,3240436
18-11-2030,93313.55909,94713.78052,91590.44283,92496.03877,92496.03877,4283974
19-11-2030,90112.87444,96245.21143,86509.19674,90487.39896,90487.39896,3762859
20-11-2030,93095.42562,93756.30158,90190.51617,93182.42766,93182.42766,4756753
21-11-2030,94156.29116,96066.95441,92599.72477,94814.41311,94814.41311,4356061
22-11-2030,94739.99589,97793.35054,91095.24139,94721.22527,94721.22527,2281044
23-11-2030,92286.75377,94665.7441,90044.54945,92985.67792,92985.67792,3654265
24-11-2030,92586.25077,95159.42374,89849.56733,92667.57563,92667.57563,2920236
25-11-2030,93921.57041,99078.92977,93250.589,94133.2317,94133.2317,3383712
26-11-2030,93615.33759,94961.13488,88611.17846,94113.94489,94113.94489,3651770
27-11-2030,92226.94158,95763.51733,92266.47847,93068.26496,93068.26496,4887418
28-11-2030,93593.13461,96742.54958,92631.85971,93759.45989,93759.45989,4814770
29-11-2030,94175.22003,96999.95689,93923.83897,94660.21098,94660.21098,2688458
30-11-2030,93142.69863,97342.47682,90018.34521,93173.68027,93173.68027,2263198
01-12-2030,95046.58752,97673.64196,94581.13864,95172.26276,95172.26276,3586597
02-12-2030,95782.59252,96828.21939,91256.41526,95049.76833,95049.76833,4012594
03-12-2030,95868.98202,99031.81931,95373.18823,96601.4879,96601.4879,3854594
04-12-2030,94128.4965,96475.10987,91861.06162,94364.96581,94364.96581,3408477
05-12-2030,94647.97123,99729.62477,91905.44184,94569.61919,94569.61919,2071500
06-12-2030,93969.80379,98481.77196,87785.62974,93514.49738,93514.49738,3518644
07-12-2030,90765.73902,92600.56451,89920.95564,90783.78144,90783.78144,4177714
08-12-2030,91026.93789,94437.15225,88169.32037,91017.59929,91017.59929,3722000
09-12-2030,92251.46637,94776.3278,90447.46814,91373.86825,91373.86825,4781499
10-12-2030,90098.78988,92357.01108,87870.94397,90225.68639,90225.68639,3497939
11-12-2030,92002.73622,96664.8562,88932.57829,91815.41761,91815.41761,4471933
12-12-2030,90571.8805,92597.44714,84434.08923,90360.02666,90360.02666,2643285
13-12-2030,89230.50095,91227.69189,88687.20746,90004.45409,90004.45409,5102855
14-12-2030,89231.93432,93439.954,85914.19732,89712.95546,89712.95546,4176200
15-12-2030,88786.64883,90731.70373,83976.34999,88360.57266,88360.57266,2144781
16-12-2030,88976.60125,93401.71435,86405.13925,89572.46485,89572.46485,3081497
17-12-2030,87313.80786,93269.66069,83551.34138,88189.03892,88189.03892,3205139
18-12-2030,90522.38877,93210.14283,87721.99436,89903.97843,89903.97843,5386812
19-12-2030,90194.56594,89880.01374,86297.23642,89568.21295,89568.21295,1339905
20-12-2030,90552.69616,91989.49764,86543.59942,89844.65805,89844.65805,2543924
21-12-2030,89926.23471,92194.18765,89226.35542,89492.46888,89492.46888,3296497
22-12-2030,90180.2777,91523.67315,87923.66821,90220.3343,90220.3343,5240310
23-12-2030,91337.96364,92444.1448,88024.87771,91956.8859,91956.8859,3489021
24-12-2030,94182.21245,95827.03986,91462.64719,93690.47537,93690.47537,3985830
25-12-2030,92182.99642,94774.34107,90332.59606,92827.77276,92827.77276,3691945
26-12-2030,94390.18412,95272.70873,92726.23779,94220.05163,94220.05163,4137416
27-12-2030,95332.00447,96982.33047,91959.77541,94797.35621,94797.35621,2508654
28-12-2030,94407.74264,95104.63562,93639.66158,94316.95889,94316.95889,4271408
29-12-2030,93900.26769,94201.17933,90079.35184,93533.23413,93533.23413,5068736
30-12-2030,92454.96745,95363.24962,91644.68442,92933.95836,92933.95836,4208142
31-12-2030,91996.17571,94300.92157,90172.47942,91459.62068,91459.62068,3587022
01-01-2031,92081.01542,92627.09904,89439.62962,91462.17927,91462.17927,1417124
02-01-2031,93294.92165,97380.84318,91011.67155,93382.42281,93382.42281,3182127
03-01-2031,95020.69913,96171.85006,92022.29521,95027.77415,95027.77415,3376807
04-01-2031,93594.50559,95083.55026,88904.79177,93500.26469,93500.26469,4230819
05-01-2031,93429.17255,95197.93228,88421.54723,92837.12027,92837.12027,5559944
06-01-2031,94131.78783,98494.31663,93135.45128,94689.64043,94689.64043,3931706
07-01-2031,98319.73756,102320.6484,94402.67467,97376.78392,97376.78392,3873329
08-01-2031,96057.59199,97978.26262,92808.00428,95724.43057,95724.43057,3352189
09-01-2031,96290.81951,100060.8538,90546.53842,95772.7201,95772.7201,2508146
10-01-2031,94445.71837,94244.2713,88808.48288,93565.7664,93565.7664,4355806
11-01-2031,94238.7375,95751.05737,89103.81649,93932.55218,93932.55218,3139754
12-01-2031,96300.08682,96090.98217,92525.76617,95602.57953,95602.57953,4725298
13-01-2031,96035.57755,99930.86492,93993.76778,95954.68035,95954.68035,3016893
14-01-2031,94944.85668,98947.09407,91039.08471,95824.143,95824.143,4046391
15-01-2031,95187.47522,95833.5349,93193.65863,94951.12216,94951.12216,4530805
16-01-2031,95382.20892,96728.21938,95135.15754,96036.14293,96036.14293,3835550
17-01-2031,86314.3636,88848.57823,84710.29919,85474.81066,85474.81066,4372876
18-01-2031,85545.17165,86533.39429,82316.96044,85455.22198,85455.22198,2180945
19-01-2031,83959.1518,85690.99438,80910.63557,84543.66314,84543.66314,3905672
20-01-2031,85783.13574,89841.79248,84475.12762,86069.27933,86069.27933,4433214
21-01-2031,86708.58281,89058.68337,85233.81539,86386.26936,86386.26936,2658918
22-01-2031,86869.41036,87126.06799,83139.26789,86268.74893,86268.74893,2885228
23-01-2031,86452.67246,87964.22013,84798.55058,86304.97456,86304.97456,2668980
24-01-2031,86358.76122,89128.18589,81919.12454,86605.92262,86605.92262,2469058
25-01-2031,87698.80458,87674.83839,82567.48693,87324.58068,87324.58068,3337698
26-01-2031,88251.42578,89104.77478,84282.1171,87889.61658,87889.61658,5495810
27-01-2031,87615.03657,93660.70886,86636.03182,87842.56368,87842.56368,2455997
28-01-2031,87458.74764,91104.25797,82711.81936,87787.60869,87787.60869,5349565
29-01-2031,88075.60962,89052.50875,84156.99272,87323.78277,87323.78277,2971075
30-01-2031,85039.29233,87389.78694,85139.39145,85769.54214,85769.54214,5038324
31-01-2031,88643.94141,89913.07228,85492.86615,87827.68702,87827.68702,3050411
01-02-2031,87462.74534,90514.202,84817.31765,87680.74205,87680.74205,2994041
02-02-2031,87631.72778,90570.71536,86936.1849,87739.38133,87739.38133,3498416
03-02-2031,87467.97583,89926.36969,85216.99581,87394.12116,87394.12116,5217942
04-02-2031,87927.38373,92119.18158,85086.92742,88396.72177,88396.72177,5312002
05-02-2031,90104.84243,91012.56672,87097.18295,89737.66625,89737.66625,4404180
06-02-2031,89133.52069,93729.69368,86961.56064,89917.46003,89917.46003,3178455
07-02-2031,90264.51566,91042.98349,88273.39678,89838.5543,89838.5543,3782041
08-02-2031,88017.90597,89789.79619,86694.77914,88314.11459,88314.11459,4046956
09-02-2031,84866.79759,87159.72813,81219.57923,84665.3183,84665.3183,2422748
10-02-2031,83732.86952,87600.78125,82059.96308,83409.14351,83409.14351,4215976
11-02-2031,82727.70641,85253.07745,79743.01569,83275.4793,83275.4793,4715283
12-02-2031,84376.26403,87598.74318,83231.62673,84162.76508,84162.76508,3358258
13-02-2031,84122.75243,88219.45392,81387.4194,83954.32296,83954.32296,3623223
14-02-2031,82693.14364,86488.67618,78341.85036,82805.33328,82805.33328,2043468
15-02-2031,82428.57616,86798.08673,80239.05743,82617.85044,82617.85044,1828935
16-02-2031,83443.7016,84881.13905,77860.37187,83541.35232,83541.35232,3054734
17-02-2031,83642.38868,85780.42034,80779.0008,83584.46323,83584.46323,4961566
18-02-2031,82731.94484,85563.02126,78844.01927,82608.66258,82608.66258,4470251
19-02-2031,82278.33716,85080.75625,80492.68242,82272.50387,82272.50387,5410284
20-02-2031,81890.24826,86367.82995,80355.34668,81856.93682,81856.93682,1725554
21-02-2031,81929.78417,83695.85509,79390.9042,81177.42663,81177.42663,3668797
22-02-2031,81413.70391,82295.42112,80744.47439,81749.63498,81749.63498,3517187
23-02-2031,80411.30579,82014.84571,78010.79824,81018.26121,81018.26121,2997076
24-02-2031,82110.43037,83910.36826,77890.32016,81505.78972,81505.78972,4309566
25-02-2031,82328.24465,84145.89665,79265.74397,81745.3717,81745.3717,3811059
26-02-2031,81338.56956,84068.56625,78200.11159,81601.15607,81601.15607,2956823
27-02-2031,81499.99267,82563.22447,79978.65444,82209.3886,82209.3886,2546921
28-02-2031,80481.17174,82564.87346,80343.86305,80925.38171,80925.38171,4267000
01-03-2031,80245.72683,84101.63226,80270.98848,80653.99796,80653.99796,4902273
02-03-2031,82179.51597,83081.30876,79246.39091,82477.97826,82477.97826,3754270
03-03-2031,81458.40666,85524.48648,78891.4046,82279.16425,82279.16425,3754675
04-03-2031,81387.10594,84717.97181,78667.44406,81776.88011,81776.88011,2717151
05-03-2031,81751.79601,83097.02319,80768.32685,82219.39996,82219.39996,2617556
06-03-2031,83253.28799,87610.80268,82406.03365,83009.53537,83009.53537,1673693
07-03-2031,84616.42884,85072.11304,81463.88389,84588.66816,84588.66816,3109085
08-03-2031,85271.31397,87826.95732,83333.36335,85123.52014,85123.52014,4230791
09-03-2031,85387.88885,88427.58131,83255.4644,86183.65496,86183.65496,5916096
10-03-2031,83040.00294,84909.70777,80383.47069,83411.7869,83411.7869,2421557
11-03-2031,83397.70814,83855.06349,80398.99274,82647.08252,82647.08252,2510299
12-03-2031,85724.58937,88705.82672,84332.31419,86448.01008,86448.01008,2086958
13-03-2031,84554.97308,88829.55904,83134.35181,84391.52786,84391.52786,4288700
14-03-2031,84329.65102,86869.58076,82735.8101,84193.355,84193.355,2965786
15-03-2031,84665.86895,87547.85286,82025.77274,84477.89268,84477.89268,4218545
16-03-2031,82282.97298,83442.08286,81583.1352,82962.346,82962.346,3272317
17-03-2031,79262.08105,83661.75353,76853.73681,79865.70871,79865.70871,5627173
18-03-2031,80160.27209,81994.56505,79757.0908,80355.06144,80355.06144,4581498
19-03-2031,80851.1689,81755.30758,79185.77339,80562.3373,80562.3373,3970640
20-03-2031,77774.82173,78480.61743,75601.65555,77997.82788,77997.82788,3848756
21-03-2031,77658.67082,78852.29689,74654.31043,76914.02561,76914.02561,4974086
22-03-2031,75707.54981,77786.7367,76039.82795,76340.41451,76340.41451,3512467
23-03-2031,76734.03937,77858.74897,75356.77561,76944.44872,76944.44872,5011371
24-03-2031,75262.88267,76445.92631,73888.60553,75991.73639,75991.73639,3173068
25-03-2031,76331.23468,76323.07671,71872.51265,75731.77006,75731.77006,1417814
26-03-2031,74828.33098,78734.96275,73998.38425,75443.33142,75443.33142,4690290
27-03-2031,76500.85459,79429.62415,74339.31289,75923.5973,75923.5973,2910205
28-03-2031,77472.83897,79453.10268,75125.763,76871.44164,76871.44164,2154608
29-03-2031,78403.35755,79258.94732,75654.09409,78097.7682,78097.7682,3366874
30-03-2031,81021.10136,84199.98391,80410.8689,80896.13887,80896.13887,5731067
31-03-2031,82411.04228,85051.48089,81613.92123,82841.25139,82841.25139,3233345
01-04-2031,80969.19559,82655.07356,79976.90958,81172.33328,81172.33328,3551567
02-04-2031,83945.64445,84651.7954,80848.73424,83197.35799,83197.35799,5922547
03-04-2031,82377.48836,85428.44721,80550.24557,82447.48443,82447.48443,4284765
04-04-2031,82260.6269,82278.15858,79287.70898,81531.47511,81531.47511,2398619
05-04-2031,80602.34428,81931.83935,78202.07018,81081.14825,81081.14825,3532655
06-04-2031,80558.93142,81518.78603,78399.63691,80761.63702,80761.63702,3032162
07-04-2031,81971.21704,81754.04346,76346.08681,81214.39486,81214.39486,3345028
08-04-2031,79035.10906,81899.99693,77300.25858,79334.11545,79334.11545,2526438
09-04-2031,78374.43953,78702.4563,77828.79085,78332.91623,78332.91623,4793935
10-04-2031,78355.16028,80554.26484,74995.47197,78344.1982,78344.1982,2391704
11-04-2031,77485.94569,80461.95985,76874.54527,78000.03158,78000.03158,4163965
12-04-2031,76269.22224,77813.15693,73600.29085,76617.14073,76617.14073,2626988
13-04-2031,77454.51255,79369.7106,77465.2749,78061.9246,78061.9246,4807262
14-04-2031,77343.36474,79179.01039,76870.23781,77962.03477,77962.03477,2895224
15-04-2031,79842.92523,82266.78802,77724.53172,79334.92716,79334.92716,2389206
16-04-2031,78207.38536,79550.4906,78054.18424,78341.99131,78341.99131,3451708
17-04-2031,78132.08993,81256.70635,76156.16809,78653.48012,78653.48012,3987728
18-04-2031,78371.75207,80754.61774,74317.50626,78740.75703,78740.75703,2657308
19-04-2031,77156.62208,79863.44242,75388.59149,77595.02187,77595.02187,4340968
20-04-2031,78672.01599,80679.2172,77043.41002,78619.8813,78619.8813,3975014
21-04-2031,77543.7648,78327.13877,75660.05104,77856.71703,77856.71703,5680139
22-04-2031,78500.87693,80207.20059,77944.37903,78677.177,78677.177,3121931
23-04-2031,78655.05472,81852.30923,76066.62453,77951.80199,77951.80199,2649424
24-04-2031,78357.27432,82055.30317,76417.84446,78162.0833,78162.0833,3935516
25-04-2031,82327.583,83832.1572,80918.54711,83029.98221,83029.98221,5731710
26-04-2031,83778.1268,86455.9186,78735.98833,83116.58619,83116.58619,4391395
27-04-2031,81793.92853,86845.85868,79195.65831,82353.27192,82353.27192,4818921
28-04-2031,82255.7144,82455.70465,81188.27621,82018.30645,82018.30645,5022293
29-04-2031,83230.15131,86120.94903,81916.16487,83326.87135,83326.87135,3796148
30-04-2031,82802.03378,87638.48163,82330.50937,83543.64457,83543.64457,1350561
01-05-2031,77081.49665,78170.54014,75300.94093,77494.55761,77494.55761,2573361
02-05-2031,78605.95278,80632.30173,74661.2729,77964.42536,77964.42536,4879594
03-05-2031,77524.8276,78785.39371,76807.3978,78068.68026,78068.68026,3177227
04-05-2031,79402.34178,79810.45273,75354.36477,79084.58273,79084.58273,3358977
05-05-2031,79323.67708,83961.31226,78948.98795,79541.54218,79541.54218,3884419
06-05-2031,80009.58573,81970.75201,80155.72472,80623.12088,80623.12088,3895085
07-05-2031,81315.37193,81777.69448,77999.23392,81118.02606,81118.02606,3520570
08-05-2031,81510.13996,84249.65992,81469.76612,82036.57775,82036.57775,2025903
09-05-2031,82240.30427,86424.83429,80570.82463,82030.66107,82030.66107,4751042
10-05-2031,82066.27375,84922.40033,80892.05712,82235.62754,82235.62754,4307577
11-05-2031,81612.69205,83227.92434,78166.65606,82281.44133,82281.44133,3571614
12-05-2031,81660.63777,85595.14039,80115.29046,81919.97837,81919.97837,4680525
13-05-2031,82082.64888,86617.08447,79079.11869,81606.21115,81606.21115,4239729
14-05-2031,81841.07758,83237.47989,79284.71615,82629.93007,82629.93007,4119035
15-05-2031,82832.00097,84379.5376,78021.38452,82675.96353,82675.96353,3840298
16-05-2031,85210.96232,87382.30992,80833.06158,84940.71834,84940.71834,2375517
17-05-2031,85305.92312,86416.55189,82784.66526,85800.18707,85800.18707,3919928
18-05-2031,82778.95487,84181.57505,79755.06468,83068.94322,83068.94322,3416134
19-05-2031,82269.40652,82744.50209,77408.62813,82040.3985,82040.3985,4868842
20-05-2031,81363.81487,87425.0198,79474.70313,82031.15933,82031.15933,1239661
21-05-2031,81123.30175,81850.12261,76438.86186,80790.87167,80790.87167,3572759
22-05-2031,82572.58228,88486.38788,81722.27486,82970.86248,82970.86248,3147595
23-05-2031,83108.78083,87196.60987,82126.11832,82800.25447,82800.25447,5100371
24-05-2031,82551.99284,84989.25596,80135.59431,83317.17811,83317.17811,4262541
25-05-2031,83709.31356,84114.08507,79675.67335,83060.56494,83060.56494,2142769
26-05-2031,81849.87203,83965.29824,79453.77938,81229.7698,81229.7698,3793772
27-05-2031,80938.30589,82143.25631,79803.26779,81643.9016,81643.9016,5013158
28-05-2031,83350.70069,85936.49895,80941.56315,83960.82749,83960.82749,4055806
29-05-2031,83994.69283,84751.70282,81739.58649,83590.44867,83590.44867,3876230
30-05-2031,83892.21774,86251.04648,79225.96458,83442.97794,83442.97794,3230203
31-05-2031,83340.2775,86635.18672,81192.28045,83476.20701,83476.20701,2591799
01-06-2031,84008.01167,85990.74997,80069.40653,83225.52795,83225.52795,2840764
02-06-2031,83641.51849,85224.2767,80324.45493,82943.09414,82943.09414,2329724
03-06-2031,80966.24236,83304.35774,79595.52706,81049.23013,81049.23013,2667475
04-06-2031,80253.35036,83956.02493,79090.71185,80515.54967,80515.54967,4770676
05-06-2031,79624.59349,82480.50636,78885.59286,80410.8286,80410.8286,3291245
06-06-2031,77770.74387,80030.884,77469.18073,78227.87774,78227.87774,3833991
07-06-2031,78112.32798,80212.68388,76968.18069,78812.61711,78812.61711,2495381
08-06-2031,77688.74699,80466.20303,73739.96159,77368.5582,77368.5582,2074430
09-06-2031,76651.45342,78275.22013,75694.4319,76380.71131,76380.71131,3141989
10-06-2031,75850.85296,79447.41774,73467.63962,76234.24823,76234.24823,5963061
11-06-2031,78357.60966,80480.23031,76982.33065,77693.37126,77693.37126,3394381
12-06-2031,79043.80076,81205.54309,77084.74207,78600.16006,78600.16006,3704340
13-06-2031,76976.08475,81468.67954,72710.59999,77726.85047,77726.85047,6748211
14-06-2031,76006.81829,81365.62458,75586.23109,76604.65579,76604.65579,4384359
15-06-2031,77281.48657,77109.48335,73592.8753,76606.79881,76606.79881,3285109
16-06-2031,75543.6286,76851.01714,72378.70593,74922.6016,74922.6016,3138678
17-06-2031,74863.14708,77758.98177,73805.13336,75351.26357,75351.26357,4324183
18-06-2031,72843.4538,74389.66661,70359.75658,72640.71346,72640.71346,4166985
19-06-2031,73620.40543,77042.84409,72686.98778,73852.27698,73852.27698,3652690
20-06-2031,71463.44956,72036.70335,67668.64196,71477.0149,71477.0149,3432420
21-06-2031,71807.49882,74490.67497,70472.69394,71948.03113,71948.03113,4292398
22-06-2031,70743.8596,72233.63319,70942.61718,71308.35421,71308.35421,4659461
23-06-2031,70600.04588,76419.07673,69377.96938,71234.38108,71234.38108,3895452
24-06-2031,73429.16693,75804.12468,71807.82491,73441.58406,73441.58406,2894689
25-06-2031,72806.08361,74005.1776,70731.58374,73297.45068,73297.45068,1503795
26-06-2031,73472.54993,77499.87426,71436.34496,73196.96454,73196.96454,3188726
27-06-2031,73717.3784,74785.54919,68596.9836,73362.90824,73362.90824,3623654
28-06-2031,74088.05615,75076.11992,71203.68771,73790.0286,73790.0286,2648881
29-06-2031,74871.46993,77195.9307,73388.38737,75224.96244,75224.96244,5368735
30-06-2031,74258.25508,77025.39838,72818.41795,74006.23381,74006.23381,4307629
01-07-2031,74675.4655,76052.19104,70850.96823,74072.97243,74072.97243,4475504
02-07-2031,75032.88665,76681.42297,74198.46139,74745.60176,74745.60176,1870206
03-07-2031,75072.55771,75201.79473,74332.14436,74680.00987,74680.00987,5270562
04-07-2031,75408.84187,76968.03333,73735.31788,74813.69878,74813.69878,2316962
05-07-2031,76705.01969,78487.92611,75329.98095,76286.0843,76286.0843,4128691
06-07-2031,77641.24901,79511.58638,74045.2642,77602.53928,77602.53928,2620812
07-07-2031,76384.58213,79524.99597,75907.04579,76892.19103,76892.19103,3903284
08-07-2031,77547.80077,80583.22543,76468.19937,77834.09326,77834.09326,4739965
09-07-2031,78300.0561,78858.57893,74341.23254,77810.65475,77810.65475,3871959
10-07-2031,78233.71372,79624.62861,77254.42419,78938.04633,78938.04633,992603
11-07-2031,78424.83555,81663.34195,78472.17873,79124.52059,79124.52059,3300396
12-07-2031,79830.92844,82095.35135,79969.95616,80320.44138,80320.44138,4056203
13-07-2031,84456.65186,85213.50797,81160.39642,84014.36705,84014.36705,4088127
14-07-2031,84504.05698,86793.32937,81627.29284,84491.04058,84491.04058,3089711
15-07-2031,85116.55529,88935.67897,82719.86293,84773.07425,84773.07425,2788417
16-07-2031,85446.63446,88753.74571,80351.34055,84862.7049,84862.7049,3728454
17-07-2031,85909.8684,88057.71171,84503.44846,86683.99354,86683.99354,3350663
18-07-2031,86236.34147,90757.79192,84604.96045,87102.63757,87102.63757,3295095
19-07-2031,86801.74093,87043.24434,83117.36191,86052.62482,86052.62482,1895463
20-07-2031,84324.47879,89115.85894,83583.87157,84704.03074,84704.03074,5225661
21-07-2031,85799.77795,88888.37375,86073.84519,86523.55829,86523.55829,5232321
22-07-2031,86795.96023,87295.17608,85584.61828,86291.58583,86291.58583,5663423
23-07-2031,85896.23898,89155.72072,84293.7538,86728.87095,86728.87095,2986560
24-07-2031,86045.10922,88407.09522,84024.06944,86794.54408,86794.54408,3670515
25-07-2031,89168.36871,91804.07887,87466.61193,88445.68103,88445.68103,1950835
26-07-2031,92644.62943,95898.65361,90856.5946,92775.88153,92775.88153,5782438
27-07-2031,91568.89415,92492.53367,89150.286,91401.49243,91401.49243,4919026
28-07-2031,91914.87139,95193.22296,89751.62355,91610.15531,91610.15531,3879636
29-07-2031,87955.84087,89633.62684,87716.30508,88712.87775,88712.87775,4133001
30-07-2031,89796.23576,90725.02407,87136.68094,89433.97337,89433.97337,4225109
31-07-2031,91487.97647,95809.95132,90639.9225,90999.7987,90999.7987,4442524
01-08-2031,89782.72481,91303.64629,85424.31761,89969.85438,89969.85438,3045401
02-08-2031,90695.55163,91424.49994,86615.6645,89849.77264,89849.77264,1538656
03-08-2031,90357.04226,92282.34069,89455.24691,91155.53873,91155.53873,3549723
04-08-2031,90995.41995,92421.56681,84929.29887,90784.60028,90784.60028,3243245
05-08-2031,91778.32606,93713.06822,89274.13751,91470.27681,91470.27681,3289165
06-08-2031,91229.18432,94810.50275,88880.0486,91178.81481,91178.81481,4095048
07-08-2031,89087.80745,90139.7497,84073.98168,89096.90218,89096.90218,3907537
08-08-2031,88425.21977,89675.28264,87212.59008,88347.5543,88347.5543,2894938
09-08-2031,88347.2287,88235.39877,84815.68459,87853.25216,87853.25216,1498731
10-08-2031,88627.81925,90131.73289,85933.64613,89181.10261,89181.10261,2985032
11-08-2031,89961.38886,92115.42349,87116.16619,89769.78934,89769.78934,3219525
12-08-2031,88120.37855,91786.94174,86084.43492,88182.92405,88182.92405,2917063
13-08-2031,84195.42797,88483.30553,81288.59003,84812.71593,84812.71593,5434389
14-08-2031,82423.60363,84750.55866,80992.05279,82970.92681,82970.92681,4054119
15-08-2031,82151.79317,86670.84422,81141.12922,82506.70675,82506.70675,2747058
16-08-2031,84998.11053,87539.71648,82941.37176,84793.51033,84793.51033,2322216
17-08-2031,84792.06624,85842.3649,83599.60737,84239.69046,84239.69046,4029539
18-08-2031,84980.62565,86878.05832,78707.09576,84317.51798,84317.51798,3431163
19-08-2031,83500.71729,84634.58185,83738.58501,84337.03345,84337.03345,6143080
20-08-2031,84179.6417,85408.07217,82755.33859,84499.51104,84499.51104,5600463
21-08-2031,87344.53595,89421.63239,84852.31232,86725.49339,86725.49339,4254527
22-08-2031,87881.84076,89127.64131,86486.83129,88020.42875,88020.42875,2999997
23-08-2031,88392.06928,90923.10516,84304.03623,88454.78123,88454.78123,3630742
24-08-2031,86658.35439,87413.53778,84321.53688,86672.77306,86672.77306,3692324
25-08-2031,85631.66318,91739.11963,84156.57299,86026.38296,86026.38296,3759636
26-08-2031,86719.2839,90666.83031,86687.55023,87116.84662,87116.84662,4318809
27-08-2031,88935.17585,90332.45174,83401.61458,88430.47195,88430.47195,5108132
28-08-2031,89951.01642,93529.30806,87624.71856,89487.08212,89487.08212,3748860
29-08-2031,89220.50583,90174.05043,87931.36465,88465.2262,88465.2262,3238037
30-08-2031,95066.27339,97325.18598,94118.25039,94990.52432,94990.52432,2661588
31-08-2031,97580.13542,99250.65082,90875.01059,97428.99554,97428.99554,3820141
01-09-2031,97902.25553,97987.50653,95022.93774,97581.61936,97581.61936,5891856
02-09-2031,99378.67334,98932.607,93633.19538,98641.4327,98641.4327,3432411
03-09-2031,100115.9439,100476.4732,97317.46324,99328.60693,99328.60693,3886183
04-09-2031,100511.5345,102438.7737,97815.96441,100482.6366,100482.6366,4139538
05-09-2031,100780.4685,101839.3885,99755.71032,100807.6787,100807.6787,3781425
06-09-2031,99883.20919,102747.0459,95723.44192,100778.1792,100778.1792,2830725
07-09-2031,100933.0683,100826.6167,99489.06501,100275.5531,100275.5531,5688271
08-09-2031,104131.97,109077.8689,102192.7491,104158.9238,104158.9238,4458520
09-09-2031,104309.9556,105928.3549,100701.2482,104004.8606,104004.8606,3635441
10-09-2031,104132.8126,105391.8116,103875.6564,104387.9067,104387.9067,3703296
11-09-2031,104846.8814,106433.868,102265.3516,104402.4952,104402.4952,3446517
12-09-2031,106660.2332,108073.9174,104612.8246,107082.5781,107082.5781,4069586
13-09-2031,108851.7198,110926.103,105406.5432,108280.9779,108280.9779,5212129
14-09-2031,108415.4193,109672.3086,106251.1798,107814.245,107814.245,4887732
15-09-2031,107575.0846,108977.3947,104846.0693,108565.3206,108565.3206,3550578
16-09-2031,107670.1757,110884.0056,104943.4092,108718.2353,108718.2353,3751966
17-09-2031,108761.4481,112840.1306,105179.2694,107808.5916,107808.5916,5303293
18-09-2031,107021.1265,108588.6569,104798.2051,106541.9866,106541.9866,2401851
19-09-2031,106100.7609,112607.3951,102079.5203,105257.6346,105257.6346,4159390
20-09-2031,107236.7884,111990.2819,104803.5122,106814.6796,106814.6796,4402410
21-09-2031,109284.3795,110208.878,109139.0176,109566.4611,109566.4611,1896079
22-09-2031,109526.0307,111933.7263,107122.3753,109558.5589,109558.5589,4192684
23-09-2031,109153.6647,112915.0667,106525.19,109843.5733,109843.5733,4804969
24-09-2031,110874.6352,111888.3393,105563.4281,110668.4389,110668.4389,2337460
25-09-2031,110481.7841,112747.4305,108006.2937,110380.3442,110380.3442,5264059
26-09-2031,110258.2001,113145.0131,106718.9723,109341.4433,109341.4433,5046735
27-09-2031,108336.0331,111508.1919,105942.1741,108371.3467,108371.3467,4631790
28-09-2031,106471.6458,110049.374,100644.6544,105728.2989,105728.2989,3378765
29-09-2031,105218.3206,107086.5517,99843.05837,105313.2988,105313.2988,4123823
30-09-2031,102532.541,105541.1819,99101.38452,103482.81,103482.81,5325071
01-10-2031,101206.3835,104167.5239,97914.45556,101235.582,101235.582,3730649
02-10-2031,101778.3716,103830.3062,98246.95118,101341.1056,101341.1056,5862148
03-10-2031,102555.1331,107959.3262,99209.06694,101660.3296,101660.3296,3640081
04-10-2031,103722.8571,104457.0893,99009.88819,103794.6828,103794.6828,3224326
05-10-2031,106277.8919,106397.215,103704.7906,105721.4843,105721.4843,2834324
06-10-2031,108207.9584,108467.559,106777.6983,107429.4593,107429.4593,5312825
07-10-2031,107410.8196,114186.8041,105428.4124,107853.1023,107853.1023,3003466
08-10-2031,108813.0013,110881.0727,107287.0796,109799.3444,109799.3444,2190406
09-10-2031,108525.2473,113122.3549,107054.0895,109363.9835,109363.9835,4000255
10-10-2031,110017.1613,111515.191,108161.6498,110078.8447,110078.8447,3934821
11-10-2031,110716.5314,110721.5679,109156.1305,110011.5691,110011.5691,4178479
12-10-2031,110465.8612,111703.3794,107172.8577,110023.1363,110023.1363,4085751
13-10-2031,111369.9703,112777.8882,105964.8974,111575.7759,111575.7759,3320230
14-10-2031,112389.6716,112540.3043,108653.1224,111342.928,111342.928,4140151
15-10-2031,111572.8887,111585.5136,107981.6702,110741.1819,110741.1819,2422727
16-10-2031,110271.0745,113553.6958,108569.315,109809.7952,109809.7952,3255975
17-10-2031,109769.4785,113856.9205,105810.7807,109081.463,109081.463,6048194
18-10-2031,109496.6254,114330.6011,108903.3867,109910.7171,109910.7171,3296989
19-10-2031,107688.4884,108455.6356,106354.7647,107954.4608,107954.4608,5017517
20-10-2031,107909.6167,109214.6948,105529.5048,107935.3697,107935.3697,3167101
21-10-2031,107676.415,108124.4846,104327.0142,106849.5405,106849.5405,4663131
22-10-2031,104732.0758,107033.4867,100276.584,105594.2031,105594.2031,2936728
23-10-2031,103970.4993,107032.2727,101424.2186,103573.7546,103573.7546,5997324
24-10-2031,118497.039,118881.6734,112977.7829,117775.3648,117775.3648,7442624
25-10-2031,119043.8546,124444.4162,114718.1764,119054.4981,119054.4981,6110754
26-10-2031,119936.5791,123310.8675,116485.1864,118826.2063,118826.2063,4087974
27-10-2031,121015.0347,121355.9782,117284.1531,119911.1868,119911.1868,1662777
28-10-2031,119034.9613,119434.5458,117121.8758,118667.6919,118667.6919,2307645
29-10-2031,117602.7362,119728.7656,110490.2346,117507.1422,117507.1422,3826435
30-10-2031,120490.7203,127272.9226,119513.8813,120726.0326,120726.0326,2013770
31-10-2031,120045.0936,122363.3692,113683.1931,119220.2651,119220.2651,2551396
01-11-2031,120251.4813,124577.9395,119630.9542,120494.3017,120494.3017,3944728
02-11-2031,119962.9866,120869.6471,116614.7932,119584.6957,119584.6957,4726461
03-11-2031,122282.7991,125346.5121,120774.0797,121579.2308,121579.2308,2852083
04-11-2031,123781.6948,123382.4608,121407.4601,122874.6364,122874.6364,2347142
05-11-2031,123217.9196,131013.7983,120770.7219,122763.6745,122763.6745,4753356
06-11-2031,122245.6614,124155.9671,118604.1755,122291.7085,122291.7085,3018872
07-11-2031,123638.1472,128885.7944,115759.7885,123326.7722,123326.7722,3435606
08-11-2031,125140.2103,129157.2766,122427.7357,124074.5315,124074.5315,3941312
09-11-2031,124568.018,127581.4222,118657.4598,124052.5897,124052.5897,4760069
10-11-2031,121519.5261,128541.748,119243.4964,122629.4784,122629.4784,4321424
11-11-2031,121355.5851,123734.605,118043.0303,120810.0314,120810.0314,3021142
12-11-2031,120146.7832,122860.4419,118746.1273,120313.2319,120313.2319,4708168
13-11-2031,117953.734,122758.5008,114549.4821,117110.8736,117110.8736,5460062
14-11-2031,116984.1317,117502.6128,116140.8012,116786.9008,116786.9008,5083360
15-11-2031,118904.8414,120731.0751,114543.0304,118673.6422,118673.6422,2079815
16-11-2031,118633.8859,120638.068,113371.2357,118379.7285,118379.7285,5939906
17-11-2031,117981.5003,121477.0156,113550.5397,118843.1007,118843.1007,3677853
18-11-2031,120127.8319,121947.5424,117037.9901,120514.7498,120514.7498,4703780
19-11-2031,119456.1849,125846.6363,116004.997,120350.8007,120350.8007,4217482
20-11-2031,120740.5023,123549.9577,115664.315,120695.6517,120695.6517,1401229
21-11-2031,122189.0721,122666.728,120316.0829,122198.6873,122198.6873,5506633
22-11-2031,126339.8617,129796.1114,120548.3865,125130.994,125130.994,4862459
23-11-2031,125343.765,126972.1478,118528.4419,125171.7103,125171.7103,2854426
24-11-2031,126879.2409,130609.8269,119704.8329,126232.3614,126232.3614,2281799
25-11-2031,131386.5703,133204.3986,129450.6605,131782.7663,131782.7663,3646843
26-11-2031,126339.651,130991.5295,123249.4421,127614.9832,127614.9832,4244875
27-11-2031,127964.0282,131183.2324,122145.8437,128357.6448,128357.6448,3856298
28-11-2031,130588.3488,132140.807,130002.2025,130656.3445,130656.3445,4553880
29-11-2031,131391.8386,135782.1634,129694.1947,130768.2695,130768.2695,4141866
30-11-2031,129695.1916,133014.6302,127436.5966,129475.7599,129475.7599,3394787
01-12-2031,133906.2531,134153.9524,128457.9818,133472.6299,133472.6299,3979883
02-12-2031,133772.2783,142066.4016,129521.2148,133193.8112,133193.8112,2660591
03-12-2031,131853.8892,136091.6573,129884.9798,133153.7019,133153.7019,2544383
04-12-2031,130519.9563,132922.3102,125669.9806,131750.2034,131750.2034,3593818
05-12-2031,133003.3757,139047.9223,130889.9386,133947.6452,133947.6452,4749926
06-12-2031,136454.0142,139158.3396,134162.1678,136495.7996,136495.7996,1715133
07-12-2031,136834.9413,140106.9904,132733.9576,137659.2104,137659.2104,3679271
08-12-2031,136654.6317,138505.2358,128452.7774,136861.7084,136861.7084,5302269
09-12-2031,137860.4035,141986.6189,136109.3065,138894.7325,138894.7325,3955003
10-12-2031,140601.7277,143147.8922,133703.9641,139802.6223,139802.6223,4703680
11-12-2031,143675.8891,144768.509,141066.0805,142365.4242,142365.4242,3781179
12-12-2031,143400.7848,149315.7329,136876.6905,143193.9267,143193.9267,3152085
13-12-2031,143967.2849,145313.1984,140503.7294,144319.4594,144319.4594,4058746
14-12-2031,144003.5221,146412.5995,141049.1108,143008.9658,143008.9658,3821945
15-12-2031,142287.4862,143229.8792,135934.7369,142523.6512,142523.6512,5363458
16-12-2031,137704.6025,140502.5362,134824.697,137034.7569,137034.7569,4570800
17-12-2031,140590.9902,145397.8434,138089.392,139483.3896,139483.3896,4305519
18-12-2031,139278.7065,139306.3913,137121.0418,138350.0068,138350.0068,6578510
19-12-2031,135948.7971,140213.3526,135737.7735,136676.3199,136676.3199,4698483
20-12-2031,139968.3862,144597.0339,131755.7885,139028.0658,139028.0658,2257899
21-12-2031,137540.641,139684.0476,134440.2227,137746.2775,137746.2775,2421173
22-12-2031,137608.6115,143680.838,136116.0664,137371.7215,137371.7215,4765050
23-12-2031,138737.6961,141150.3217,134131.9749,138705.8644,138705.8644,3242762
24-12-2031,140416.4396,142428.8916,135572.4742,139523.2804,139523.2804,5205754
25-12-2031,141171.9287,147705.6772,139926.7524,141033.453,141033.453,4477191
26-12-2031,142606.496,148781.5047,138685.9053,143517.0177,143517.0177,3238646
27-12-2031,149511.3504,149195.965,146449.3694,148659.467,148659.467,2209474
28-12-2031,151246.1102,152182.4367,148271.5516,151424.841,151424.841,4591130
29-12-2031,152760.6218,152919.8024,143757.4319,151875.7637,151875.7637,3000626
30-12-2031,149272.9165,152559.9418,143844.4113,148359.529,148359.529,5254125
31-12-2031,150919.6479,153669.6268,147242.2765,149969.943,149969.943,3752682
01-01-2032,145069.1222,149517.0101,142693.5542,146497.832,146497.832,3501089
02-01-2032,166288.3809,176577.036,162982.7781,167199.64,167199.64,4249794
03-01-2032,161295.5977,167720.2113,157475.7417,159792.2776,159792.2776,1295138
04-01-2032,159793.2044,171010.7132,154642.9956,160918.6311,160918.6311,4596727
05-01-2032,163992.2126,171302.0761,159814.1774,163059.8987,163059.8987,4124804
06-01-2032,166967.3161,168113.2368,162964.5285,166402.8729,166402.8729,3414219
07-01-2032,162451.9932,166223.61,158635.1392,163510.564,163510.564,4324501
08-01-2032,160888.4781,165115.6209,154665.3244,160769.9028,160769.9028,2418046
09-01-2032,161322.2685,168888.7239,157353.0587,162073.1569,162073.1569,4366468
10-01-2032,162328.4671,172150.7743,157379.3102,163141.1798,163141.1798,1979938
11-01-2032,162220.905,170760.5829,159531.924,163346.8207,163346.8207,3467894
12-01-2032,163833.8274,168508.6677,161352.1397,162967.3255,162967.3255,3258527
13-01-2032,161731.2255,164632.8329,159011.2582,162654.8292,162654.8292,4792802
14-01-2032,162502.9955,164563.5865,154427.7836,161937.3052,161937.3052,4957158
15-01-2032,159694.3715,164043.5671,156068.1362,160832.2375,160832.2375,4455191
16-01-2032,159509.5528,165204.3736,158897.8183,160970.0123,160970.0123,2547210
17-01-2032,161701.547,164086.131,159710.7049,161384.5981,161384.5981,1803145
18-01-2032,158657.7761,164625.3571,155421.0903,159533.22,159533.22,4117395
19-01-2032,159646.2221,161563.5843,157082.2487,159220.1267,159220.1267,3631789
20-01-2032,159746.5574,165293.1942,152438.5839,159682.9759,159682.9759,5479177
21-01-2032,156837.6151,169415.4055,153034.972,158244.7033,158244.7033,3636395
22-01-2032,159425.3476,163437.2848,154029.2214,159791.2553,159791.2553,4272387
23-01-2032,158810.7639,162108.6326,153244.1448,158850.9777,158850.9777,4098725
24-01-2032,156017.4789,164877.4742,155659.2707,157541.0113,157541.0113,4331193
25-01-2032,156581.0384,158204.5531,152748.3568,157646.7158,157646.7158,2756033
26-01-2032,156517.155,160615.9682,154504.301,156316.9561,156316.9561,3776133
27-01-2032,157717.6966,158914.9091,150227.3698,156163.3208,156163.3208,4230844
28-01-2032,155598.2327,157715.0909,155727.5173,157002.6322,157002.6322,4964828
29-01-2032,154968.3586,161768.3147,152858.4145,155347.7554,155347.7554,2672783
30-01-2032,156845.611,158674.5204,145400.5396,156519.3036,156519.3036,3970217
31-01-2032,154341.2982,163832.3952,151276.1611,155796.9687,155796.9687,4679576
01-02-2032,148208.4085,150791.1214,145972.0608,149360.0429,149360.0429,2420494
02-02-2032,153284.7271,158154.0787,148436.5999,152068.7202,152068.7202,3344245
03-02-2032,155574.9258,160634.4501,153095.5993,154349.5254,154349.5254,3605990
04-02-2032,157249.2915,158875.3238,150375.6406,157180.838,157180.838,2649631
05-02-2032,156913.9061,163082.1821,154213.1771,157314.6316,157314.6316,3545991
06-02-2032,156309.0567,162900.651,154981.9215,157112.1549,157112.1549,4653500
07-02-2032,157338.0434,161688.9493,152476.1833,156452.1471,156452.1471,3409937
08-02-2032,157628.6038,157389.0831,149355.3559,156326.7003,156326.7003,2410448
09-02-2032,157767.0059,162882.0282,153623.1333,158266.3602,158266.3602,3743981
10-02-2032,158972.3538,168007.6888,155301.2095,159957.6593,159957.6593,5000504
11-02-2032,163584.4104,165838.818,157720.1593,163019.248,163019.248,3519084
12-02-2032,161262.2074,166023.2344,154895.7511,162392.0109,162392.0109,2468117
13-02-2032,161255.7181,164741.1557,160326.3946,162169.3467,162169.3467,5444684
14-02-2032,162508.6201,171943.4053,154900.6264,160944.7863,160944.7863,2784100
15-02-2032,161136.8091,166589.9796,156009.7586,159822.132,159822.132,4450819
16-02-2032,163209.6197,168422.6547,156730.7316,164838.1623,164838.1623,2877087
17-02-2032,163939.3314,166809.2186,158769.3828,162520.6521,162520.6521,2417813
18-02-2032,162899.5925,169206.1544,160411.408,162483.4065,162483.4065,5046424
19-02-2032,158742.0277,160269.4729,154388.2472,159374.4351,159374.4351,4123783
20-02-2032,161404.5604,162703.9487,151473.5733,160005.2202,160005.2202,4076744
21-02-2032,162264.2639,165816.107,161447.2236,163746.4348,163746.4348,2178946
22-02-2032,164020.7594,168612.2738,161130.3622,162835.1955,162835.1955,3707917
23-02-2032,162848.4136,165771.7483,157914.8796,163420.2113,163420.2113,4312595
24-02-2032,164141.9349,165837.3879,162174.5289,162682.6779,162682.6779,3128235
25-02-2032,164622.1553,166056.9108,159750.7659,163006.3063,163006.3063,2378589
26-02-2032,164167.6253,170266.4041,158183.2118,162958.6056,162958.6056,2947309
27-02-2032,166652.2505,173430.6449,155590.9306,165876.9584,165876.9584,3240171
28-02-2032,168537.4755,169789.5345,165352.2807,169217.7926,169217.7926,3919049
29-02-2032,166183.26,168966.6741,161978.6417,165587.1077,165587.1077,4638169
01-03-2032,170214.1331,169947.9604,162903.5814,169062.4778,169062.4778,4145921
02-03-2032,169210.9117,170088.3302,168013.2729,168959.1538,168959.1538,4430587
03-03-2032,165812.5039,170780.4505,163853.7563,167081.8848,167081.8848,4573327
04-03-2032,166732.1623,171833.2049,160424.9192,167015.9469,167015.9469,3631595
05-03-2032,166411.8939,169636.4187,157166.905,167223.5367,167223.5367,3733424
06-03-2032,165418.5345,168789.4252,164165.0778,166874.2376,166874.2376,3365143
07-03-2032,167718.6723,169830.7128,163208.0151,167633.5428,167633.5428,4537404
08-03-2032,169179.9065,177182.9505,158624.394,169300.7509,169300.7509,1963207
09-03-2032,174928.0473,175717.7769,170825.8545,174527.004,174527.004,4533260
10-03-2032,176918.0752,188659.888,171931.9597,176739.2945,176739.2945,4473871
11-03-2032,177958.1565,184257.3877,170413.3889,176660.4257,176660.4257,4418165
12-03-2032,173837.9854,180162.1657,172484.9938,174560.8392,174560.8392,5609713
13-03-2032,175243.1885,179996.8501,168199.2747,174631.4983,174631.4983,1760471
14-03-2032,174330.2315,178174.0341,169249.164,174584.5717,174584.5717,3496086
15-03-2032,177766.1204,182727.1199,170477.088,177620.5514,177620.5514,5590931
16-03-2032,178874.1884,181427.9371,174557.6218,177771.7434,177771.7434,4849902
17-03-2032,175410.3387,180425.2043,168116.6142,175554.4676,175554.4676,1765210
18-03-2032,174965.5725,180477.614,173001.5901,175690.0389,175690.0389,1142496
19-03-2032,176348.5939,177506.1614,169635.9822,175334.1403,175334.1403,3018248
20-03-2032,186488.8675,191873.7323,180056.6566,187383.8455,187383.8455,2621294
21-03-2032,192935.5921,194673.9249,188205.7935,193359.643,193359.643,2560644
22-03-2032,189397.6859,194420.2821,183971.9866,189722.8307,189722.8307,2978548
23-03-2032,193287.5614,197163.0581,183456.6204,191793.5791,191793.5791,4073787
24-03-2032,196687.1668,197624.4947,194116.6308,195151.534,195151.534,2669484
25-03-2032,197249.381,210513.0658,194526.3879,198194.1585,198194.1585,6097337
26-03-2032,197712.1131,207953.2479,194440.2956,196781.2963,196781.2963,3091928
27-03-2032,198927.9838,201389.1523,197063.2483,200226.577,200226.577,3745636
28-03-2032,202371.0408,211579.4739,202593.1864,203719.6512,203719.6512,4022682
29-03-2032,202489.8875,208652.5267,199454.594,202723.8245,202723.8245,1961075
30-03-2032,201039.7281,208549.717,196684.1795,202947.7437,202947.7437,3263138
31-03-2032,202518.588,205953.2242,199625.0818,201601.3515,201601.3515,3777037
01-04-2032,203749.0204,203213.3295,199815.7848,202187.402,202187.402,3789911
02-04-2032,208368.1873,209787.3748,196928.4504,206759.8454,206759.8454,5832129
03-04-2032,205393.5866,215646.0668,200789.8672,204266.6998,204266.6998,3591510
04-04-2032,206554.0234,213619.5386,195655.7352,207776.8873,207776.8873,2764113
05-04-2032,213987.14,216942.1809,199936.6808,212123.2983,212123.2983,5249237
06-04-2032,214354.7612,224175.1281,212638.6154,216123.3474,216123.3474,6056662
07-04-2032,214078.389,216705.6957,213323.1579,215588.0844,215588.0844,5389599
08-04-2032,215854.1318,217500.0262,211922.7744,215284.0774,215284.0774,2838782
09-04-2032,216703.3185,220145.0945,214042.3377,216720.1426,216720.1426,2848465
10-04-2032,215778.275,216085.3513,204411.4729,214217.6034,214217.6034,3776523
11-04-2032,211248.9791,225589.8198,199226.874,211565.1995,211565.1995,3548850
12-04-2032,207334.6508,208868.7658,205366.3811,207005.9632,207005.9632,3664984
13-04-2032,203858.3431,210486.5978,198376.5906,205157.351,205157.351,3802568
14-04-2032,207883.8666,216659.5685,200723.0966,206705.1245,206705.1245,3089617
15-04-2032,204310.7032,215757.2084,199595.4933,205909.7898,205909.7898,2173265
16-04-2032,204795.1704,214431.6397,201830.6337,204369.0722,204369.0722,2765230
17-04-2032,197230.2843,202601.5804,191385.4438,196558.4182,196558.4182,3976848
18-04-2032,199108.8489,206218.7737,191547.6801,200887.715,200887.715,4911035
19-04-2032,200688.4572,204335.7886,200128.1761,200873.2265,200873.2265,2657467
20-04-2032,198798.7558,205512.6815,187314.3525,198306.699,198306.699,4373055
21-04-2032,202957.7771,208544.438,196002.8181,202019.78,202019.78,3055865
22-04-2032,201775.2656,211077.7027,198820.7488,203696.1451,203696.1451,4941416
23-04-2032,204553.2213,208939.7571,196533.3838,202695.1766,202695.1766,1529152
24-04-2032,199899.7835,201729.8817,195351.2125,199918.8374,199918.8374,3457115
25-04-2032,201475.6008,209252.783,189012.5789,199858.635,199858.635,4454768
26-04-2032,202634.7993,204169.2195,191225.2597,201517.0668,201517.0668,1695157
27-04-2032,199875.5493,206267.6868,192917.4128,201598.0863,201598.0863,2576683
28-04-2032,194924.3026,201685.7898,193010.3985,196125.2076,196125.2076,3757344
29-04-2032,199909.0311,199252.4707,192850.69,198407.9602,198407.9602,4580503
30-04-2032,200267.0002,211931.0653,191873.9957,200625.7633,200625.7633,3333392
01-05-2032,199837.0704,202421.1449,197247.0492,199995.0373,199995.0373,4833947
02-05-2032,199049.7055,202698.4036,197504.4393,200000.6322,200000.6322,2621835
03-05-2032,198344.5465,198797.4199,188240.8379,197090.4778,197090.4778,2523198
04-05-2032,204381.9392,204934.907,201320.67,203147.557,203147.557,6005822
05-05-2032,206893.0006,208858.8415,200367.0909,206751.055,206751.055,4165661
06-05-2032,212733.766,212650.6463,207146.0272,211289.3489,211289.3489,4233499
07-05-2032,213874.3859,217305.4197,204338.2843,212191.1723,212191.1723,4457963
08-05-2032,214775.6055,224391.3205,211617.8283,215263.0299,215263.0299,2483846
09-05-2032,210576.2858,213607.09,206441.0329,210541.5964,210541.5964,4998406
10-05-2032,209660.7259,216245.0036,207850.316,209959.1589,209959.1589,3955991
11-05-2032,213123.4243,221575.2881,202948.279,212930.4841,212930.4841,3214813
12-05-2032,216199.921,216281.9382,212861.5662,215517.3896,215517.3896,5824632
13-05-2032,219744.0458,221518.3886,210980.6234,217698.0924,217698.0924,5076405
14-05-2032,217316.9943,227217.1753,213047.5516,215705.3553,215705.3553,4298334
15-05-2032,217717.2412,223063.194,210071.7763,218844.4659,218844.4659,4832056
16-05-2032,217196.2369,223828.6834,207757.7802,215815.7079,215815.7079,2749062
17-05-2032,214991.9416,216997.7513,212516.6359,213430.6657,213430.6657,3416890
18-05-2032,207140.6384,207555.395,203834.347,205094.4984,205094.4984,4590714
19-05-2032,209549.5319,225237.193,209017.7892,211397.561,211397.561,3386272
20-05-2032,232164.2041,239340.1605,220042.0266,232108.5378,232108.5378,4598325
21-05-2032,237600.687,245222.1078,232811.3495,235291.9772,235291.9772,4054294
22-05-2032,232642.2108,241981.5475,226913.3744,230791.4963,230791.4963,3851295
23-05-2032,235970.0748,238062.3254,233615.1317,237038.5908,237038.5908,4957027
24-05-2032,245152.9493,254507.9328,244703.452,245845.5853,245845.5853,5047266
25-05-2032,243276.6103,249708.0492,235909.8416,243581.8372,243581.8372,3655743
26-05-2032,246726.2145,253456.9614,230571.8129,247247.3344,247247.3344,2540169
27-05-2032,237807.9004,244082.9634,228808.9651,239376.8066,239376.8066,3209790
28-05-2032,243482.272,247117.4961,225472.2286,243042.5233,243042.5233,3650005
29-05-2032,241188.3472,247709.5991,241847.4909,242699.802,242699.802,4706794
30-05-2032,244795.1342,248296.6898,234994.0853,243454.6088,243454.6088,4457614
31-05-2032,248519.874,248747.761,232748.1416,246809.0268,246809.0268,3016181
01-06-2032,249034.2221,259891.8963,237531.4292,248158.8664,248158.8664,3780535
02-06-2032,246671.6865,256478.0169,240404.1333,246278.6818,246278.6818,3644726
03-06-2032,250929.529,252558.6841,241844.3363,248640.7448,248640.7448,2910047
04-06-2032,241500.4258,247277.9105,242642.5257,243539.3162,243539.3162,5862046
05-06-2032,246091.2561,254657.8842,235486.5271,244844.6533,244844.6533,3283212
06-06-2032,243765.5614,244678.0603,238145.356,243204.9764,243204.9764,3441139
07-06-2032,250458.3333,265459.3612,241753.4705,248543.4529,248543.4529,3744035
08-06-2032,248774.331,251445.3129,243241.636,248319.0058,248319.0058,3201235
09-06-2032,252744.8292,266383.9497,244177.5206,252586.2029,252586.2029,3471025
10-06-2032,251083.3619,260744.4979,245538.3103,252230.0237,252230.0237,5510236
11-06-2032,255073.9113,260720.9609,244660.0418,255054.2106,255054.2106,3686769
12-06-2032,257210.0439,263780.2617,251390.6028,255931.9703,255931.9703,4132508
13-06-2032,258474.3956,262983.165,242870.8929,257772.6778,257772.6778,1772931
14-06-2032,261233.9284,263883.4156,247425.8803,259529.2913,259529.2913,4348313
15-06-2032,259078.2735,266414.8634,257611.4586,259566.6702,259566.6702,2464885
16-06-2032,262319.9478,270055.197,252118.9767,264285.4586,264285.4586,2625661
17-06-2032,266708.5345,284980.6065,264745.7601,267239.64,267239.64,2347788
18-06-2032,265963.5323,267805.4076,253306.5027,264695.9132,264695.9132,4879081
19-06-2032,254843.0089,260588.4081,248281.6569,255441.9924,255441.9924,2997650
20-06-2032,259793.4719,267413.8141,251620.6088,262167.7256,262167.7256,4084229
21-06-2032,257192.1013,263241.06,257972.4332,259392.7335,259392.7335,4879097
22-06-2032,261889.3761,279082.0948,258065.4516,262921.8281,262921.8281,3542085
23-06-2032,258477.0988,268483.4192,257313.3415,259402.4549,259402.4549,3944366
24-06-2032,262402.2347,270758.4009,253870.1304,260207.6988,260207.6988,3423382
25-06-2032,266462.6883,275753.5376,260731.0082,265767.3437,265767.3437,3142000
26-06-2032,268276.2605,277799.7283,249157.7287,265854.7026,265854.7026,2808113
27-06-2032,264934.2736,271310.7091,258710.924,267574.9222,267574.9222,4229725
28-06-2032,270616.6882,279114.0316,266112.5415,269093.7881,269093.7881,3785564
29-06-2032,274294.6814,285069.195,269141.3669,274463.4254,274463.4254,2771951
30-06-2032,275345.7299,277837.1248,264424.614,274968.4267,274968.4267,3909285
01-07-2032,275422.7538,280300.1324,260296.3523,275499.6475,275499.6475,1496192
02-07-2032,278083.045,288754.8594,275689.1911,278495.8237,278495.8237,2345774
03-07-2032,265967.1653,269829.5073,265274.016,266989.4576,266989.4576,4043505
04-07-2032,268071.9416,270643.3801,261053.8728,265784.505,265784.505,3176223
05-07-2032,264786.6153,275935.1775,265947.2886,267141.9094,267141.9094,5039863
06-07-2032,275287.0848,283754.4257,268306.9764,275546.9299,275546.9299,4346662
07-07-2032,272719.8473,276052.6236,259028.4251,273485.1533,273485.1533,4738405
08-07-2032,274253.9726,281776.5765,274408.1279,276616.949,276616.949,4648934
09-07-2032,278782.5143,287741.9384,276323.946,281174.3273,281174.3273,2655380
10-07-2032,285540.3139,295055.3375,277677.3835,285153.484,285153.484,2631736
11-07-2032,289994.1778,296737.7493,274639.4191,291693.4006,291693.4006,2742638
12-07-2032,294326.1529,308084.6785,286893.7596,293883.8596,293883.8596,3871626
13-07-2032,288698.7248,293861.8011,281137.3186,289161.677,289161.677,4490398
14-07-2032,292732.1221,304748.6151,271799.1697,293021.5665,293021.5665,4454311
15-07-2032,294741.9411,301518.9954,289885.9861,293713.6083,293713.6083,2360314
16-07-2032,296467.2296,301272.2462,296393.6431,297617.4151,297617.4151,3714231
17-07-2032,293550.2055,309293.6422,279882.8179,295955.6403,295955.6403,4093192
18-07-2032,292394.0707,294144.3625,287253.5128,289546.4664,289546.4664,4138203
19-07-2032,291387.6935,312772.4323,288070.3843,292206.2864,292206.2864,2985639
20-07-2032,292974.5224,297405.8383,281409.3015,291680.7153,291680.7153,4441895
21-07-2032,294187.4367,292736.9227,277229.1594,291283.911,291283.911,3437374
22-07-2032,290058.1083,296632.4426,290318.8738,292845.1525,292845.1525,2206668
23-07-2032,291078.1242,291951.7834,286053.4792,290590.7282,290590.7282,4668668
24-07-2032,273428.562,274135.2276,256214.4549,272096.224,272096.224,2969257
25-07-2032,277417.588,286541.3696,269298.9245,275845.278,275845.278,4469256
26-07-2032,270161.9936,274070.5983,265749.4934,269900.804,269900.804,3555567
27-07-2032,271680.1771,282499.5399,259995.1506,270525.2796,270525.2796,4812725
28-07-2032,268532.776,283166.399,257576.0469,270769.2385,270769.2385,4476460
29-07-2032,267292.2829,277261.6088,256991.9885,268714.3683,268714.3683,3653239
30-07-2032,274125.4344,279931.429,267804.3142,272263.4935,272263.4935,3701911
31-07-2032,273424.7452,277518.7803,265492.3268,271318.1345,271318.1345,4328763
01-08-2032,275028.9033,292718.7006,269230.4918,274259.3717,274259.3717,4527916
02-08-2032,274199.6158,280324.607,257355.3843,271964.648,271964.648,2363779
03-08-2032,271858.013,279835.8094,269828.0431,273084.9115,273084.9115,6079937
04-08-2032,273980.2344,281145.0307,257412.8884,271388.3306,271388.3306,1362038
05-08-2032,260086.9504,266477.6359,255558.6345,261258.5397,261258.5397,4908094
06-08-2032,258569.1888,271217.3691,257800.8432,260316.6443,260316.6443,2053323
07-08-2032,268242.3753,273040.564,262285.1848,265762.1159,265762.1159,4412072
08-08-2032,261945.3678,281715.1215,260830.4882,262607.4995,262607.4995,4548247
09-08-2032,259011.9772,270961.1233,255780.6594,260660.3063,260660.3063,4428444
10-08-2032,272857.6829,273487.3633,265591.167,270344.9483,270344.9483,3973830
11-08-2032,272673.5089,285460.8619,269794.4974,273857.6362,273857.6362,4239491
12-08-2032,279705.3693,284097.5517,259103.98,278836.2271,278836.2271,4759689
13-08-2032,275573.7851,281206.7967,268133.3964,278204.9029,278204.9029,3445394
14-08-2032,277914.7289,279883.935,266679.9492,276149.1264,276149.1264,4383231
15-08-2032,271584.6824,286529.5647,270887.3273,272623.236,272623.236,3341172
16-08-2032,273456.6197,280692.6408,268452.0414,271525.1396,271525.1396,4001728
17-08-2032,274273.915,283277.1486,274188.5062,276262.0606,276262.0606,3071295
18-08-2032,264087.6765,270601.5012,259092.6221,266686.5371,266686.5371,4711914
19-08-2032,260656.3614,266816.6607,256057.1966,259872.7853,259872.7853,2609469
20-08-2032,263695.2307,273138.2596,262449.969,265961.9413,265961.9413,4074525
21-08-2032,262701.1243,279698.9374,258052.9638,265142.7904,265142.7904,3513494
22-08-2032,266353.9512,278488.8642,259546.2845,265062.9468,265062.9468,3451296
23-08-2032,270170.6914,270877.8147,251616.894,269255.2559,269255.2559,4339033
24-08-2032,269376.976,281578.6336,266271.772,268910.7106,268910.7106,4736234
25-08-2032,266996.4589,275825.7382,260466.2239,266898.1348,266898.1348,3803069
26-08-2032,265902.0476,266434.1106,246961.4827,264433.97,264433.97,3381495
27-08-2032,264531.9908,265678.2294,257061.7842,263186.5714,263186.5714,3928363
28-08-2032,262952.2962,270720.8217,252301.4688,264436.4406,264436.4406,3181540
29-08-2032,265291.522,276346.3868,254404.6164,266672.3611,266672.3611,2831827
30-08-2032,266705.1566,273284.5091,253892.0229,266912.8455,266912.8455,2517200
31-08-2032,259743.8473,270860.2746,243179.9138,261044.7779,261044.7779,3567188
01-09-2032,257831.0206,261012.1627,247473.7286,256850.26,256850.26,3789531
02-09-2032,255856.0924,263171.0882,249807.6114,255895.0068,255895.0068,3655317
03-09-2032,255998.3758,263397.5005,244899.9127,255565.6491,255565.6491,3990818
04-09-2032,257247.0309,265703.1522,251054.9654,256418.7351,256418.7351,3815060
05-09-2032,250613.0243,254631.6506,239242.6111,252728.009,252728.009,4027502
06-09-2032,252881.7288,261891.607,245904.6644,254972.7781,254972.7781,2564616
07-09-2032,253186.1519,259941.6666,237934.2485,252086.9721,252086.9721,4753007
08-09-2032,254834.0816,263679.5619,239081.7615,256470.698,256470.698,3649117
09-09-2032,253340.254,258087.011,249043.8923,255040.5468,255040.5468,3247305
10-09-2032,251280.943,251372.847,244697.9161,250529.2063,250529.2063,3841762
11-09-2032,254247.0151,262683.6907,250532.0781,254240.1466,254240.1466,2586534
12-09-2032,256410.018,266263.1036,256393.8312,258006.0549,258006.0549,4477472
13-09-2032,278397.4271,283078.5035,272261.4262,275737.3245,275737.3245,1083012
14-09-2032,273988.239,280130.2771,264288.7058,274373.832,274373.832,1920950
15-09-2032,270181.1664,279138.0682,265070.0749,272156.7269,272156.7269,4955988
16-09-2032,269757.3984,278056.9068,264291.951,268390.1393,268390.1393,3492764
17-09-2032,273599.1806,285247.1826,270819.891,275085.7293,275085.7293,4425163
18-09-2032,269498.4962,272698.5127,269115.1706,270960.0692,270960.0692,2187541
19-09-2032,278509.0248,287306.9541,276257.5375,278501.1804,278501.1804,1426509
20-09-2032,283835.26,294505.8845,283603.8448,285713.1934,285713.1934,4473744
21-09-2032,287199.3249,290770.1058,272920.7388,287123.096,287123.096,3868203
22-09-2032,289728.1648,295665.5703,274263.8737,291334.9639,291334.9639,4825401
23-09-2032,295112.1062,307356.9256,279253.0458,297307.7706,297307.7706,3474084
24-09-2032,297329.4904,308463.1465,288117.5082,294870.1451,294870.1451,3580070
25-09-2032,298119.194,310699.3176,299419.1006,301122.6666,301122.6666,4257019
26-09-2032,303888.952,304696.7854,291961.8633,302069.3909,302069.3909,3648906
27-09-2032,347715.5186,355159.166,342259.871,344755.2274,344755.2274,3909525
28-09-2032,348998.3233,361885.5153,343559.4641,348480.5823,348480.5823,3032618
29-09-2032,353138.777,358787.5209,344464.3751,350246.5178,350246.5178,4938954
30-09-2032,347467.0987,364758.8664,344825.551,350027.4009,350027.4009,3867749
01-10-2032,347609.3762,353523.8116,343196.7785,350077.8139,350077.8139,4305410
02-10-2032,350021.73,369489.2869,346065.1112,351298.5459,351298.5459,3837629
03-10-2032,349064.616,367126.018,349269.1518,351630.982,351630.982,3253147
04-10-2032,347378.1318,357905.4015,346031.545,348511.2497,348511.2497,2935685
05-10-2032,348621.013,358579.916,332454.5525,347692.8562,347692.8562,3199409
06-10-2032,353322.5602,354400.8618,333109.7784,349917.4449,349917.4449,4190864
07-10-2032,356062.1469,362516.202,352339.2107,353924.4996,353924.4996,451122
08-10-2032,352411.6585,359862.7405,340885.2666,349796.4952,349796.4952,4032991
09-10-2032,341839.1038,346839.9541,329936.8305,338733.7748,338733.7748,3666566
10-10-2032,337803.9612,343072.0036,327114.9652,337220.7967,337220.7967,3569800
11-10-2032,332834.2863,335598.749,324714.3226,330999.7521,330999.7521,4111320
12-10-2032,330837.4685,344979.8873,324161.3895,332151.1032,332151.1032,5386270
13-10-2032,295563.3184,300142.1681,293079.2674,295623.6245,295623.6245,3473518
14-10-2032,297686.4067,304339.518,293842.87,296210.3027,296210.3027,3389176
15-10-2032,300989.8799,312523.0053,290795.8019,301392.6813,301392.6813,3056852
16-10-2032,306299.875,305473.067,298592.0307,303428.4255,303428.4255,4033516
17-10-2032,311687.3833,321994.0577,301373.3334,308931.1669,308931.1669,4934053
18-10-2032,310319.2224,317171.1613,298931.5766,310591.5405,310591.5405,4165535
19-10-2032,310232.9157,325378.7731,298538.4483,309676.732,309676.732,4078938
20-10-2032,311135.3695,325590.2195,310545.2915,312990.1044,312990.1044,3531023
21-10-2032,318598.9341,339999.5273,315572.2363,320514.3347,320514.3347,3643866
22-10-2032,326872.8916,328546.9978,322592.4079,325087.0279,325087.0279,3590604
23-10-2032,327281.5111,341432.2983,324746.2654,328028.7806,328028.7806,4830942
24-10-2032,333959.4897,355162.8638,327239.693,331174.9101,331174.9101,3523157
25-10-2032,330373.1859,335409.5765,325149.8725,329747.227,329747.227,3296181
26-10-2032,337743.9815,336597.3265,331597.9744,335179.9486,335179.9486,2667861
27-10-2032,336594.202,349798.7835,326324.4589,337388.7033,337388.7033,2793893
28-10-2032,340589.4453,345037.5412,330281.854,337455.5127,337455.5127,3267635
29-10-2032,334468.647,337853.2408,325251.0045,334361.7808,334361.7808,4485405
30-10-2032,330634.6217,332779.2592,324950.1231,329448.8877,329448.8877,5318840
31-10-2032,336379.8377,346353.8138,329264.3124,334222.2431,334222.2431,3966403
01-11-2032,343870.4095,354895.7717,330048.4279,341395.1841,341395.1841,3166143
02-11-2032,344524.8801,347511.0783,333020.7411,344171.8395,344171.8395,5661519
03-11-2032,344723.9014,347728.9992,344178.3216,345319.5768,345319.5768,4589832
04-11-2032,356208.5312,357936.1879,349477.4208,356019.3314,356019.3314,3143304
05-11-2032,361851.0651,376742.6474,341390.9692,358295.0672,358295.0672,4126517
06-11-2032,350554.7587,370391.9182,335547.7323,349999.8034,349999.8034,4943291
07-11-2032,336107.4975,338595.1941,333379.5324,336520.5535,336520.5535,2819920
08-11-2032,337131.6061,350217.5074,329437.4196,335042.2163,335042.2163,2668567
09-11-2032,345484.1121,345712.9396,332059.8087,343718.4051,343718.4051,3714659
10-11-2032,339868.6916,342840.0115,327177.792,336578.6413,336578.6413,4142163
11-11-2032,335050.5849,342966.3974,330180.0374,335436.4294,335436.4294,4474876
12-11-2032,345841.2656,352425.3282,326649.4364,343296.1394,343296.1394,5881556
13-11-2032,342284.6145,363105.8298,337239.2674,345210.148,345210.148,2842417
14-11-2032,341040.9759,349498.0251,334905.4536,338487.2316,338487.2316,1524843
15-11-2032,339709.3064,346576.7481,335999.1073,338385.3015,338385.3015,4902849
16-11-2032,334619.5391,342035.2419,325819.5155,335044.7326,335044.7326,4165793
17-11-2032,338778.4869,342286.1049,328235.6384,340385.2031,340385.2031,3756804
18-11-2032,340418.1661,349990.7881,336257.6784,342214.6287,342214.6287,3252912
19-11-2032,347457.2454,355068.8037,337320.6663,347323.1609,347323.1609,3869920
20-11-2032,355680.2097,359914.6234,349474.2352,352864.5445,352864.5445,2342460
21-11-2032,354324.5683,364947.9512,348298.4218,355786.3795,355786.3795,4640539
22-11-2032,365539.9709,380730.2965,357444.7561,363388.1758,363388.1758,2772740
23-11-2032,362795.8475,366502.6387,355631.0905,360322.9741,360322.9741,4819790
24-11-2032,358789.8973,375230.6759,354724.1315,361512.3344,361512.3344,4209716
25-11-2032,352245.6792,367022.5981,333393.9408,350208.9812,350208.9812,2700280
26-11-2032,355620.8739,361349.4116,335373.0688,353759.1421,353759.1421,3478074
27-11-2032,356027.2285,366018.4359,353646.9164,358636.3444,358636.3444,5296631
28-11-2032,341361.51,344369.6295,340201.2075,342747.8571,342747.8571,2722062
29-11-2032,340142.1817,343296.7658,331241.308,338513.542,338513.542,1622847
30-11-2032,340080.9835,358933.8375,331006.3517,338411.6039,338411.6039,4060998
01-12-2032,331961.1282,338857.9416,320888.0633,333259.752,333259.752,6000163
02-12-2032,338108.6522,347055.3416,337049.0193,339909.7903,339909.7903,4275900
03-12-2032,339556.3785,345895.0656,326252.2343,337129.7534,337129.7534,3744361
04-12-2032,336969.9524,348605.4862,322777.8629,336480.5833,336480.5833,3492903
05-12-2032,335754.0973,347794.7057,326720.1444,334184.4241,334184.4241,2986524
06-12-2032,325782.1406,333519.6451,323613.5745,327971.8677,327971.8677,4666554
07-12-2032,321753.0676,333765.7165,320476.9593,324780.2202,324780.2202,4883244
08-12-2032,326698.0189,329887.6223,322369.2541,326931.2688,326931.2688,3660171
09-12-2032,334441.9719,333883.9351,329231.2186,331719.5896,331719.5896,4070773
10-12-2032,334884.5558,344163.3972,327211.2079,335843.8476,335843.8476,2040099
11-12-2032,332567.5098,341470.3094,327605.8709,329797.7155,329797.7155,3842590
12-12-2032,330632.3472,352997.3164,328789.5423,333020.739,333020.739,5332536
13-12-2032,334618.6519,351995.7197,327108.2674,334887.6867,334887.6867,3329323
14-12-2032,322178.149,331816.5319,318141.9096,324293.4717,324293.4717,3825677
15-12-2032,315371.4041,323624.1402,305370.0291,316954.5215,316954.5215,3352417
16-12-2032,314294.61,323275.0767,308336.6572,316998.8166,316998.8166,5522195
17-12-2032,318653.603,337003.2502,310685.098,318944.7144,318944.7144,3625162
18-12-2032,317614.8964,322684.1603,314583.0536,318278.4523,318278.4523,2805177
19-12-2032,321273.2391,327097.8382,308935.342,322986.6509,322986.6509,3522398
20-12-2032,321326.8445,335638.4814,306441.8313,319147.9961,319147.9961,3900436
21-12-2032,323142.2928,329956.4456,316156.591,324611.7497,324611.7497,2204194
22-12-2032,331251.9791,336099.0094,320976.6117,328032.5328,328032.5328,4358266
23-12-2032,352960.2558,362585.6531,331429.5428,352228.5945,352228.5945,4705244
24-12-2032,346629.8303,363967.8297,337121.8612,346420.6503,346420.6503,4908650
25-12-2032,352059.0097,368408.8574,350071.0904,353667.3011,353667.3011,3543003
26-12-2032,349196.2275,358907.1284,344984.587,349804.1446,349804.1446,1706989
27-12-2032,350467.2896,356937.0239,341930.2715,350103.7997,350103.7997,3607111
28-12-2032,347568.385,348693.9058,341334.7533,346405.2598,346405.2598,3011876
29-12-2032,344360.5746,350921.6795,336013.3851,347761.1892,347761.1892,5109220
30-12-2032,347297.9821,356642.0934,333076.1049,348294.7146,348294.7146,1772816
31-12-2032,342297.9679,348398.8386,321537.2551,343907.4616,343907.4616,4833927
01-01-2033,334579.2492,351308.4161,333861.9508,336979.109,336979.109,3390589
02-01-2033,337678.9483,351123.8005,334923.88,338921.3382,338921.3382,3427614
03-01-2033,336885.1095,346508.4403,326558.9848,339057.6009,339057.6009,3934309
04-01-2033,342085.6962,354765.8929,333807.6816,343264.5369,343264.5369,5003137
05-01-2033,340204.2192,352259.6595,329418.1294,341944.8535,341944.8535,1797764
06-01-2033,347556.192,363016.5592,345050.3805,347910.2891,347910.2891,3325863
07-01-2033,346858.8459,355487.058,336096.8537,349287.2767,349287.2767,6567340
08-01-2033,345034.3832,350654.8156,338754.0378,345300.5467,345300.5467,3660367
09-01-2033,354593.4323,368386.079,341242.5542,357848.7612,357848.7612,3514980
10-01-2033,358250.8358,374097.2281,349345.7569,360928.3939,360928.3939,4784553
11-01-2033,360724.6663,374497.5713,359665.9098,362119.7525,362119.7525,2414960
12-01-2033,368614.4224,381199.9013,357459.3029,366446.535,366446.535,1730214
13-01-2033,370427.3707,375332.2641,362519.3814,366918.2412,366918.2412,3857029
14-01-2033,371921.0544,372687.7603,367225.3215,369054.4467,369054.4467,4294612
15-01-2033,364141.7088,373927.1346,348898.1741,366468.5628,366468.5628,1665281
16-01-2033,365508.1328,380390.7396,343580.5512,365970.0167,365970.0167,3643441
17-01-2033,355718.543,374085.9206,347081.8904,358688.256,358688.256,2489009
18-01-2033,361008.7584,371903.0597,347354.108,360846.6675,360846.6675,2614251
19-01-2033,368874.6644,371827.1386,359568.6628,367711.238,367711.238,2763917
20-01-2033,365743.8259,375074.6124,362270.3509,366253.2411,366253.2411,4439776
21-01-2033,368431.8771,380578.8082,358509.7557,371721.9245,371721.9245,4132807
22-01-2033,373008.6484,379525.8513,359461.6129,373090.9628,373090.9628,5286080
23-01-2033,376402.2126,390614.7434,354944.6923,373427.4152,373427.4152,3258894
24-01-2033,370240.1851,375435.4453,359053.6095,370608.4286,370608.4286,4146552
25-01-2033,376666.059,389864.2298,369653.3213,379292.264,379292.264,4092498
26-01-2033,383994.6981,391382.305,361173.9977,380654.942,380654.942,5175852
27-01-2033,381126.1492,402682.2256,369241.3511,382144.9345,382144.9345,4042971
28-01-2033,386389.0114,404094.179,363434.987,385780.8101,385780.8101,4120069
29-01-2033,387499.1047,398979.5933,372131.9987,387126.0394,387126.0394,5513984
30-01-2033,381990.5726,388794.1555,375072.3931,385567.7188,385567.7188,3592525
31-01-2033,382438.5117,393043.6495,378483.3466,385260.292,385260.292,4850503
01-02-2033,386892.1259,410409.3315,381906.7422,386306.7219,386306.7219,1620576
02-02-2033,379801.8988,401570.5379,373845.5732,382814.5463,382814.5463,4110450
03-02-2033,385053.7086,389406.6011,383486.9486,387485.5389,387485.5389,3016975
04-02-2033,388244.7023,389866.9112,380041.1295,388453.7323,388453.7323,4252093
05-02-2033,395534.8286,399151.7412,371212.2918,393273.5623,393273.5623,3647532
06-02-2033,392449.0578,406055.7864,373551.5266,392360.9603,392360.9603,5816492
07-02-2033,396991.0977,398509.4882,385879.0248,393150.7287,393150.7287,4206030
08-02-2033,391991.0573,401402.4018,374779.529,389327.8711,389327.8711,2377420
09-02-2033,382188.3632,398203.369,375205.6522,385764.0912,385764.0912,3386739
10-02-2033,388846.4712,403407.4109,383107.7157,387282.9553,387282.9553,3379090
11-02-2033,379264.6621,388557.7143,374177.6999,382979.9372,382979.9372,4575484
12-02-2033,383348.7864,395114.862,371622.8876,381086.141,381086.141,3555583
13-02-2033,383272.6202,390236.2373,378149.0597,384659.5323,384659.5323,3714408
14-02-2033,386740.1992,405297.6665,369907.2662,384096.3972,384096.3972,3795462
15-02-2033,384452.6349,388442.7812,379090.6034,385892.1825,385892.1825,3542795
16-02-2033,400803.7031,409218.6724,391228.1983,400225.979,400225.979,4037442
17-02-2033,391103.0841,398505.0231,383411.3369,394372.1807,394372.1807,2441402
18-02-2033,402132.4875,417710.3754,389736.8554,403002.617,403002.617,3500443
19-02-2033,398180.3003,409593.3111,376335.4846,399305.1642,399305.1642,5213760
20-02-2033,394343.0437,403885.83,381354.6218,397038.8498,397038.8498,3638081
21-02-2033,399959.9661,406070.7378,379989.192,400413.1797,400413.1797,3180089
22-02-2033,398698.7584,406379.2831,395062.6023,402579.9386,402579.9386,3924356
23-02-2033,402156.8573,417198.5646,398832.7346,402949.1943,402949.1943,5896755
24-02-2033,402456.881,406280.0947,390934.8219,402790.1728,402790.1728,3092981
25-02-2033,398894.3968,417230.8333,382288.5994,399733.0945,399733.0945,4357633
26-02-2033,382764.7089,397988.9659,373280.4495,386352.7409,386352.7409,2878260
27-02-2033,391223.4655,403886.3808,383848.6586,391505.8942,391505.8942,1154972
28-02-2033,402483.3661,413070.0056,392214.3288,400618.4399,400618.4399,4525454
01-03-2033,399572.2546,420710.5102,388540.5798,400510.7866,400510.7866,2293941
02-03-2033,400833.2782,413313.2739,399737.5156,401756.3924,401756.3924,4234656
03-03-2033,416392.1284,428818.0881,406164.6991,418481.9886,418481.9886,2570180
04-03-2033,424010.3034,433220.1957,415141.5894,424572.0612,424572.0612,3705339
05-03-2033,435734.9155,444001.7861,430144.0307,434815.3208,434815.3208,2982181
06-03-2033,435786.1675,442001.806,429345.3662,433921.2361,433921.2361,4999028
07-03-2033,421499.4677,432319.0974,406291.779,424498.2221,424498.2221,4055847
08-03-2033,426257.252,440317.5169,418304.4292,426442.0966,426442.0966,2315924
09-03-2033,430508.0482,432755.8998,421203.9226,426679.6691,426679.6691,2439405
10-03-2033,432687.8501,436075.0299,419824.6324,434123.3551,434123.3551,3893084
11-03-2033,439756.9813,449515.4343,432043.5505,438448.6229,438448.6229,2980699
12-03-2033,447716.1934,461809.1071,427065.3618,450612.6858,450612.6858,4100427
13-03-2033,454447.2682,474767.6894,436520.8967,453996.5424,453996.5424,1622835
14-03-2033,453068.0652,463556.2368,440948.6902,453826.9354,453826.9354,5827653
15-03-2033,459316.0654,468484.3062,438089.36,454862.9889,454862.9889,4343169
16-03-2033,458365.82,462504.8614,428414.1496,455560.8267,455560.8267,4983224
17-03-2033,441742.0678,449247.6072,433610.6801,437767.5483,437767.5483,3472468
18-03-2033,445729.0679,460186.6061,419456.9777,443189.5587,443189.5587,3431009
19-03-2033,447459.1924,466788.5988,432936.7797,449419.8012,449419.8012,3416039
20-03-2033,444457.1592,459498.4786,438583.2489,447513.3062,447513.3062,3454107
21-03-2033,442763.8351,450236.5459,440684.9417,446404.9702,446404.9702,3196016
22-03-2033,445149.7315,454217.7948,440576.516,444197.5439,444197.5439,3443823
23-03-2033,445484.4857,471963.5515,441528.5774,449742.9888,449742.9888,3838584
24-03-2033,454827.6604,458347.5649,438878.6515,456032.448,456032.448,5265733
25-03-2033,456221.1887,486528.3774,449721.6355,460591.3317,460591.3317,2617920
26-03-2033,465453.332,468975.1146,461056.4475,463413.4643,463413.4643,3403902
27-03-2033,466952.173,491425.0698,449002.608,469081.8076,469081.8076,3163042
28-03-2033,469312.8711,485208.5214,441686.6084,468101.9826,468101.9826,4170206
29-03-2033,457171.4697,476434.4896,441559.3989,460577.5487,460577.5487,3326202
30-03-2033,470514.7245,478631.7402,454671.0766,466080.7526,466080.7526,3871570
31-03-2033,461940.3681,481794.2737,456031.7522,466508.2529,466508.2529,3193706
01-04-2033,465326.6418,491960.1108,448519.6443,466697.0871,466697.0871,2108008
02-04-2033,473958.0736,480478.3327,451243.7767,473360.0847,473360.0847,2165933
03-04-2033,481907.3677,491730.6923,480812.4893,483428.5726,483428.5726,3896350
04-04-2033,460006.8146,462690.9589,424363.7654,455605.4311,455605.4311,4889250
05-04-2033,451466.9974,461413.0063,453733.2992,455857.4976,455857.4976,4186286
06-04-2033,479240.1442,495848.8635,446124.9602,474835.3871,474835.3871,5793638
07-04-2033,471796.2028,483551.352,458155.5926,473906.9477,473906.9477,3515007
08-04-2033,483488.4067,499243.4371,476338.8733,483838.5606,483838.5606,5327178
09-04-2033,481188.0112,504797.0156,477639.2686,481556.1779,481556.1779,2847537
10-04-2033,486740.5258,519852.6632,485666.4341,489635.8942,489635.8942,4399596
11-04-2033,496734.3812,502641.5903,478190.2166,491863.8177,491863.8177,4441452
12-04-2033,486070.3352,494135.9072,474576.5851,486126.9558,486126.9558,1938281
13-04-2033,481929.4607,506586.8318,475988.1288,480426.7549,480426.7549,3927916
14-04-2033,463707.0321,473491.7875,453544.57,467111.8139,467111.8139,3117611
15-04-2033,456530.7336,462913.6539,432505.6454,458174.0566,458174.0566,3013745
16-04-2033,449790.4108,466719.6387,439535.6927,453932.1251,453932.1251,2486015
17-04-2033,448010.3045,453710.1555,443114.859,450341.3466,450341.3466,4049839
18-04-2033,464470.7487,469793.196,448156.362,461910.9946,461910.9946,3955009
19-04-2033,466670.9083,481008.3194,453031.2765,468011.822,468011.822,3875990
20-04-2033,479320.2888,489761.4971,463144.4681,477330.6679,477330.6679,2264439
21-04-2033,466541.2241,473738.1374,454353.1031,470698.0209,470698.0209,4344873
22-04-2033,475201.6506,483869.4341,451964.8979,471666.8869,471666.8869,3502100
23-04-2033,460634.3354,468728.9778,457896.7696,464259.8961,464259.8961,3240196
24-04-2033,465816.7091,473547.6993,446972.5704,464571.3983,464571.3983,3372348
25-04-2033,467078.4571,484998.3309,445932.4543,469201.8037,469201.8037,5054446
26-04-2033,476292.3896,497764.9344,461690.2913,475445.2487,475445.2487,4366345
27-04-2033,489604.9597,487297.4603,461183.1993,485799.4031,485799.4031,3760283
28-04-2033,494076.9012,505402.2704,490305.8486,493482.9411,493482.9411,1969359
29-04-2033,489908.0023,511291.8065,479026.2637,489764.9523,489764.9523,1813298
30-04-2033,505397.8553,532273.3559,503529.6979,509146.6879,509146.6879,3843148
01-05-2033,502544.3879,529337.4537,484170.243,503967.0374,503967.0374,4116180
02-05-2033,488600.4186,504601.1556,484928.2171,493178.0906,493178.0906,3399963
03-05-2033,484159.2555,493215.3994,467738.0852,484299.5004,484299.5004,3634486
04-05-2033,494339.4182,508934.3768,490698.4136,493553.4586,493553.4586,2506023
05-05-2033,489187.5019,493762.6022,475747.8262,489035.6318,489035.6318,5206819
06-05-2033,489893.6407,492155.09,483865.3357,488156.0374,488156.0374,2199221
07-05-2033,496947.3088,503600.1699,494290.7916,498871.3178,498871.3178,3617286
08-05-2033,512981.0437,524526.0653,482467.3351,517000.2908,517000.2908,1934591
09-05-2033,520987.0095,532722.4149,501244.9003,524316.8377,524316.8377,3066724
10-05-2033,529417.5172,546190.8229,531100.3741,533706.5935,533706.5935,4328535
11-05-2033,541911.0491,561082.93,516608.0232,540353.4162,540353.4162,4348222
12-05-2033,537412.6606,543730.8851,532060.0055,537224.45,537224.45,3740147
13-05-2033,536842.9318,565028.1153,535856.3021,541798.3865,541798.3865,3019464
14-05-2033,533645.3393,546890.7413,513999.0071,533920.2957,533920.2957,3339326
15-05-2033,532288.9726,531377.3972,505876.6219,527660.2134,527660.2134,4445414
16-05-2033,540178.9731,556143.6675,526764.144,537229.4477,537229.4477,4030248
17-05-2033,536463.6613,544044.5018,523367.938,540778.1668,540778.1668,6672167
18-05-2033,522159.0002,545214.4836,495046.0166,524184.4183,524184.4183,4109150
19-05-2033,528094.6023,533698.3123,526633.7965,530361.9919,530361.9919,4839786
20-05-2033,533806.3246,564675.5141,509566.0762,538046.3592,538046.3592,6047380
21-05-2033,547638.551,554259.6164,507812.443,543029.1821,543029.1821,3892223
22-05-2033,540119.2086,538031.7094,532322.2292,535483.6353,535483.6353,2778295
23-05-2033,524299.2181,551143.6628,517096.6951,523671.7018,523671.7018,5938686
24-05-2033,519934.1119,535982.1238,508501.1894,522247.7478,522247.7478,2958345
25-05-2033,517828.4344,550206.8348,508159.9994,519858.7361,519858.7361,4173480
26-05-2033,512519.1301,524663.5068,478237.5161,507879.2897,507879.2897,2136163
27-05-2033,489617.2184,501615.4931,461891.9648,493536.2689,493536.2689,3349986
28-05-2033,493175.3299,524850.2093,479946.9553,488986.0437,488986.0437,2802790
29-05-2033,488733.2328,502700.3959,456557.3964,485539.5211,485539.5211,4483152
30-05-2033,487629.7243,504499.727,470145.5009,482974.1725,482974.1725,2970772
31-05-2033,490805.2867,497790.242,474305.2814,493896.5744,493896.5744,4982362
01-06-2033,504580.1068,507499.4116,499135.1858,501052.5975,501052.5975,4396170
02-06-2033,495159.1556,525125.5661,486649.3915,500151.389,500151.389,4118672
03-06-2033,493870.6343,516791.1839,474480.9775,498190.8061,498190.8061,3508609
04-06-2033,499119.447,507459.3784,477145.7356,498754.6941,498754.6941,3142283
05-06-2033,505699.5976,506674.6875,467602.4387,501864.8272,501864.8272,4359072
06-06-2033,499266.285,508079.8443,482669.5948,503488.2638,503488.2638,3705674
07-06-2033,504348.3567,516242.9407,499622.0251,503967.0379,503967.0379,3436206
08-06-2033,497636.9541,529756.3815,478791.4444,501503.5354,501503.5354,3166775
09-06-2033,508427.7421,535014.8846,506398.2786,510283.9453,510283.9453,5046127
10-06-2033,509479.6304,528271.2865,501853.1049,510899.4316,510899.4316,1994933
11-06-2033,504413.2987,516639.3363,502641.862,507941.0214,507941.0214,0
12-06-2033,514050.5488,526635.7578,500111.1866,516492.0156,516492.0156,3101572
13-06-2033,510659.1994,527197.461,511756.9132,515627.87,515627.87,2623726
14-06-2033,520789.6072,522420.3816,493846.3681,516845.6509,516845.6509,3446095
15-06-2033,529793.1834,537782.9808,510711.8477,527817.7765,527817.7765,4152503
16-06-2033,531582.8326,544231.4412,506974.7229,527644.7168,527644.7168,4754395
17-06-2033,532897.3403,564769.199,530887.4536,536920.1573,536920.1573,3705424
18-06-2033,555750.4915,583381.2775,553094.5103,559272.7816,559272.7816,4158970
19-06-2033,552772.7731,583794.8147,547128.3485,558139.8522,558139.8522,3556964
20-06-2033,565745.1859,576240.8657,545040.9987,562863.887,562863.887,2908735
21-06-2033,562711.234,602260.8284,553347.6877,562734.8927,562734.8927,6023519
22-06-2033,565738.9933,574300.7708,559140.1557,568296.2587,568296.2587,3135509
23-06-2033,575807.2302,586882.6259,565071.0402,578365.3073,578365.3073,3283975
24-06-2033,583310.9572,619351.3,564181.9267,584032.5768,584032.5768,4813962
25-06-2033,574815.7103,590410.3659,540852.3673,572369.4592,572369.4592,6632122
26-06-2033,580313.1967,592594.0015,568881.4816,579703.1107,579703.1107,2183586
27-06-2033,581320.7216,599288.6493,561433.7313,580505.3556,580505.3556,2754230
28-06-2033,574879.5467,594284.4051,554744.8395,580335.4818,580335.4818,2212706
29-06-2033,594063.4453,609539.9502,574268.8984,590304.2755,590304.2755,3327910
30-06-2033,602349.433,600815.1455,572362.0312,597786.926,597786.926,4082327
01-07-2033,601642.127,611294.795,576267.3127,604821.9314,604821.9314,3248423
02-07-2033,594438.5336,625482.0442,578394.972,599131.8675,599131.8675,4193265
03-07-2033,596581.4857,602720.1136,568837.2411,592215.4831,592215.4831,4634361
04-07-2033,592851.3141,608639.8404,577052.942,589170.1066,589170.1066,4845114
05-07-2033,579929.6461,600896.7209,574123.1416,584605.3088,584605.3088,5591342
06-07-2033,592975.8934,622801.7659,588983.69,591832.8818,591832.8818,4193409
07-07-2033,590294.5479,620171.7142,583384.1873,594420.8169,594420.8169,2976401
08-07-2033,602587.8734,602692.1011,579956.9444,598616.5703,598616.5703,3018937
09-07-2033,604004.7976,624321.495,591018.6499,603678.1233,603678.1233,2939618
10-07-2033,593260.8402,605999.8789,564051.8818,599175.9994,599175.9994,2420708
11-07-2033,606838.0428,618955.2089,580469.2011,603694.6585,603694.6585,3360302
12-07-2033,602692.0314,616738.7457,585741.4316,600846.8859,600846.8859,6144463
13-07-2033,591400.6143,596224.0239,577928.8632,587898.6176,587898.6176,2735962
14-07-2033,593971.2671,602191.9305,582816.9498,590108.4178,590108.4178,5286286
15-07-2033,594409.5103,609844.3506,575702.5928,594519.3724,594519.3724,409740
16-07-2033,604263.1607,607135.9946,587520.574,599899.2517,599899.2517,4999899
17-07-2033,598428.6753,622286.3023,569923.9991,592972.0165,592972.0165,3004414
18-07-2033,600187.4661,608344.3313,584446.6154,604074.7838,604074.7838,3154716
19-07-2033,610333.7966,636858.9018,601035.7372,604745.0882,604745.0882,4990481
20-07-2033,613367.6078,622340.492,602741.6124,608457.3171,608457.3171,5806223
21-07-2033,615862.6662,618592.06,600097.512,613025.9778,613025.9778,4142569
22-07-2033,606430.8094,625046.9902,591105.5376,607602.6868,607602.6868,4727987
23-07-2033,618756.6745,644880.9456,618573.2137,622182.8552,622182.8552,4517126
24-07-2033,621417.8585,633088.2038,611909.3343,619583.6453,619583.6453,1600772
25-07-2033,614665.0536,630079.4021,603179.0335,617698.026,617698.026,3023222
26-07-2033,621303.6349,637633.3856,600613.3918,615818.1454,615818.1454,3466789
27-07-2033,622156.0597,629912.9644,587188.07,620158.9616,620158.9616,1884328
28-07-2033,612291.6064,629661.8673,601965.0785,608994.3592,608994.3592,3283792
29-07-2033,604382.5192,630569.6747,585336.6017,607810.1008,607810.1008,3504512
30-07-2033,608408.6446,639794.3892,580134.2535,603205.0056,603205.0056,3459702
31-07-2033,608976.9555,618870.3255,582795.7989,612355.395,612355.395,5556576
01-08-2033,603567.7344,611814.0779,582426.5603,607083.9908,607083.9908,3515932
02-08-2033,595788.3193,607121.7664,585698.1811,601463.4004,601463.4004,1570369
03-08-2033,597136.389,603603.5825,579772.7182,597226.4876,597226.4876,2698525
04-08-2033,597055.8757,609553.4405,570974.5996,597289.2834,597289.2834,5811816
05-08-2033,598683.9163,612612.8315,564310.3338,601829.9685,601829.9685,5223153
06-08-2033,592286.1322,620101.4952,578726.7237,593368.6569,593368.6569,2474914
07-08-2033,586157.6659,602966.0333,583283.8459,588674.6037,588674.6037,2111278
08-08-2033,590571.4586,595739.9362,574745.2256,586136.8486,586136.8486,4210834
09-08-2033,573179.0919,599592.8918,570994.4107,574474.3952,574474.3952,4111253
10-08-2033,576942.1317,598585.7698,565145.7902,577785.4638,577785.4638,4065975
11-08-2033,592416.1095,607048.9041,574361.1656,588377.1799,588377.1799,3180342
12-08-2033,594296.523,616642.9773,566246.6898,589628.9704,589628.9704,3903070
13-08-2033,601674.6702,604009.5653,570460.3702,597646.5436,597646.5436,3843766
14-08-2033,589758.5809,616445.5727,584088.8243,590675.8831,590675.8831,4546992
15-08-2033,585378.8862,610602.8419,580887.6188,587818.1736,587818.1736,2858260
16-08-2033,585084.7402,596523.8866,572984.8675,587931.6117,587931.6117,4285827
17-08-2033,598172.7459,610912.9628,582023.0511,597334.0768,597334.0768,4248258
18-08-2033,588604.881,610034.6832,577533.0677,586525.2357,586525.2357,3305342
19-08-2033,602121.2941,615805.3638,579326.07,598794.5491,598794.5491,4151556
20-08-2033,599167.3276,604665.7561,567094.6969,597390.6127,597390.6127,3854566
21-08-2033,592941.1119,608247.0221,569860.6131,597812.9727,597812.9727,4057432
22-08-2033,591168.7717,621281.3268,569153.6258,588127.7396,588127.7396,3571418
23-08-2033,577063.4577,587043.2341,548458.1543,582426.6153,582426.6153,4136832
24-08-2033,592646.2187,620522.9317,590408.7343,598617.5565,598617.5565,4444661
25-08-2033,604017.0488,609035.3726,593408.6041,599551.0835,599551.0835,3695717
26-08-2033,610596.5681,632886.523,605550.2727,608612.947,608612.947,5342693
27-08-2033,619629.6385,622483.3343,609822.1377,618531.4638,618531.4638,4062752
28-08-2033,615817.4241,639678.3513,570906.0959,614329.592,614329.592,2993572
29-08-2033,610277.501,626890.7674,600794.8375,610254.9464,610254.9464,1534543
30-08-2033,611435.8073,625296.0497,572473.8422,606092.9253,606092.9253,4479105
31-08-2033,606394.7426,605729.4941,582378.0102,601794.2515,601794.2515,4173053
01-09-2033,603044.9123,633702.5511,576631.9803,607537.8889,607537.8889,3476655
02-09-2033,577091.4656,587730.3328,544280.0539,576328.0547,576328.0547,3397497
03-09-2033,574962.8404,595341.1155,554532.8983,576139.0895,576139.0895,3829914
04-09-2033,572719.8103,588472.4046,547798.5395,575580.7255,575580.7255,3695790
05-09-2033,587292.1886,589365.4445,567788.1,582736.9004,582736.9004,3376363
06-09-2033,583728.6602,597097.2708,567834.3193,582330.8169,582330.8169,4409564
07-09-2033,590966.5299,592707.3407,581175.8707,586387.5578,586387.5578,4182163
08-09-2033,602901.4485,610060.7077,574662.0549,598063.4494,598063.4494,4535698
09-09-2033,594729.6196,600985.8224,588012.9253,594375.6304,594375.6304,3689316
10-09-2033,607963.867,627471.3869,588548.3389,603290.3831,603290.3831,4102211
11-09-2033,607237.4876,639653.5698,604653.4205,609186.1762,609186.1762,4384569
12-09-2033,615007.2324,615102.4252,595157.9461,609732.1794,609732.1794,2657228
13-09-2033,599218.2767,621397.0001,576069.4405,600383.9946,600383.9946,2507654
14-09-2033,587086.3282,593458.5452,583784.8841,589493.5702,589493.5702,3386818
15-09-2033,590767.3596,607055.5021,572207.3283,591050.1584,591050.1584,2388537
16-09-2033,585830.6358,595681.4698,553799.9095,588446.8071,588446.8071,2761491
17-09-2033,590354.309,597964.4388,571591.0332,587291.946,587291.946,6490500
18-09-2033,591410.2693,613881.3263,578369.2699,594849.0547,594849.0547,3772384
19-09-2033,594603.9508,605083.5216,565723.9919,595588.4127,595588.4127,3817738
20-09-2033,592873.1501,606787.2696,581062.534,597464.5134,597464.5134,2371207
21-09-2033,607542.8752,616444.6413,593314.066,604495.7246,604495.7246,3199633
22-09-2033,608751.5443,630131.2923,596430.3894,608476.1077,608476.1077,4280952
23-09-2033,605312.1963,629438.6862,581916.5102,609171.4009,609171.4009,5993653
24-09-2033,608711.9668,645928.6298,589084.4784,606612.3509,606612.3509,3697805
25-09-2033,613160.8816,640796.5801,592826.6204,609111.0789,609111.0789,2778264
26-09-2033,609037.7793,611498.8765,587255.2086,607920.092,607920.092,5702768
27-09-2033,614515.2918,629385.3171,604018.4852,613997.3723,613997.3723,3224681
28-09-2033,605602.9972,612752.8099,581798.1911,606312.7367,606312.7367,4676535
29-09-2033,602473.9927,610683.9012,579809.0311,603266.8364,603266.8364,4091392
30-09-2033,599400.8661,635815.1504,592996.6042,602684.5874,602684.5874,3541500
01-10-2033,603144.1721,624743.3092,578566.4817,599209.0493,599209.0493,2970064
02-10-2033,606929.4726,627488.5138,603966.7344,608298.8216,608298.8216,4081941
03-10-2033,607909.281,637348.7461,587701.3482,602866.5694,602866.5694,3561303
04-10-2033,605605.9257,622957.164,603820.0015,611341.5094,611341.5094,3855567
05-10-2033,626088.1501,644435.12,595163.6692,624319.6892,624319.6892,4978828
06-10-2033,612530.4261,633147.9975,607624.6445,613329.6558,613329.6558,5312800
07-10-2033,620465.3317,636536.9308,610694.0542,625216.7806,625216.7806,2340122
08-10-2033,615284.5651,637692.7025,604491.8233,616577.8229,616577.8229,4050011
09-10-2033,622777.3404,636974.6647,600816.9227,617748.5733,617748.5733,4089269
10-10-2033,605741.6129,619143.1151,594027.7959,611031.5769,611031.5769,5181454
11-10-2033,603535.2597,632664.231,563914.9687,603206.5562,603206.5562,3081126
12-10-2033,595358.3239,617986.4434,590873.4311,595481.7446,595481.7446,3937795
13-10-2033,584125.1685,602608.6875,563825.8189,582356.3212,582356.3212,4254587
14-10-2033,572745.7842,584408.465,570565.9603,577066.7252,577066.7252,5430500
15-10-2033,576822.8203,607581.6797,560895.7282,573297.6748,573297.6748,3770642
16-10-2033,571558.1928,589134.4556,562450.5587,574277.3239,574277.3239,3626000
17-10-2033,582339.7744,608481.2877,579030.8784,584690.4849,584690.4849,1396877
18-10-2033,574778.6536,583349.3357,565735.4184,579306.6504,579306.6504,5347673
19-10-2033,553990.2075,563707.2754,525656.1621,549547.0834,549547.0834,3569313
20-10-2033,552677.5885,562695.4633,539586.6547,554700.1092,554700.1092,2565853
21-10-2033,566310.4089,574436.6531,542723.1504,564232.262,564232.262,4897737
22-10-2033,575822.3627,592664.8882,548509.4611,572009.6184,572009.6184,3661286
23-10-2033,564224.7513,590536.8212,547942.5789,560048.7129,560048.7129,4039724
24-10-2033,569691.0213,567019.5942,557822.7341,564795.3727,564795.3727,1891355
25-10-2033,557693.5981,580492.6663,547034.9655,560941.1827,560941.1827,3761741
26-10-2033,565002.8051,572210.0857,547860.2653,567022.0926,567022.0926,1648332
27-10-2033,566922.7679,586768.6021,554414.0707,563260.365,563260.365,4806583
28-10-2033,561214.8593,575266.0375,557608.7661,562470.9179,562470.9179,5062076
29-10-2033,559098.1315,574417.3264,558481.3918,562707.1084,562707.1084,4499032
30-10-2033,561867.3004,571443.4339,548442.3667,565035.4193,565035.4193,3103600
31-10-2033,568954.1809,596624.8373,561308.952,566505.3478,566505.3478,4748822
01-11-2033,568789.6272,593494.4591,546688.2692,569770.4856,569770.4856,2563420
02-11-2033,561740.0497,573053.1344,553825.3498,561557.0262,561557.0262,3131725
03-11-2033,548640.5242,584583.9709,548116.9167,551671.8174,551671.8174,3825806
04-11-2033,548919.4294,557162.5836,527169.6141,548270.0616,548270.0616,4184117
05-11-2033,555985.6846,576309.1408,532387.1781,552266.0871,552266.0871,4369683
06-11-2033,550504.6271,579891.3669,519129.3488,549176.1735,549176.1735,3375999
07-11-2033,565845.5355,580620.5523,555207.3298,561130.3844,561130.3844,2844423
08-11-2033,559425.521,581696.6776,544855.9745,555029.0173,555029.0173,4725808
09-11-2033,543372.0768,557166.8044,529235.8544,547028.0617,547028.0617,4334002
10-11-2033,546259.6339,550524.1015,530637.0102,544824.6929,544824.6929,3717393
11-11-2033,544173.2259,562096.2565,530337.7381,539826.0563,539826.0563,3976150
12-11-2033,544937.5569,565619.9885,523671.6019,541976.1851,541976.1851,2135463
13-11-2033,535420.5938,566731.8237,526540.2847,540414.1421,540414.1421,2990230
14-11-2033,555240.0247,559750.8883,530908.4704,550524.0017,550524.0017,2563209
15-11-2033,548436.2729,563687.8867,539122.3507,552009.0848,552009.0848,3879969
16-11-2033,540942.5374,570008.3035,526750.2583,537692.1146,537692.1146,2777077
17-11-2033,546161.0594,552765.3894,533391.6184,545250.8492,545250.8492,4168670
18-11-2033,531982.2179,537266.202,515882.5454,533048.7924,533048.7924,5589456
19-11-2033,582000.1765,606252.9687,574556.0518,585272.4847,585272.4847,3758209
20-11-2033,579558.6206,592417.6053,571200.386,574772.6043,574772.6043,4255336
21-11-2033,572849.8901,579005.565,562144.3664,569301.6178,569301.6178,3254344
22-11-2033,574706.7072,584850.2605,561652.7792,576635.1793,576635.1793,3397176
23-11-2033,578483.8797,614253.2955,560482.7322,580965.3963,580965.3963,4378493
24-11-2033,574869.0071,589797.3756,555325.9131,571500.3115,571500.3115,2303186
25-11-2033,565979.8779,581411.6562,546084.19,568710.9395,568710.9395,3235411
26-11-2033,569633.4766,581285.3189,564110.2025,569236.3611,569236.3611,3263510
27-11-2033,573783.4998,577690.1681,548257.0301,572467.5821,572467.5821,4060252
28-11-2033,580748.6785,619991.9784,566767.106,580067.3802,580067.3802,3149685
29-11-2033,585649.8245,602194.2505,570192.4299,590223.2993,590223.2993,6142116
30-11-2033,595587.888,629427.2088,575700.4578,590679.0971,590679.0971,4278820
01-12-2033,584898.1412,599693.0106,573806.2015,587468.6142,587468.6142,3186431
02-12-2033,613997.78,633215.471,606125.3522,615471.2556,615471.2556,4468172
03-12-2033,619749.4559,622891.429,591269.0157,618013.3569,618013.3569,4040407
04-12-2033,621198.8523,663719.4139,619613.8805,625728.7509,625728.7509,4489839
05-12-2033,629726.8049,652783.9091,622124.6358,628604.4892,628604.4892,4340074
06-12-2033,616243.4028,634133.4681,597527.699,620958.5076,620958.5076,3687553
07-12-2033,613895.1017,633814.7863,611643.94,615606.9919,615606.9919,4640510
08-12-2033,619097.2529,621630.1186,599972.3518,613004.3091,613004.3091,3711440
09-12-2033,615585.9138,639763.9557,589433.4089,616488.6891,616488.6891,2586415
10-12-2033,612374.7846,617801.5767,582522.9177,613690.1711,613690.1711,4509404
11-12-2033,607527.2638,631137.2263,595000.6767,604857.1102,604857.1102,2586912
12-12-2033,602367.9904,620270.7197,589294.6472,597953.3316,597953.3316,2624416
13-12-2033,584467.9856,611593.8319,566102.3204,579976.8031,579976.8031,2698976
14-12-2033,584534.026,606342.2961,561819.0197,578848.9726,578848.9726,3287461
15-12-2033,577339.6987,591107.9465,563383.4699,572208.5105,572208.5105,3694005
16-12-2033,572683.5385,579487.4714,559027.8406,570240.7784,570240.7784,3048306
17-12-2033,569654.6792,575934.3177,537990.9849,566263.1207,566263.1207,3036664
18-12-2033,559144.6314,560314.5212,550757.2157,558438.7575,558438.7575,3609836
19-12-2033,562355.0753,568132.9824,549865.137,557897.5477,557897.5477,3518795
20-12-2033,566713.7258,568118.2362,553267.1392,563776.7143,563776.7143,4749095
21-12-2033,569974.7371,581187.3768,545496.9331,572187.8992,572187.8992,4197685
22-12-2033,562116.104,571775.5421,554481.1921,567361.4591,567361.4591,3649415
23-12-2033,568987.4094,571838.5572,538286.4337,567377.3311,567377.3311,2111741
24-12-2033,581032.8947,606347.4633,549845.998,580169.542,580169.542,2010677
25-12-2033,591825.0402,610620.8693,570857.0973,590484.3793,590484.3793,5300984
26-12-2033,590770.8014,597092.4674,578160.3748,592836.2803,592836.2803,4589838
27-12-2033,569760.9829,581874.4903,559925.1699,573950.3103,573950.3103,2450303
28-12-2033,586896.4523,596854.5498,570789.1005,581667.4881,581667.4881,4605137
29-12-2033,572604.5935,586777.0017,555430.3153,576297.1824,576297.1824,3682877
30-12-2033,570769.54,578433.867,552293.7892,566103.2237,566103.2237,2400678
31-12-2033,551193.1742,581284.1895,540854.0883,555730.6916,555730.6916,3990176
01-01-2034,571238.9674,578948.6185,565557.0058,573693.008,573693.008,5409572
02-01-2034,577351.1605,585636.5881,553172.2252,574781.9939,574781.9939,3360256
03-01-2034,568125.5222,571403.6179,551860.3658,563396.6721,563396.6721,2800298
04-01-2034,559499.9005,594595.2138,545612.7226,564261.0193,564261.0193,5709383
05-01-2034,560612.0299,585423.2582,552862.4028,561599.2646,561599.2646,2007330
06-01-2034,579542.6397,594939.5922,554300.989,577179.9471,577179.9471,5008834
07-01-2034,571706.3524,605589.6499,549092.1898,569805.4042,569805.4042,3558166
08-01-2034,568734.5573,581028.3664,547939.1688,569392.7159,569392.7159,2863315
09-01-2034,579253.8817,591058.2084,562336.5456,577745.255,577745.255,3230460
10-01-2034,566589.849,582623.8974,564985.7952,572245.9732,572245.9732,3287480
11-01-2034,565680.8593,565812.1517,557630.3588,561607.8041,561607.8041,2601188
12-01-2034,570218.2522,567928.7952,525764.7114,564778.6476,564778.6476,5726009
13-01-2034,554339.4413,568936.1391,534535.4961,557218.7319,557218.7319,4600086
14-01-2034,550754.0358,577295.339,537171.9565,551769.2282,551769.2282,2533642
15-01-2034,583210.4577,588938.1715,569164.8453,582527.7685,582527.7685,4539612
16-01-2034,592031.6183,606090.7656,573751.5916,586901.7347,586901.7347,2703788
17-01-2034,587444.5116,599640.2687,567257.1215,584371.9612,584371.9612,1945194
18-01-2034,594828.4869,601788.1971,585242.0207,594968.1646,594968.1646,4645836
19-01-2034,603334.9112,615526.2284,583357.7368,600848.0838,600848.0838,3735695
20-01-2034,611360.6333,621240.4841,598668.5785,611173.2588,611173.2588,4697416
21-01-2034,607223.4163,615540.3891,608929.1028,612126.3661,612126.3661,4191070
22-01-2034,614802.5754,621149.3162,606249.326,613742.7173,613742.7173,4922057
23-01-2034,611964.8925,611811.0112,580824.9394,606448.4639,606448.4639,2579507
24-01-2034,603376.2728,610920.4124,599670.0682,606855.3697,606855.3697,4571857
25-01-2034,596548.7262,627960.7731,565817.9805,601785.7478,601785.7478,2116696
26-01-2034,594013.6851,607961.9053,576604.6145,595952.2271,595952.2271,3850331
27-01-2034,609882.6232,620225.8703,589876.0384,608588.9899,608588.9899,2901032
28-01-2034,617796.3309,616408.5565,591642.7311,612324.8146,612324.8146,4648142
29-01-2034,615681.9777,637592.5137,581057.4972,618975.145,618975.145,2298082
30-01-2034,638176.0221,653746.2809,615778.2784,636329.4287,636329.4287,3104708
31-01-2034,638374.0775,648736.5879,629946.8838,636187.9679,636187.9679,3863135
01-02-2034,626039.8546,650714.9112,617196.7471,629119.4193,629119.4193,1494413
02-02-2034,635598.9706,638892.8985,610467.5277,631650.0872,631650.0872,3782603
03-02-2034,639468.7389,651379.8656,625076.6114,636784.4051,636784.4051,3586631
04-02-2034,615492.599,636488.631,605440.5373,621561.2139,621561.2139,4152662
05-02-2034,625176.7372,637760.7889,601886.3931,619456.4285,619456.4285,4315937
06-02-2034,611489.8435,638706.1023,589419.694,613863.2276,613863.2276,5323450
07-02-2034,621011.2544,642296.9484,610467.0761,624197.3818,624197.3818,5176937
08-02-2034,620252.2514,635561.2231,602594.327,620300.3073,620300.3073,4218875
09-02-2034,593040.664,617863.5867,577942.618,596072.6401,596072.6401,4044331
10-02-2034,598339.5495,622289.7398,575933.7768,598409.2957,598409.2957,2795861
11-02-2034,597757.637,604411.0423,574052.0025,593735.8198,593735.8198,2738870
12-02-2034,585621.7458,611796.2372,576311.5924,584430.9483,584430.9483,4291767
13-02-2034,575229.5259,580824.2006,559500.1655,573784.4016,573784.4016,4559351
14-02-2034,567932.6761,602315.723,542406.8084,571159.6365,571159.6365,4586602
15-02-2034,561009.0796,576321.9539,544636.8614,564274.3697,564274.3697,2298512
16-02-2034,580426.8114,584682.9687,567032.9729,579548.2222,579548.2222,5729640
17-02-2034,576578.3913,583539.4817,568956.6364,572143.4202,572143.4202,2613871
18-02-2034,558950.5567,570063.0284,559398.9908,563215.7987,563215.7987,2792317
19-02-2034,561571.5591,591748.1113,549740.9796,562631.5356,562631.5356,2134913
20-02-2034,572700.3237,583879.9685,560951.194,571025.6352,571025.6352,3224527
21-02-2034,580078.028,601476.5984,563486.5531,578606.2907,578606.2907,2812319
22-02-2034,582938.6114,605783.1407,574065.5098,581615.107,581615.107,5024527
23-02-2034,591445.8341,622446.7061,568975.7034,593539.0951,593539.0951,3533065
24-02-2034,593834.525,608329.559,576305.0579,590739.2287,590739.2287,2737901
25-02-2034,589716.7562,610659.4877,564604.3583,593183.528,593183.528,3042659
26-02-2034,598950.951,622769.4401,583524.5362,598447.3634,598447.3634,3378553
27-02-2034,587730.0922,601193.4487,582807.497,589399.0105,589399.0105,3621840
28-02-2034,606934.9726,612882.1036,588823.0765,602033.872,602033.872,2799163
01-03-2034,594056.8612,608191.9965,568650.2736,599316.8272,599316.8272,3000672
02-03-2034,597899.6634,619994.7338,582310.6461,592973.1803,592973.1803,5954599
03-03-2034,580840.8157,586589.374,569322.5755,577822.914,577822.914,4461868
04-03-2034,577989.8332,594620.4388,569907.3367,576652.4072,576652.4072,4580760
05-03-2034,591400.6204,601978.6915,570820.0583,588973.2671,588973.2671,3884073
06-03-2034,606180.362,638804.774,600523.1796,610850.4217,610850.4217,4150155
07-03-2034,611421.4084,610360.0931,606053.8659,607986.7471,607986.7471,3563308
08-03-2034,605269.4424,640373.5949,578934.093,610014.249,610014.249,3946034
09-03-2034,623903.7479,632472.3105,613719.8242,618594.7198,618594.7198,2923417
10-03-2034,605556.9108,609817.4497,580862.1705,604272.9864,604272.9864,2881155
11-03-2034,605972.631,615780.1517,588800.9134,608701.2838,608701.2838,1997167
12-03-2034,543279.0973,554714.7113,536019.659,541760.8975,541760.8975,2717922
13-03-2034,560206.245,589034.0713,534811.6473,563200.2969,563200.2969,1189432
14-03-2034,573202.1184,580180.5479,556551.3368,567592.0026,567592.0026,4297735
15-03-2034,575165.2602,592472.9658,561817.745,580050.944,580050.944,4225777
16-03-2034,594040.7613,598354.3202,586597.4832,592826.8542,592826.8542,3236853
17-03-2034,597258.426,618261.4738,578468.9049,602404.2209,602404.2209,3517139
18-03-2034,598069.1635,620638.2378,592641.34,597721.4721,597721.4721,2784275
19-03-2034,588741.7775,594413.2933,580599.2156,592182.2698,592182.2698,4392495
20-03-2034,592604.6508,607831.5341,574680.0021,589584.0455,589584.0455,4909124
21-03-2034,573434.86,609068.7957,562657.9839,575204.7943,575204.7943,3709353
22-03-2034,568895.6811,588540.2553,549252.7416,571839.761,571839.761,5534013
23-03-2034,561040.5072,581451.2289,559120.81,566187.7144,566187.7144,3750252
24-03-2034,582672.5482,608353.8957,577291.7661,587989.6462,587989.6462,3911426
25-03-2034,580473.5313,608351.0613,556453.5408,581010.1646,581010.1646,4807206
26-03-2034,583590.8922,586778.6325,552631.9024,582674.9803,582674.9803,5490416
27-03-2034,586434.3726,630824.2716,572598.7001,588236.1398,588236.1398,1851166
28-03-2034,587607.778,625212.2286,579716.0133,589753.4948,589753.4948,2108400
29-03-2034,597893.2185,610787.1748,576233.5651,592436.9698,592436.9698,4992540
30-03-2034,617613.1123,653025.979,596398.8264,614442.7821,614442.7821,3570961
31-03-2034,616143.9516,633812.3321,593884.8306,621464.1123,621464.1123,4352159
01-04-2034,624094.3187,646264.5561,616550.9226,624320.251,624320.251,3841423
02-04-2034,626084.7607,656933.9467,619050.4849,627892.2352,627892.2352,3348286
03-04-2034,626676.8688,662499.8177,617983.4276,624379.1954,624379.1954,3663652
04-04-2034,630356.2812,650366.3777,623110.3942,633869.2798,633869.2798,2490049
05-04-2034,624644.235,645059.6938,620919.3251,628747.2361,628747.2361,3469465
06-04-2034,629938.1639,642815.1821,628208.599,635572.1658,635572.1658,2724465
07-04-2034,633400.3128,648195.5962,609484.6071,632832.237,632832.237,4227690
08-04-2034,627945.7632,628781.6695,617385.88,621803.4908,621803.4908,4115726
09-04-2034,639676.7573,657533.1405,605351.9815,637778.1455,637778.1455,3214220
10-04-2034,638348.1056,659390.6436,637767.2984,641645.1446,641645.1446,1880994
11-04-2034,624937.6453,651213.0596,617447.27,623524.4418,623524.4418,2787039
12-04-2034,617625.1143,624569.383,593705.3034,620601.3513,620601.3513,4200428
13-04-2034,626659.9436,646004.1094,592946.6834,632461.234,632461.234,2240236
14-04-2034,649771.3655,682455.2586,636288.7846,646234.8521,646234.8521,4293154
15-04-2034,642657.3532,681685.2134,637857.3576,647873.0408,647873.0408,2261894
16-04-2034,647956.4945,654294.5617,641652.7827,646625.5099,646625.5099,3335227
17-04-2034,636757.9064,659349.8288,612474.1798,637304.1558,637304.1558,3747116
18-04-2034,626621.4811,636229.8402,614778.1905,632491.7949,632491.7949,6643551
19-04-2034,633245.0267,648645.9085,607704.9374,631881.3392,631881.3392,4815724
20-04-2034,637985.065,659074.6248,625091.0843,633967.0639,633967.0639,3240186
21-04-2034,639294.2189,648591.7063,634674.3445,642581.6517,642581.6517,3599990
22-04-2034,652596.1352,681865.1725,648975.3851,657069.4353,657069.4353,2336210
23-04-2034,665050.7443,679006.7409,620316.2379,661798.6531,661798.6531,1656996
24-04-2034,668665.0538,682367.0818,658543.4175,667787.3509,667787.3509,3906658
25-04-2034,673099.4334,699400.5112,656854.7605,669881.1721,669881.1721,2417162
26-04-2034,678152.2425,684353.462,666177.914,680568.8225,680568.8225,3697895
27-04-2034,654537.7753,685454.2253,641772.6221,658873.5194,658873.5194,3158742
28-04-2034,656923.4251,688444.732,640070.6626,659339.3483,659339.3483,4696592
29-04-2034,663102.0415,678462.3825,646959.7248,665359.6558,665359.6558,4267149
30-04-2034,636062.0525,642226.0282,630440.4701,635882.5585,635882.5585,4088598
01-05-2034,637929.0403,658218.7804,606749.1596,634358.333,634358.333,3155501
02-05-2034,615244.3245,627369.6219,592969.9098,612199.6314,612199.6314,3692817
03-05-2034,606419.9245,643839.4608,576763.1399,610534.9546,610534.9546,5646897
04-05-2034,615691.0186,633762.0744,588701.4861,610676.2642,610676.2642,2025278
05-05-2034,617830.0228,641133.5248,604733.884,615694.7399,615694.7399,4646539
06-05-2034,589158.3263,613309.1074,566121.6576,595085.4547,595085.4547,4245819
07-05-2034,602614.7113,602966.0963,572918.5328,596956.3927,596956.3927,2780386
08-05-2034,605972.3119,634579.2052,597216.1645,607757.8909,607757.8909,2866947
09-05-2034,620347.4685,625567.199,593641.3876,620644.9848,620644.9848,4145330
10-05-2034,618431.8471,665656.551,602878.8539,624615.9603,624615.9603,3347915
11-05-2034,619656.693,624718.0189,596023.9053,618138.6101,618138.6101,2591084
12-05-2034,630360.9268,639826.9243,605810.4941,627081.5876,627081.5876,4248016
13-05-2034,616293.0631,628539.8791,610500.1687,618492.3787,618492.3787,4330467
14-05-2034,620311.5449,636326.46,599185.0596,620770.2636,620770.2636,3788665
15-05-2034,633939.2715,644024.8028,615958.3403,628411.9725,628411.9725,4354882
16-05-2034,640453.6561,667151.5018,630442.8884,635592.9308,635592.9308,4917410
17-05-2034,645582.7618,652098.4866,625471.4243,639338.5822,639338.5822,4389061
18-05-2034,636516.3335,650858.5059,615203.5456,633873.9966,633873.9966,2169416
19-05-2034,644156.8861,666217.7568,620924.3629,646869.3709,646869.3709,5196258
20-05-2034,639395.7599,683400.3888,633609.1918,645495.7923,645495.7923,4078360
21-05-2034,630390.0936,638304.1666,625529.3506,631000.2991,631000.2991,1920956
22-05-2034,627790.9385,639855.1221,594257.5843,628181.8921,628181.8921,3948109
23-05-2034,639443.7505,664237.226,632536.0339,637396.8217,637396.8217,3163685
24-05-2034,643102.3122,659326.3713,625564.5776,637809.208,637809.208,4535262
25-05-2034,634206.0137,642505.2661,601109.7003,630120.488,630120.488,4819411
26-05-2034,641138.2855,639740.9025,606926.809,636760.7453,636760.7453,5161509
27-05-2034,649392.1688,654613.6665,612684.2546,648765.0853,648765.0853,3642526
28-05-2034,641397.3819,669191.8356,627099.4302,644493.1971,644493.1971,3193046
29-05-2034,646113.0316,666808.8421,616579.3346,641714.8101,641714.8101,3298940
30-05-2034,641163.2055,656361.8851,631624.0818,639131.6787,639131.6787,3170321
31-05-2034,643114.2508,653807.3706,629005.109,637823.632,637823.632,3285949
01-06-2034,631467.5926,648613.6908,609847.776,633332.2231,633332.2231,5504072
02-06-2034,630435.2572,644221.5226,597210.6461,632089.2718,632089.2718,4900255
03-06-2034,639352.9271,664110.2482,625542.5436,635675.5658,635675.5658,1597845
04-06-2034,633802.3146,659463.246,613842.2693,630491.3313,630491.3313,4003112
05-06-2034,626964.8278,679128.5981,599351.2856,632986.7412,632986.7412,3986430
06-06-2034,634645.8143,647361.326,607626.1055,629261.9861,629261.9861,2032888
07-06-2034,622848.0177,633973.229,599331.2219,623376.4745,623376.4745,2270980
08-06-2034,620789.5554,646531.0051,612084.2799,624162.2458,624162.2458,3911659
09-06-2034,622371.6341,636521.2631,614638.7213,627796.1313,627796.1313,5737397
10-06-2034,617877.19,629565.1455,605519.7904,624101.9199,624101.9199,3281313
11-06-2034,628692.3951,645826.9102,618171.8933,633420.652,633420.652,3937248
12-06-2034,637938.6041,642773.4756,606811.9342,633083.8108,633083.8108,5102591
13-06-2034,646117.7809,651105.1744,640489.6114,645021.9916,645021.9916,4193356
14-06-2034,649436.152,658099.668,632762.0692,646700.0037,646700.0037,4466141
15-06-2034,659267.7992,694645.3951,644471.2725,657808.7831,657808.7831,4004091
16-06-2034,658426.6293,678405.0484,638984.9346,656704.5913,656704.5913,4208693
17-06-2034,653310.7958,672243.5576,618279.4669,651649.05,651649.05,3451513
18-06-2034,642561.998,676851.1853,599260.6319,644207.8482,644207.8482,2091419
19-06-2034,650730.4997,653973.5896,641287.6085,645648.8294,645648.8294,4523396
20-06-2034,646573.2373,655649.6547,629907.3994,644822.4788,644822.4788,4349854
21-06-2034,647425.3543,657617.0081,635294.5409,648109.9619,648109.9619,3006339
22-06-2034,652976.2602,672953.6927,618932.8658,654818.1048,654818.1048,4253963
23-06-2034,655801.4608,668961.081,646409.2608,655938.8521,655938.8521,4557774
24-06-2034,649195.0059,667566.7446,635169.1959,655014.0246,655014.0246,4213126
25-06-2034,660819.0323,691914.0001,636136.3376,663451.7059,663451.7059,4346923
26-06-2034,660086.6012,663283.7956,653234.9784,659176.2133,659176.2133,5004610
27-06-2034,686791.3202,716157.679,653133.7183,684704.1261,684704.1261,3836865
28-06-2034,678822.5851,719533.6844,663289.3966,680052.7234,680052.7234,3882412
29-06-2034,678806.9611,701004.3974,666790.3097,683697.7119,683697.7119,4209184
30-06-2034,736690.3639,736534.1612,714012.8253,730684.3162,730684.3162,4457585
01-07-2034,712515.3658,739245.5425,677192.5569,717729.749,717729.749,4491018
02-07-2034,708897.3162,724684.114,678864.7303,712328.9587,712328.9587,2188661
03-07-2034,703198.3073,734098.3524,691833.0365,704583.5566,704583.5566,3462604
04-07-2034,710655.8092,720134.3664,687135.7494,715006.252,715006.252,3204048
05-07-2034,723237.3501,768476.8707,696025.3413,723845.9936,723845.9936,3928051
06-07-2034,735674.3311,737228.4771,725313.9615,728674.4512,728674.4512,2668428
07-07-2034,739163.0229,747300.2976,727825.4297,739232.1499,739232.1499,3687236
08-07-2034,739109.5923,795175.4719,725834.6228,746537.7934,746537.7934,3815873
09-07-2034,736070.8147,767786.2517,712070.3484,739278.7259,739278.7259,4409597
10-07-2034,746494.0223,776165.5209,744572.6859,750701.5667,750701.5667,4679174
11-07-2034,752952.6067,756256.9026,733838.8244,746354.5602,746354.5602,3543298
12-07-2034,748329.4161,762565.1604,737112.0045,744289.8618,744289.8618,2717110
13-07-2034,738946.4892,771383.4224,717760.7522,735794.6118,735794.6118,4567032
14-07-2034,721516.7536,769737.3872,703145.7959,725032.7086,725032.7086,5641594
15-07-2034,732822.166,735945.7515,709870.8835,728636.0363,728636.0363,2681955
16-07-2034,726832.5967,733374.755,688308.321,725676.5919,725676.5919,2760746
17-07-2034,722782.2543,732515.4758,695459.63,722980.4019,722980.4019,3097722
18-07-2034,726484.4825,739416.012,706635.2097,725257.7867,725257.7867,1368109
19-07-2034,728202.93,735738.6075,723164.206,728377.5967,728377.5967,4502523
20-07-2034,724880.84,743834.819,724149.3286,727987.6499,727987.6499,2343206
21-07-2034,716544.2453,745540.8308,711841.3653,721984.2915,721984.2915,3168828
22-07-2034,737866.3062,761475.5636,735860.3015,741173.8989,741173.8989,4669377
23-07-2034,751158.2025,761677.2188,735612.1757,749169.1158,749169.1158,3433896
24-07-2034,751835.762,770618.6587,721733.5702,751190.0603,751190.0603,2441118
25-07-2034,745370.3637,767505.3314,731948.6171,739673.0964,739673.0964,4315920
26-07-2034,754939.4563,760302.0076,742640.9478,749283.9316,749283.9316,3413152
27-07-2034,745403.0933,760431.9771,728427.497,738391.1506,738391.1506,4146875
28-07-2034,755970.4273,763120.8433,718605.4446,751241.5514,751241.5514,4662962
29-07-2034,770083.9564,791209.0829,761407.3417,766184.3675,766184.3675,5139603
30-07-2034,789214.957,837800.8083,768311.9821,782434.974,782434.974,4274090
31-07-2034,782882.7965,800702.6091,761283.9778,779285.3937,779285.3937,2552950
01-08-2034,775132.6619,788106.6632,762986.88,771364.3883,771364.3883,4219236
02-08-2034,780333.8349,792251.3401,779735.6197,786150.9912,786150.9912,2256308
03-08-2034,774716.0622,796768.587,750230.3449,773414.4648,773414.4648,3361512
04-08-2034,788494.6923,813097.6962,735035.7985,781057.9235,781057.9235,3075390
05-08-2034,799516.5219,845458.3493,770171.3186,792863.1565,792863.1565,4524497
06-08-2034,787552.7119,802381.0153,772000.8596,785515.538,785515.538,4212023
07-08-2034,781155.5523,786406.9272,737739.6215,780158.216,780158.216,2857543
08-08-2034,779428.5838,795310.7288,764899.9746,778528.6099,778528.6099,5074651
09-08-2034,784394.227,792525.4775,748771.3882,781866.469,781866.469,5731472
10-08-2034,777462.4007,798759.0656,756190.0541,781180.3537,781180.3537,3818843
11-08-2034,782443.3099,804933.4847,767933.7293,783986.8894,783986.8894,1636405
12-08-2034,765853.5762,789152.9639,734082.8391,773248.5305,773248.5305,4600167
13-08-2034,769712.3674,804221.7597,743203.705,774786.7712,774786.7712,2825534
14-08-2034,762736.3736,794108.9633,762361.5349,765701.8189,765701.8189,2932000
15-08-2034,766293.0868,805477.244,716530.0005,766388.1044,766388.1044,2005632
16-08-2034,770206.0457,795030.4967,765245.8586,775407.2787,775407.2787,2432490
17-08-2034,784673.0612,829473.5136,771789.7393,782424.0349,782424.0349,3145341
18-08-2034,794273.4887,821199.4997,743060.6535,788326.8951,788326.8951,5411487
19-08-2034,787673.6065,805523.5562,759639.6638,793370.7234,793370.7234,3492326
20-08-2034,801544.9374,826313.1083,771555.5533,801971.2969,801971.2969,3042596
21-08-2034,793234.9153,837096.111,768438.9034,801247.0769,801247.0769,2691281
22-08-2034,785559.5353,794742.9443,779280.3122,785304.5428,785304.5428,2970432
23-08-2034,762814.7207,779049.4262,761656.0102,767730.3736,767730.3736,3283317
24-08-2034,775170.8853,794671.4266,745432.4832,774054.9486,774054.9486,2556291
25-08-2034,763980.0289,806117.8622,747356.4858,765877.7363,765877.7363,3089228
26-08-2034,753848.4193,784853.3529,751395.3199,759184.6458,759184.6458,3779475
27-08-2034,766965.3106,776157.7394,736114.5531,760052.1505,760052.1505,3845784
28-08-2034,781350.1252,800227.5867,751876.8066,774161.4439,774161.4439,2689305
29-08-2034,779434.6554,810150.2162,753125.6188,776600.0489,776600.0489,4780918
30-08-2034,779742.9426,800438.8843,740664.9937,779644.3873,779644.3873,2738065
31-08-2034,785849.6361,820462.5365,772486.315,793202.1974,793202.1974,4811375
01-09-2034,800139.4574,817105.1825,757532.8197,796341.5976,796341.5976,2702800
02-09-2034,800816.6284,829489.0066,782863.0207,799988.228,799988.228,3246033
03-09-2034,787590.991,800301.2771,760530.5682,791249.8467,791249.8467,4130937
04-09-2034,780055.0047,823333.4287,759181.0244,786139.1538,786139.1538,4693501
05-09-2034,783074.488,808234.7727,778445.2112,787958.0615,787958.0615,3573216
06-09-2034,808956.2524,827847.0143,781105.9774,803062.7554,803062.7554,3465871
07-09-2034,813110.2018,843879.4957,765826.2713,808350.6298,808350.6298,1122925
08-09-2034,817318.8928,843600.9328,791551.6757,817504.105,817504.105,4004052
09-09-2034,826210.1063,841583.5889,783195.6471,819709.3886,819709.3886,3334435
10-09-2034,829248.1675,845161.0626,802240.0028,826138.0388,826138.0388,4944023
11-09-2034,842738.2132,855128.0732,793760.3659,848096.8549,848096.8549,4216435
12-09-2034,852744.2669,879538.0681,840519.191,847902.4924,847902.4924,2896353
13-09-2034,860462.871,891513.5428,848620.8339,855129.52,855129.52,2777941
14-09-2034,880853.0397,896256.2782,852551.6356,873082.9182,873082.9182,5013767
15-09-2034,877761.2373,882909.3142,841398.0013,873913.1451,873913.1451,4840581
16-09-2034,870747.0232,886056.5166,855784.4049,875711.973,875711.973,3713735
17-09-2034,864918.4446,890393.0343,861223.9216,866373.2024,866373.2024,5463466
18-09-2034,860147.437,888588.1671,843450.1594,868053.5574,868053.5574,4114856
19-09-2034,857676.04,899082.3149,852015.2935,864369.2005,864369.2005,2373261
20-09-2034,852118.4876,865875.5959,846492.1815,857531.7062,857531.7062,3410681
21-09-2034,849659.2083,878605.8344,833423.5034,853317.7719,853317.7719,5024423
22-09-2034,849430.6359,878364.3883,820458.2053,857225.3093,857225.3093,5076962
23-09-2034,867652.7456,895913.8297,843981.6951,868719.858,868719.858,2613165
24-09-2034,896182.6602,892261.1138,882504.1036,887788.7134,887788.7134,3950470
25-09-2034,888892.7485,915200.3595,872416.1915,885371.5713,885371.5713,4480153
26-09-2034,884200.3705,898806.7781,834269.6318,886487.5897,886487.5897,5927775
27-09-2034,909817.8059,929326.5867,884051.8735,918702.5297,918702.5297,2893698
28-09-2034,909959.2784,932413.0145,890199.9705,908304.5677,908304.5677,3623358
29-09-2034,894722.239,911920.4286,873404.7202,895873.6107,895873.6107,3419998
30-09-2034,914317.2292,963536.2624,889673.0058,912120.4762,912120.4762,2932300
01-10-2034,908857.645,963576.0129,899361.467,904598.6643,904598.6643,3695266
02-10-2034,886911.8295,940571.891,878519.9095,891307.084,891307.084,4748730
03-10-2034,877700.2928,909570.9797,861711.2948,878082.8086,878082.8086,2962308
04-10-2034,906630.6905,934425.2391,878835.4966,900704.1566,900704.1566,2368474
05-10-2034,889173.1242,891940.1469,874937.2408,882728.6459,882728.6459,2429485
06-10-2034,879324.4016,884813.5778,852383.2393,878984.0007,878984.0007,3328918
07-10-2034,891308.973,915042.4479,849147.9668,890363.805,890363.805,3478462
08-10-2034,882710.401,899779.3809,833522.3755,874578.2222,874578.2222,4419425
09-10-2034,875839.1367,888641.0065,865367.5084,881145.0776,881145.0776,3865777
10-10-2034,861091.1032,890232.1092,854163.4965,860119.1681,860119.1681,4089458
11-10-2034,885463.5472,893185.7487,868107.8696,887919.9228,887919.9228,3750120
12-10-2034,874463.357,918749.1755,869353.6616,882444.7712,882444.7712,4115197
13-10-2034,865106.1441,874090.912,836440.4981,862014.3693,862014.3693,4995945
14-10-2034,875651.3754,898750.6302,834822.3408,872158.9133,872158.9133,2016192
15-10-2034,878857.9706,905527.1686,868896.8086,878234.7084,878234.7084,4621383
16-10-2034,874620.6093,907733.6966,864938.5147,880308.8738,880308.8738,4463798
17-10-2034,889377.9121,885981.2487,836957.8107,881548.7924,881548.7924,3953593
18-10-2034,869975.9638,901697.6443,838450.4664,874112.8741,874112.8741,3112761
19-10-2034,892764.1795,905030.5637,864861.0874,885429.6142,885429.6142,3038363
20-10-2034,891368.4407,928680.3041,866737.827,896892.8669,896892.8669,3158154
21-10-2034,901451.3925,909096.3348,843309.3806,898209.6395,898209.6395,4469145
22-10-2034,902722.0055,916296.9569,878870.4768,895090.8569,895090.8569,2358681
23-10-2034,897980.5356,920377.8491,848699.3502,900365.7714,900365.7714,4236375
24-10-2034,876720.0782,911635.0869,846373.0712,875161.0423,875161.0423,5716644
25-10-2034,885492.3886,937254.7276,879470.3138,893529.0693,893529.0693,3177412
26-10-2034,884571.7929,897280.4155,881627.9938,886926.3961,886926.3961,4555194
27-10-2034,891313.8486,921405.8189,831069.4562,889747.3448,889747.3448,4176487
28-10-2034,892126.6364,897547.6276,854611.374,883832.9797,883832.9797,4293945
29-10-2034,879051.8592,899231.5917,862047.4962,884931.5257,884931.5257,3624154
30-10-2034,882601.2385,894040.3055,834926.6967,882065.4861,882065.4861,3398708
31-10-2034,878498.0899,916657.7624,845125.7004,881246.9975,881246.9975,3591392
01-11-2034,901152.9428,926723.9044,868646.2595,899840.1366,899840.1366,2417253
02-11-2034,903189.3844,942372.4921,884381.5271,895319.6586,895319.6586,5302701
03-11-2034,897327.9358,944296.4968,885668.5357,899489.3629,899489.3629,3397954
04-11-2034,870607.5261,881427.8212,850538.9937,867132.759,867132.759,6208423
05-11-2034,883639.5597,891125.611,857222.4251,877846.2727,877846.2727,3356250
06-11-2034,878827.2288,911914.6339,853050.4947,875174.666,875174.666,4171708
07-11-2034,878201.1612,884377.2269,858433.1582,871518.5661,871518.5661,5100796
08-11-2034,870929.7165,897774.5449,822119.4139,864167.2534,864167.2534,3147232
09-11-2034,860472.8366,863468.4747,842429.5762,856238.725,856238.725,4017069
10-11-2034,855982.0163,858600.255,797512.2191,853535.1104,853535.1104,3587693
11-11-2034,867978.0673,872462.8311,848375.88,866508.1887,866508.1887,3986725
12-11-2034,865870.7077,876109.996,841072.9803,858698.1862,858698.1862,2519545
13-11-2034,855550.7493,876029.0429,833699.3452,853951.222,853951.222,4300963
14-11-2034,842444.9475,868580.7302,838328.4524,846986.8464,846986.8464,889824
15-11-2034,809924.5149,851378.6474,782565.9479,814616.3849,814616.3849,2560487
16-11-2034,782652.3714,824496.0451,775481.8978,788853.1956,788853.1956,3605900
17-11-2034,801016.727,816522.5296,774393.5515,804036.9599,804036.9599,1513976
18-11-2034,812239.7949,852648.4612,800274.106,806121.0324,806121.0324,2831963
19-11-2034,793842.6349,794636.557,784389.3291,791249.7226,791249.7226,2951458
20-11-2034,785086.928,795291.4773,756927.6228,787995.916,787995.916,4096189
21-11-2034,790685.1344,796158.3281,755527.9044,783392.4646,783392.4646,3606060
22-11-2034,777770.0443,782217.102,767743.636,773506.0252,773506.0252,2922851
23-11-2034,758809.0769,770144.915,741941.6925,764677.3048,764677.3048,3666385
24-11-2034,753577.3445,775627.5076,720283.1052,755230.4634,755230.4634,2753003
25-11-2034,766572.2425,801432.2274,714173.8984,760561.3009,760561.3009,3645743
26-11-2034,774735.6664,781746.1571,741034.5748,775251.2849,775251.2849,3665747
27-11-2034,757560.701,792941.4137,725559.5996,755443.8741,755443.8741,4758506
28-11-2034,739844.7922,746784.1881,732803.3621,735060.4518,735060.4518,5949064
29-11-2034,753761.8392,769230.5054,713390.28,748836.0108,748836.0108,3612478
30-11-2034,745812.5736,787720.5037,749300.4775,752277.5282,752277.5282,3429489
01-12-2034,740284.8703,772374.4295,708444.1267,740825.1359,740825.1359,5912818
02-12-2034,731582.3531,739815.707,717845.3406,731254.5097,731254.5097,4218259
03-12-2034,730922.1794,754754.0107,701970.5443,732453.8845,732453.8845,3877629
04-12-2034,711863.5489,726387.86,708358.1635,716591.9656,716591.9656,2880068
05-12-2034,711373.255,717558.9728,684312.7452,711532.2728,711532.2728,3770486
06-12-2034,703389.7059,715258.4132,652470.9701,698502.5862,698502.5862,3730388
07-12-2034,688956.4154,709225.8037,684245.9734,695710.5817,695710.5817,1658747
08-12-2034,695306.6868,702245.2204,673232.8672,692757.7154,692757.7154,2501307
09-12-2034,708106.1544,711601.4008,700263.7636,707492.8461,707492.8461,4184614
10-12-2034,688346.9771,701987.0892,674781.5811,691938.646,691938.646,1792017
11-12-2034,695646.5336,711360.0705,672396.5719,697365.2418,697365.2418,4016776
12-12-2034,698871.3143,711243.1111,672342.5287,699933.6125,699933.6125,3406861
13-12-2034,705938.3215,707610.6376,697125.3018,702716.558,702716.558,3243920
14-12-2034,724920.7369,729964.7033,697925.3856,722418.7102,722418.7102,3478642
15-12-2034,719238.3832,740042.7533,678860.5808,719731.9588,719731.9588,4576991
16-12-2034,715885.7842,743212.795,690942.3302,713068.4351,713068.4351,4249605
17-12-2034,741144.0255,777274.0026,722442.9968,738129.8585,738129.8585,4023011
18-12-2034,743679.4485,750547.0734,739709.5818,742167.613,742167.613,3594873
19-12-2034,753281.7355,766124.4895,699761.059,750200.69,750200.69,5415159
20-12-2034,754636.862,766822.018,737012.1738,748851.3562,748851.3562,4662136
21-12-2034,759856.9894,771706.0815,724003.3285,753026.4918,753026.4918,4857202
22-12-2034,744297.8255,759593.8746,727176.0089,740250.9151,740250.9151,3794499
23-12-2034,753354.8095,761172.9166,738718.753,753211.3549,753211.3549,4820362
24-12-2034,755357.0292,779898.003,745478.8869,757826.4274,757826.4274,4145386
25-12-2034,758079.5163,790082.8467,751766.0124,764249.3405,764249.3405,4068876
26-12-2034,752306.286,766295.8868,732023.5775,752927.6915,752927.6915,5201384
27-12-2034,809446.3162,819683.6675,803243.7883,808464.515,808464.515,5561881
28-12-2034,820791.9943,839373.1726,823115.1956,828685.5195,828685.5195,5238233
29-12-2034,821622.2597,829411.6234,812568.311,824980.2115,824980.2115,2164402
30-12-2034,817250.5273,836656.67,774506.1345,813581.0146,813581.0146,4177375
31-12-2034,816182.4105,828330.8771,785834.7167,819142.5966,819142.5966,3760849
01-01-2035,796281.6311,813078.0362,781404.2534,800438.8732,800438.8732,2970499
02-01-2035,813375.0719,836700.8541,791494.4707,815782.817,815782.817,3282473
03-01-2035,815807.3747,825552.2058,804160.921,820499.2067,820499.2067,2306354
04-01-2035,812743.812,825451.3446,797886.27,816427.7899,816427.7899,3528691
05-01-2035,816565.3598,820204.0576,778145.6891,812390.639,812390.639,6130996
06-01-2035,809491.4383,829422.662,792922.3213,806698.3951,806698.3951,5642774
07-01-2035,821491.238,833138.21,804494.628,814373.6374,814373.6374,3670345
08-01-2035,820866.4703,834045.6418,805875.0641,826000.3857,826000.3857,3402593
09-01-2035,826352.2372,834919.4159,825148.2445,829541.7751,829541.7751,3935678
10-01-2035,818417.993,839272.9468,802132.8566,823223.9154,823223.9154,2911879
11-01-2035,810109.2935,814904.0735,769509.6717,807630.6444,807630.6444,3525541
12-01-2035,827237.4348,836446.8616,817108.7514,826424.7231,826424.7231,4968356
13-01-2035,820848.8997,849431.9228,820441.4071,828021.321,828021.321,4544250
14-01-2035,848357.8834,852184.8242,835457.0237,842602.5742,842602.5742,3574842
15-01-2035,857544.3873,874386.4042,856328.1317,861161.3145,861161.3145,4327566
16-01-2035,866941.9062,898486.3265,827197.5135,860670.8756,860670.8756,4770681
17-01-2035,849724.3871,860825.6755,825976.1343,851916.6129,851916.6129,4883266
18-01-2035,856337.4498,873862.4005,813122.2845,847985.0268,847985.0268,2519869
19-01-2035,855610.3379,903450.2389,810643.8554,855021.6273,855021.6273,4986298
20-01-2035,861278.9474,889228.3078,808660.5687,857223.7753,857223.7753,4945475
21-01-2035,858504.4512,907328.2665,849175.0537,865050.9295,865050.9295,2002289
22-01-2035,849996.9287,887099.8493,833618.7518,852580.8894,852580.8894,3696773
23-01-2035,829310.4821,837410.5293,814013.6873,830563.7381,830563.7381,3431699
24-01-2035,830573.6261,842867.8911,799851.4858,830728.2055,830728.2055,5666807
25-01-2035,841892.7638,851245.1345,839944.6022,845220.7635,845220.7635,4515818
26-01-2035,842837.4719,865902.4758,821832.7302,838352.8582,838352.8582,3098930
27-01-2035,837313.4126,879441.4338,814138.6528,835497.7714,835497.7714,3267175
28-01-2035,847479.4377,854291.953,835742.6796,845082.7477,845082.7477,3749102
29-01-2035,840604.3867,866989.6615,803494.4166,847365.9351,847365.9351,3418301
30-01-2035,789595.0479,804540.3787,775220.3278,794070.3143,794070.3143,3162056
31-01-2035,807686.1681,820126.1157,780259.9462,801917.9094,801917.9094,4310241
01-02-2035,795481.8919,807824.3871,787347.126,795655.0655,795655.0655,3949627
02-02-2035,783696.7916,795817.4401,757422.9574,790225.4781,790225.4781,2971640
03-02-2035,800169.476,817970.8554,766399.2511,801187.5632,801187.5632,3850426
04-02-2035,817479.2626,831389.1844,776857.5564,811882.2563,811882.2563,4458216
05-02-2035,808257.1249,861092.782,789251.2028,814901.1951,814901.1951,4808216
06-02-2035,801490.8384,844262.0825,778684.7203,799521.2107,799521.2107,4666894
07-02-2035,801181.5557,820787.9873,803014.5919,808555.4408,808555.4408,2261847
08-02-2035,800137.5262,855834.8585,792684.5645,804881.0239,804881.0239,2913076
09-02-2035,797787.4868,829368.5131,796554.9268,801599.1256,801599.1256,5300622
10-02-2035,782192.5534,804495.8306,779133.6229,784952.6265,784952.6265,4415387
11-02-2035,770558.4904,797642.5138,750602.9969,767906.6307,767906.6307,2221327
12-02-2035,769987.9554,800462.8089,759870.0835,772987.6963,772987.6963,3696071
13-02-2035,797576.9088,809908.6764,788881.4689,797308.0189,797308.0189,2696665
14-02-2035,795512.0619,816828.6348,781242.4698,797492.5576,797492.5576,5414485
15-02-2035,831526.1732,877643.8943,803300.5206,825521.1418,825521.1418,3674513
16-02-2035,821200.0339,834900.1774,801068.8019,821948.4464,821948.4464,3526967
17-02-2035,806066.7923,820864.942,764194.7724,804761.2395,804761.2395,4005470
18-02-2035,825360.5506,848949.4395,803026.3451,817899.2386,817899.2386,5655431
19-02-2035,828827.8943,884036.7908,808258.9928,829021.6663,829021.6663,3534100
20-02-2035,835596.9826,866024.9808,815417.1665,843760.8469,843760.8469,3280552
21-02-2035,816680.5844,867111.261,775529.3916,823182.527,823182.527,2588776
22-02-2035,834218.7388,838926.9924,810201.6343,826243.4852,826243.4852,4004641
23-02-2035,826591.9474,866498.2407,785176.2173,832959.5401,832959.5401,3073761
24-02-2035,851224.4062,876023.2109,839764.1594,848662.6587,848662.6587,2809809
25-02-2035,838714.8955,874701.1503,789550.9713,847018.9196,847018.9196,3253760
26-02-2035,845247.1143,860278.218,834078.1791,839727.4364,839727.4364,4275323
27-02-2035,862227.7652,881813.3735,801703.4313,858396.991,858396.991,2951640
28-02-2035,870615.9428,900882.8623,832060.0763,878376.7203,878376.7203,1871411
01-03-2035,879786.5035,911338.2863,851146.0875,887029.9018,887029.9018,2789919
02-03-2035,892976.7777,912607.4155,864000.7634,885176.9334,885176.9334,3855045
03-03-2035,869007.8615,882544.0868,851990.9352,872397.0402,872397.0402,3257624
04-03-2035,888028.7368,909730.8352,869466.1905,888399.867,888399.867,3310190
05-03-2035,857742.781,869291.8983,820822.2581,854212.1922,854212.1922,5379569
06-03-2035,876261.1734,889355.8097,855201.2106,877440.0703,877440.0703,3478637
07-03-2035,888239.9543,919123.4203,864537.5665,896271.33,896271.33,4808737
08-03-2035,928488.4611,956058.6912,914896.4892,919361.2544,919361.2544,3465858
09-03-2035,890436.2211,897717.5457,880352.7937,891722.101,891722.101,2755271
10-03-2035,881639.1795,899398.9079,862486.6297,887205.6692,887205.6692,3331121
11-03-2035,910931.5866,935095.9498,905538.7635,909496.3439,909496.3439,3349067
12-03-2035,908121.0712,915758.6088,862877.1951,901274.5844,901274.5844,3155121
13-03-2035,900204.1377,918851.8763,887325.2611,899941.4945,899941.4945,3882279
14-03-2035,909322.4704,923707.9027,884185.6981,903547.5587,903547.5587,3681113
15-03-2035,898034.4218,913111.3637,887189.0686,904670.6086,904670.6086,4700324
16-03-2035,894451.1848,910709.445,863260.4402,890134.1865,890134.1865,3638563
17-03-2035,882353.7242,885255.1797,839022.3744,876231.4139,876231.4139,2898504
18-03-2035,872784.9713,873074.1555,860914.1533,869557.962,869557.962,1794517
19-03-2035,880556.7291,890146.3035,872546.0126,878055.9159,878055.9159,4165914
20-03-2035,878081.2842,900548.1984,851632.482,878423.1188,878423.1188,2811191
21-03-2035,882418.6818,894814.5287,844730.3323,877015.4346,877015.4346,3062985
22-03-2035,879606.0698,883168.5724,849459.4463,874801.6293,874801.6293,3993662
23-03-2035,867964.8416,913513.784,867818.7935,872650.0417,872650.0417,4349469
24-03-2035,930156.5768,937380.5126,869779.1381,932622.2509,932622.2509,2167750
25-03-2035,944735.1437,978335.3825,933931.4236,939936.4311,939936.4311,4688656
26-03-2035,941121.3726,948963.798,926573.3391,931888.0802,931888.0802,3535702
27-03-2035,940441.6912,973217.955,920368.5265,943209.6456,943209.6456,4111262
28-03-2035,941843.7123,949581.5483,931926.5088,935748.0512,935748.0512,3519854
29-03-2035,932835.1874,978674.6701,921883.1492,941141.3742,941141.3742,2785413
30-03-2035,934146.3494,985030.2926,935169.0101,942419.9973,942419.9973,3131935
31-03-2035,950836.5615,953251.429,898321.9799,944962.2516,944962.2516,3332926
01-04-2035,944297.8985,950762.3373,915002.2936,937790.2207,937790.2207,3683750
02-04-2035,895397.594,909468.5785,854156.3527,889614.991,889614.991,4463520
03-04-2035,895172.5953,904282.1594,885882.8416,893295.9474,893295.9474,3514503
04-04-2035,895197.4997,924494.5932,875716.8146,889371.6919,889371.6919,3041771
05-04-2035,887982.2074,911326.2187,834360.8845,891538.9432,891538.9432,4337802
06-04-2035,883576.8369,900086.5886,884653.0637,888734.8821,888734.8821,3386773
07-04-2035,893894.6026,910053.738,882162.292,889855.1399,889855.1399,4688094
08-04-2035,888829.1893,924833.624,878624.0588,883543.9014,883543.9014,5491525
09-04-2035,904854.0687,940903.7342,867824.4291,906423.9843,906423.9843,4307763
10-04-2035,903622.9904,941619.9552,858245.1661,900410.603,900410.603,4390492
11-04-2035,911861.175,933200.1634,889125.2098,906683.2103,906683.2103,3524801
12-04-2035,921794.75,933750.5306,914714.1711,920464.0989,920464.0989,3909485
13-04-2035,933946.1596,974431.1885,924475.9292,931646.8737,931646.8737,5415050
14-04-2035,945524.4038,945729.0038,914551.0101,937577.659,937577.659,4639010
15-04-2035,924223.9009,989629.7105,892663.7953,933463.998,933463.998,3144710
16-04-2035,946616.7945,961132.9991,911695.1825,940182.5491,940182.5491,2140224
17-04-2035,938964.5644,975260.4977,942247.8976,945519.4141,945519.4141,3120351
18-04-2035,964282.1892,998615.4542,946707.0301,959198.8037,959198.8037,5616281
19-04-2035,957302.6684,989322.0593,940709.564,955740.6779,955740.6779,2409201
20-04-2035,994919.4508,1023600.415,979427.5969,990472.2737,990472.2737,321232
21-04-2035,1027372.406,1047939.121,1016326.403,1026466.015,1026466.015,3300724
22-04-2035,1017988.998,1053881.293,978191.4918,1025539.065,1025539.065,4737062
23-04-2035,1026751.813,1043409.454,1008493.617,1024826.874,1024826.874,2739053
24-04-2035,1018699.106,1041618.537,984298.9133,1017646.135,1017646.135,2680200
25-04-2035,1026285.761,1070077.149,982018.6328,1036009.87,1036009.87,2894027
26-04-2035,1007926.289,1018473.752,965843.1225,1011288.573,1011288.573,3796793
27-04-2035,1020491.191,1072382.123,986490.6332,1017117.377,1017117.377,2993899
28-04-2035,1016586.372,1030290.937,1002412.902,1006586.116,1006586.116,3059094
29-04-2035,1018829.694,1032830.552,982549.0717,1011101.153,1011101.153,5031661
30-04-2035,999131.0241,1024220.372,972710.2979,1009031.834,1009031.834,2767070
01-05-2035,1010943.85,1056799.269,998385.8266,1007343.618,1007343.618,4695805
02-05-2035,1011803.614,1024542.31,970352.4448,1012990.887,1012990.887,4233772
03-05-2035,1031577.961,1060306.61,1017460.387,1041094.715,1041094.715,1416724
04-05-2035,1004166.366,1035510.827,1000298.677,1009148.781,1009148.781,4455564
05-05-2035,1015015.544,1064363.83,963021.0795,1010053.264,1010053.264,2815144
06-05-2035,1025967.169,1026110.499,960449.193,1015874.949,1015874.949,2984389
07-05-2035,1003315.992,1014977.475,991254.7861,998970.5318,998970.5318,3996909
08-05-2035,980497.3645,1036287.378,974479.3055,986064.9579,986064.9579,2209262
09-05-2035,987542.0938,1000220.789,960426.709,986909.6575,986909.6575,4561163
10-05-2035,967977.3168,1002441.233,950367.7906,971697.6931,971697.6931,3956996
11-05-2035,1028081.016,1057062.117,1023195.325,1032214.582,1032214.582,3701412
12-05-2035,1032914.672,1069061.133,1014149.562,1032053.119,1032053.119,5222371
13-05-2035,1023950.257,1049184.367,1017817.213,1031714.732,1031714.732,4916415
14-05-2035,1063395.053,1109103.556,1039548.282,1054292.765,1054292.765,5505122
15-05-2035,1078959.077,1104890.355,1023813.204,1070099.122,1070099.122,3455857
16-05-2035,1091552.513,1136323.476,1059209.822,1092037.77,1092037.77,4256690
17-05-2035,1100377.233,1111738.442,1076304.119,1093983.859,1093983.859,4205751
18-05-2035,1093463.431,1116483.66,1053181.482,1098272.369,1098272.369,4521705
19-05-2035,1096778.397,1111044.457,1042134.049,1094802.147,1094802.147,5341262
20-05-2035,1112361.592,1142423.903,1032335.049,1110612.963,1110612.963,3272771
21-05-2035,1112304.478,1137533.73,1063911.539,1116914.264,1116914.264,2622139
22-05-2035,1115403.624,1153010.713,1076360.552,1118459.95,1118459.95,2428483
23-05-2035,1106494.654,1125500.435,1091436.505,1113298.269,1113298.269,4075199
24-05-2035,1120868.727,1134045.73,1067991.801,1119322.668,1119322.668,3195868
25-05-2035,1138479.356,1146774.463,1085455.634,1136335.513,1136335.513,3639307
26-05-2035,1149144.497,1147601.854,1096552.603,1137855.034,1137855.034,4947996
27-05-2035,1136958.967,1170173.1,1102674.863,1145353.223,1145353.223,3211221
28-05-2035,1154092.588,1160638.01,1117428.472,1150092.347,1150092.347,2818722
29-05-2035,1160180.316,1192193.251,1117773.628,1149962.826,1149962.826,4813192
30-05-2035,1149872.077,1167424.601,1134712.396,1146046.524,1146046.524,3855226
31-05-2035,1143701.463,1184622.495,1100537.256,1136307.672,1136307.672,2681212
01-06-2035,1141122.361,1148656.578,1118640.773,1142398.124,1142398.124,2776439
02-06-2035,1165432.33,1173025.126,1137473.254,1157768.52,1157768.52,4697677
03-06-2035,1158854.235,1182618.539,1115732.76,1154291.741,1154291.741,2240133
04-06-2035,1157004.612,1178739.925,1135696.993,1160712.485,1160712.485,3176495
05-06-2035,1179272.068,1190217.438,1156197.473,1181034.438,1181034.438,2856786
06-06-2035,1182667.433,1230646.64,1125707.809,1178617.334,1178617.334,2815950
07-06-2035,1175283.617,1189365.373,1160673.498,1175776.264,1175776.264,5254172
08-06-2035,1147069.691,1167862.989,1108434.694,1156620.524,1156620.524,3666358
09-06-2035,1124350.218,1162382.181,1120295.292,1132225.368,1132225.368,2787725
10-06-2035,1108538.161,1154430.569,1076331.081,1098186.789,1098186.789,4331223
11-06-2035,1145024.805,1192557.154,1106790.97,1146473.783,1146473.783,3494752
12-06-2035,1131550.845,1199413.532,1129650.121,1141756.838,1141756.838,3636035
13-06-2035,1155030.283,1191702.83,1146864.543,1159759.818,1159759.818,3261967
14-06-2035,1145638.95,1170443.104,1115759.181,1149012.096,1149012.096,2787960
15-06-2035,1157645.672,1220080.947,1140705.261,1165342.599,1165342.599,1554369
16-06-2035,1170278.93,1236460.202,1127458.777,1168363.179,1168363.179,4306287
17-06-2035,1207804.943,1249075.827,1153551.06,1207635.18,1207635.18,4026765
18-06-2035,1192901.588,1236258.894,1186226.793,1199227.705,1199227.705,2544218
19-06-2035,1228332.995,1287902.485,1201266.454,1223380.673,1223380.673,4432795
20-06-2035,1244940.573,1288629.264,1224245.05,1256647.041,1256647.041,3812953
21-06-2035,1240640.794,1282083.089,1232059.333,1240181.118,1240181.118,6265593
22-06-2035,1276735.899,1323858.768,1276275.589,1288209.604,1288209.604,3980237
23-06-2035,1276979.912,1327258.069,1265799.626,1269206.97,1269206.97,1755220
24-06-2035,1281816.3,1322200.695,1214618.14,1271479.049,1271479.049,2806365
25-06-2035,1304986.703,1339874.341,1309180.532,1317684.57,1317684.57,4223338
26-06-2035,1298455.952,1318469.182,1276787.154,1309975.92,1309975.92,2645374
27-06-2035,1333818.386,1336939.199,1315384.869,1324203.292,1324203.292,5086775
28-06-2035,1337598.244,1387393.647,1276642.221,1324963.45,1324963.45,2367277
29-06-2035,1315311.632,1378505.791,1301490.652,1317150.64,1317150.64,4634481
30-06-2035,1320440.145,1327214.483,1294823.656,1311617.461,1311617.461,3096665
01-07-2035,1305544.263,1391829.491,1293665.267,1309929.303,1309929.303,4085218
02-07-2035,1285057.615,1321567.249,1254907.588,1285763.745,1285763.745,3528485
03-07-2035,1307529.316,1352292.863,1265169.538,1296658.753,1296658.753,2321364
04-07-2035,1324058.034,1359787.115,1272352.666,1319880.035,1319880.035,4449547
05-07-2035,1285913.752,1308866.513,1276369.238,1296938.719,1296938.719,3338751
06-07-2035,1279505.391,1328215.996,1269656.349,1291827.957,1291827.957,4031315
07-07-2035,1286598.992,1313961.782,1234886.143,1292152.926,1292152.926,4866312
08-07-2035,1279816.623,1370234.146,1221511.068,1288091.687,1288091.687,3651584
09-07-2035,1263267.617,1322600.206,1210199.916,1275605.334,1275605.334,4425751
10-07-2035,1254770.347,1272970.906,1183576.612,1253871.616,1253871.616,2079231
11-07-2035,1266701.578,1291699.597,1211698.707,1258895.878,1258895.878,2275241
12-07-2035,1261419.861,1307165.114,1212437.772,1270554.456,1270554.456,4060627
13-07-2035,1264864.924,1342221.848,1238753.268,1272833.295,1272833.295,2182220
14-07-2035,1172855.588,1205908.35,1160531.868,1175970.997,1175970.997,2839047
15-07-2035,1190079.648,1227818.196,1154930.754,1192648.063,1192648.063,3787060
16-07-2035,1227297.796,1265829.793,1197952.63,1225085.512,1225085.512,4494682
17-07-2035,1217705.752,1267378.61,1210335.027,1220102.573,1220102.573,2502363
18-07-2035,1239516.362,1284529.998,1175100.474,1240547.269,1240547.269,3905561
19-07-2035,1234331.083,1242095.863,1184958.275,1230005.371,1230005.371,4667010
20-07-2035,1223130.601,1280066.143,1204004.622,1233253.263,1233253.263,4506409
21-07-2035,1214245.59,1238031.616,1183773.118,1208715.037,1208715.037,2912732
22-07-2035,1215715.526,1264811.206,1164328.551,1210783.801,1210783.801,3615208
23-07-2035,1196008.071,1243540.513,1124276.778,1207491.47,1207491.47,3536433
24-07-2035,1194862.677,1206454.211,1181205.221,1197533.878,1197533.878,6690622
25-07-2035,1193027.34,1252340.052,1139873.027,1197378.116,1197378.116,4918828
26-07-2035,1204665.223,1236124.087,1175359.392,1204090.738,1204090.738,3625933
27-07-2035,1195213.976,1279726.756,1169086.475,1205426.843,1205426.843,2502879
28-07-2035,1326455.199,1356989.688,1281836.51,1318563.831,1318563.831,5100230
29-07-2035,1325794.847,1353742.578,1311289.925,1326163.57,1326163.57,2693625
30-07-2035,1361027.444,1360143.999,1341294.244,1349741.439,1349741.439,2388622
31-07-2035,1339489.861,1425225.847,1325165.212,1338774.013,1338774.013,4098271
01-08-2035,1342026.957,1364635.125,1290366.89,1335184.716,1335184.716,3464909
02-08-2035,1348372.303,1362527.927,1275902.812,1342360.766,1342360.766,2435387
03-08-2035,1332685.312,1353112.584,1263540.427,1330054.242,1330054.242,4640789
04-08-2035,1357217.761,1375720.671,1343037.879,1353620.086,1353620.086,3295931
05-08-2035,1360646.194,1394246.789,1297632.68,1360875.302,1360875.302,4193152
06-08-2035,1328009.03,1383674.251,1309028.237,1337158.514,1337158.514,4058955
07-08-2035,1333942.756,1384451.183,1297919.171,1337007.927,1337007.927,3431295
08-08-2035,1334411.809,1362520.749,1331588.828,1343652.7,1343652.7,3193236
09-08-2035,1520788.349,1564243.746,1441857.27,1533526.09,1533526.09,3550767
10-08-2035,1553555.755,1639346.782,1496397.286,1564060.989,1564060.989,2947588
11-08-2035,1573953.338,1658071.999,1556988.442,1583539.924,1583539.924,3316067
12-08-2035,1596881.377,1643774.004,1572588.055,1597022.205,1597022.205,2605055
13-08-2035,1586552.075,1627538.91,1550766.185,1600119.674,1600119.674,4396257
14-08-2035,1614397.683,1653936.882,1603588.084,1623309.06,1623309.06,3077325
15-08-2035,1564386.707,1659265.422,1550720.721,1574864.873,1574864.873,3005479
16-08-2035,1570428.276,1635064.856,1487923.322,1567901.708,1567901.708,4510912
17-08-2035,1558866.397,1599815.328,1501412.099,1560898.565,1560898.565,5410602
18-08-2035,1552828.203,1649547.955,1546294.832,1553695.035,1553695.035,3856713
19-08-2035,1607149.959,1698405.443,1531907.44,1596784.991,1596784.991,4064231
20-08-2035,1585402.947,1610438.207,1537310.013,1574913.643,1574913.643,4230842
21-08-2035,1587416.601,1619123.154,1555783.625,1575791.034,1575791.034,3701718
22-08-2035,1582482.823,1604776.807,1534109,1577236.386,1577236.386,4730309
23-08-2035,1617293.145,1680930.188,1574270.489,1608115.41,1608115.41,2433061
24-08-2035,1600945.381,1626000.835,1577929.729,1608374.626,1608374.626,4324072
25-08-2035,1585237.123,1613999.098,1561885.072,1587299.994,1587299.994,5056905
26-08-2035,1625308.344,1718010.766,1573294.605,1615070.769,1615070.769,3348064
27-08-2035,1643007.417,1717230.608,1572067.204,1635153.041,1635153.041,3274236
28-08-2035,1610856.137,1638178.875,1523865.647,1602211.282,1602211.282,1824946
29-08-2035,1612955.621,1726928.52,1556862.621,1622332.424,1622332.424,3572247
30-08-2035,1638788.763,1662057.449,1543206.216,1642127.656,1642127.656,4229738
31-08-2035,1622466.859,1644479.041,1593172.924,1634665.136,1634665.136,2629084
01-09-2035,1646113.244,1725594.601,1550219.089,1640690.443,1640690.443,3723019
02-09-2035,1638498.328,1714862.851,1586915.246,1633943.535,1633943.535,3064769
03-09-2035,1610140.255,1706873.095,1605250.952,1615790.07,1615790.07,5060130
04-09-2035,1657652.801,1754434.142,1608363.318,1659526.487,1659526.487,5288836
05-09-2035,1700741.732,1783459.462,1682060.773,1715307.88,1715307.88,4566710
06-09-2035,1737847.623,1740349.623,1699256.872,1724124.078,1724124.078,3958936
07-09-2035,1725012.054,1739714.886,1706195.277,1724685.09,1724685.09,2725088
08-09-2035,1722797.924,1718854.288,1676506.135,1712460.39,1712460.39,2822018
09-09-2035,1707757.192,1726610.498,1693056.316,1705095.851,1705095.851,1981571
10-09-2035,1663090.701,1743140.931,1670983.841,1676593.729,1676593.729,4617565
11-09-2035,1670459.552,1712253.589,1624407.504,1660319.011,1660319.011,2239377
12-09-2035,1634733.738,1663679.011,1615334.735,1623884.164,1623884.164,3710661
13-09-2035,1567647.437,1584079.433,1539763.564,1557525.237,1557525.237,4828252
14-09-2035,1555477.713,1596530.031,1523044.996,1559241.168,1559241.168,4265032
15-09-2035,1553291.612,1596086.742,1475712.509,1540378.274,1540378.274,4405979
16-09-2035,1587269.168,1626892.791,1524544.077,1576231.546,1576231.546,2902751
17-09-2035,1594613.882,1607943.833,1537184.198,1591635.629,1591635.629,4556571
18-09-2035,1591726.143,1609727.712,1542864.906,1593062.185,1593062.185,4631297
19-09-2035,1607036.687,1658738.556,1571050.673,1594983.679,1594983.679,3233105
20-09-2035,1599170.936,1619275.124,1573307.548,1610746.498,1610746.498,4008881
21-09-2035,1597026.949,1711023.785,1577228.317,1607849.36,1607849.36,5427008
22-09-2035,1585231.702,1610584.143,1547368.174,1572409.645,1572409.645,4787284
23-09-2035,1594867.043,1626239.474,1558630.795,1592156.527,1592156.527,5198738
24-09-2035,1585648.742,1585312.299,1555109.938,1575303.874,1575303.874,4401623
25-09-2035,1610636.164,1623976.088,1541735.555,1599644.416,1599644.416,3134620
26-09-2035,1653083.314,1657620.804,1534878.193,1636950.449,1636950.449,4671306
27-09-2035,1638443.355,1666628.801,1617074.608,1637831.25,1637831.25,1602729
28-09-2035,1631909.895,1726668.107,1589454.007,1617161.764,1617161.764,1383585
29-09-2035,1634805.17,1674738.735,1562175.845,1630483.968,1630483.968,3665804
30-09-2035,1656034.922,1706487.022,1580946.991,1650757.893,1650757.893,4181857
01-10-2035,1667111.737,1724034.508,1617542.191,1651401.248,1651401.248,4043614
02-10-2035,1655328.523,1737943.99,1662448.466,1671933.062,1671933.062,3598658
03-10-2035,1655854.479,1692525.174,1646336.38,1659243.501,1659243.501,5794733
04-10-2035,1667255.689,1670143.906,1600502.829,1652491.556,1652491.556,3282818
05-10-2035,1622150.791,1647736.557,1572036.447,1631392.434,1631392.434,4028424
06-10-2035,1631419.161,1702534.999,1546852.647,1624258.15,1624258.15,2219590
07-10-2035,1654961.716,1736917.055,1656669.099,1668429.641,1668429.641,2673737
08-10-2035,1697559.463,1724536.866,1671753.576,1684865.897,1684865.897,3334466
09-10-2035,1674943.231,1697511.479,1663244.941,1683239.732,1683239.732,4548127
10-10-2035,1700295.534,1708428.604,1658915.517,1699383.713,1699383.713,5302768
11-10-2035,1684873.126,1720206.777,1646186.168,1692722.164,1692722.164,3999659
12-10-2035,1674054.258,1698938.177,1653021.476,1679984.727,1679984.727,3891257
13-10-2035,1709535.766,1775572.45,1654068.36,1707411.045,1707411.045,3018922
14-10-2035,1745704.748,1750961.874,1671797.307,1728506.283,1728506.283,3913577
15-10-2035,1725958.477,1775900.745,1680930.696,1724280.627,1724280.627,3618882
16-10-2035,1690209.994,1787167.622,1664613.803,1702699.967,1702699.967,2834284
17-10-2035,1714364.428,1735699.16,1686310.8,1710447.531,1710447.531,3429229
18-10-2035,1713593.652,1764640.333,1650534.358,1720591.978,1720591.978,5145799
19-10-2035,1816253.039,1883938.986,1759652.351,1814759.633,1814759.633,3126026
20-10-2035,1836765.087,1889282.259,1812688.276,1839176.318,1839176.318,3839237
21-10-2035,1810662.626,1850549.799,1783148.827,1800384.862,1800384.862,3547460
22-10-2035,1813767.429,1814084.407,1732603.66,1801832.411,1801832.411,4286282
23-10-2035,1812485.64,1848332.664,1747440.93,1806087.878,1806087.878,3422486
24-10-2035,1816511.437,1850317.477,1763337.335,1833165.431,1833165.431,4049859
25-10-2035,1836956.9,1874741.138,1816633.905,1840268.217,1840268.217,3847020
26-10-2035,1871350.827,1909021.589,1855786.704,1880379.24,1880379.24,2572287
27-10-2035,1876040.942,1895631.187,1812598.437,1884178.851,1884178.851,4655725
28-10-2035,1860130.87,1888822.749,1836990.466,1878375.664,1878375.664,5309495
29-10-2035,1835203.053,1916057.75,1820449.941,1845726.933,1845726.933,3456931
30-10-2035,1844076.064,1871707.977,1831779.309,1852078.934,1852078.934,3559033
31-10-2035,1857880.015,1895055.792,1834513.041,1848512.609,1848512.609,4362235
01-11-2035,1779719.08,1803639.212,1712754.581,1784441.286,1784441.286,4068783
02-11-2035,1767111.314,1786555.922,1737768.945,1758517.603,1758517.603,5546004
03-11-2035,1755063.528,1843099.305,1733253.974,1744176.061,1744176.061,3834047
04-11-2035,1735523.562,1820873.252,1721526.993,1732849.025,1732849.025,3928225
05-11-2035,1804393.325,1869328.181,1802187.669,1816022.633,1816022.633,6009254
06-11-2035,1821689.913,1839886.318,1745040.137,1816463.674,1816463.674,3621554
07-11-2035,1846655.193,1850580.48,1795799.437,1828732.902,1828732.902,1719919
08-11-2035,1865309.6,1915940.982,1858783.253,1869011.652,1869011.652,3246142
09-11-2035,1915175.011,2002242.007,1771029.561,1904839.51,1904839.51,5119070
10-11-2035,1902402.397,1968979.034,1858485.809,1908700.902,1908700.902,3363524
11-11-2035,1909425.523,1999893.679,1845700.12,1919701.983,1919701.983,2665105
12-11-2035,1863838.783,1902601.519,1806290.133,1880186.165,1880186.165,3673324
13-11-2035,1889122.446,1893803.693,1838200.851,1877534.86,1877534.86,3852625
14-11-2035,1869659.992,1908988.33,1842955.192,1866657.724,1866657.724,4224207
15-11-2035,1801633.505,1827699.743,1700300.448,1790378.019,1790378.019,2448818
16-11-2035,1758445.304,1803276.292,1704223.139,1775910.692,1775910.692,3620998
17-11-2035,1757352.359,1769932.405,1676766.394,1755784.263,1755784.263,3420823
18-11-2035,1548893.097,1591823.857,1504644.088,1562696.324,1562696.324,3718772
19-11-2035,1583075.513,1600048.364,1545617.631,1583945.334,1583945.334,4791786
20-11-2035,1555374.57,1600224.168,1493466.22,1552429.334,1552429.334,3136575
21-11-2035,1578093.568,1579118.661,1493847.357,1567318.71,1567318.71,5024970
22-11-2035,1559520.304,1558816.394,1519292.192,1548904.838,1548904.838,3900932
23-11-2035,1548464.338,1606968.993,1489167.631,1537926.082,1537926.082,6298598
24-11-2035,1552954.833,1614868.737,1539754.857,1554360.99,1554360.99,4057791
25-11-2035,1597952.43,1675828.444,1523750.187,1588596.563,1588596.563,2777296
26-11-2035,1600833.606,1618783.868,1565899.555,1589113.476,1589113.476,4771882
27-11-2035,1589346.359,1687377.778,1552177.613,1604380.156,1604380.156,3002219
28-11-2035,1632943.505,1719067.341,1612988.969,1633736.154,1633736.154,5004694
29-11-2035,1649217.891,1673346.109,1617500.067,1651503.731,1651503.731,4247972
30-11-2035,1664473.46,1711835.778,1583908.786,1669986.306,1669986.306,3072973
01-12-2035,1629975.181,1653882.991,1605074.975,1624650.397,1624650.397,3683883
02-12-2035,1631527.16,1641584.724,1594390.411,1617261.927,1617261.927,3907433
03-12-2035,1594435.538,1641079.175,1568381.463,1593912.431,1593912.431,3519817
04-12-2035,1648492.13,1647165.767,1588937.003,1638272.735,1638272.735,4713782
05-12-2035,1661974.428,1728698.606,1577856.451,1650213.164,1650213.164,2197929
06-12-2035,1671070.982,1755098.144,1636922.855,1665198.14,1665198.14,1795411
07-12-2035,1636983.562,1692669.722,1589124.762,1642408.421,1642408.421,3753203
08-12-2035,1655011.675,1676077.916,1576951.357,1653106.113,1653106.113,5039788
09-12-2035,1655549.035,1698796.928,1603598.682,1659625.059,1659625.059,3463846
10-12-2035,1658915.197,1690112.862,1647951.155,1674366.104,1674366.104,2042101
11-12-2035,1656606.973,1676053.737,1618048.014,1664766.325,1664766.325,2552980
12-12-2035,1650689.306,1668033.904,1613565.037,1650932.985,1650932.985,3805849
13-12-2035,1637942.593,1697268.069,1597421.84,1630851.99,1630851.99,4481468
14-12-2035,1597517.157,1631882.99,1594245.817,1613037.97,1613037.97,5290446
15-12-2035,1619340.713,1660518.33,1559218.106,1604270.721,1604270.721,2843906
16-12-2035,1606879.771,1661201.407,1542934.194,1602606.499,1602606.499,3341395
17-12-2035,1601803.092,1625472.944,1537172.986,1607790.624,1607790.624,1642751
18-12-2035,1583782.935,1642825.844,1522666.776,1580508.575,1580508.575,3051715
19-12-2035,1710485.834,1763206.247,1650557.462,1697088.728,1697088.728,3459338
20-12-2035,1676535.797,1714677.213,1647250.005,1687612.874,1687612.874,2787147
21-12-2035,1715849.914,1783206.426,1694563.52,1708514.959,1708514.959,1875307
22-12-2035,1707493.294,1786217.853,1616815.516,1714867.977,1714867.977,3301616
23-12-2035,1679321.936,1720282.059,1651464.986,1694578.048,1694578.048,3759768
24-12-2035,1693829.476,1724920.02,1666632.523,1703096.558,1703096.558,4153091
25-12-2035,1744930.773,1796936.894,1669319.114,1739209.566,1739209.566,3512667
26-12-2035,1735738.189,1810087.839,1683094.834,1737822.832,1737822.832,3294811
27-12-2035,1706982.282,1790893.16,1670348.412,1722042.523,1722042.523,4166410
28-12-2035,1732013.891,1763365.899,1708693.769,1745458.269,1745458.269,2512510
29-12-2035,1795822.826,1856769.545,1783456.122,1790658.32,1790658.32,4774204
30-12-2035,1781327.493,1861456.787,1716015.57,1794288.25,1794288.25,1213633
31-12-2035,1828735.413,1850285.732,1784707.465,1816634.453,1816634.453,4786830
01-01-2036,1851569.03,1877447.986,1748390.191,1843752.919,1843752.919,3860403
02-01-2036,1884116.965,1928225.95,1823468.007,1894259.113,1894259.113,3327558
03-01-2036,1944119.8,1996909.413,1818161.821,1930570.949,1930570.949,4200234
04-01-2036,1854243.188,1886901.44,1829495.581,1857033.82,1857033.82,5226855
05-01-2036,1891813.82,1924752.464,1856540.511,1877133.991,1877133.991,2843237
06-01-2036,1830363.346,1913073.28,1823374.646,1847655.741,1847655.741,1949079
07-01-2036,1844817.721,1870308.216,1760694.753,1844097.933,1844097.933,1915454
08-01-2036,1846549.74,1844128.5,1786456.401,1832840.391,1832840.391,4544139
09-01-2036,1840757.775,1914632.404,1801907.444,1823582.522,1823582.522,1942516
10-01-2036,1815966.783,1840111.626,1765179.427,1814173.507,1814173.507,4403220
11-01-2036,1843471.971,1851322.389,1813241.918,1830738.394,1830738.394,3142569
12-01-2036,1812554.926,1832972.979,1753499.348,1815807.858,1815807.858,3016503
13-01-2036,1808209.129,1865564.144,1782822.927,1801969.446,1801969.446,1775459
14-01-2036,1789145.06,1807316.515,1782128.02,1796166.376,1796166.376,2909032
15-01-2036,1959141.994,1978783.133,1951342.056,1964748.033,1964748.033,2673466
16-01-2036,1979163.802,2043297.754,1872111.651,1961349.328,1961349.328,2328581
17-01-2036,2020565.071,2046711.15,1990391.849,2017009.346,2017009.346,3189069
18-01-2036,2040959.433,2088750.361,2013467.351,2044055.459,2044055.459,3827870
19-01-2036,2068656.805,2079076.061,2034183.913,2052993.595,2052993.595,4943022
20-01-2036,2073180.266,2072888.051,2001642.756,2063864.934,2063864.934,1954581
21-01-2036,2084316.752,2174425.464,1971510.829,2094681.382,2094681.382,3808208
22-01-2036,2074869.314,2147279.13,2022066.386,2072959.259,2072959.259,5088197
23-01-2036,2046013.692,2117537.18,1997368.002,2062299.386,2062299.386,3587639
24-01-2036,2086920.243,2135066.78,2011803.619,2077142.662,2077142.662,5266320
25-01-2036,2156911.446,2199318.495,1984219.847,2136088.714,2136088.714,4808201
26-01-2036,2120290.382,2191622.945,2079083.703,2136396.366,2136396.366,3594124
27-01-2036,2039188.158,2100027.782,2013514.223,2054746.767,2054746.767,3889720
28-01-2036,2043471.259,2146503.325,1930376.174,2049237.924,2049237.924,4509746
29-01-2036,2064186.961,2123239.138,1971854.435,2054432.69,2054432.69,4711814
30-01-2036,2036256.379,2141797.446,2031744.377,2055806.657,2055806.657,4145762
31-01-2036,2056296.266,2063206.262,2017522.16,2048160.436,2048160.436,3625477
01-02-2036,2060439.003,2132859.255,1989804.455,2048566.011,2048566.011,4050800
02-02-2036,2072082.706,2181748.675,1984048.402,2054848.938,2054848.938,3111012
03-02-2036,2066490.404,2104361.627,1962831.756,2058834.375,2058834.375,2951338
04-02-2036,2082933.444,2116146.136,1999776.915,2067084.121,2067084.121,895261
05-02-2036,2048537.823,2100972.158,2000875.27,2040997.45,2040997.45,5485902
06-02-2036,2020772.166,2065503.554,2004132.031,2038342.864,2038342.864,4701546
07-02-2036,2031151.926,2074268.062,1919350.536,2048475.155,2048475.155,4560360
08-02-2036,2062964.349,2068578.126,1979819.21,2043142.516,2043142.516,2263230
09-02-2036,2017797.886,2075694.732,1952216.324,2017388.232,2017388.232,3877934
10-02-2036,2083560.327,2154726.255,2036709.45,2071995.16,2071995.16,3159474
11-02-2036,2096492.677,2165087.476,2051377.039,2099872.821,2099872.821,3436765
12-02-2036,2108546.028,2174923.21,2006402.105,2092063.172,2092063.172,3657155
13-02-2036,2133069.291,2153540.992,2048095.646,2117910.826,2117910.826,3135910
14-02-2036,2149146.135,2211920.839,2078374.866,2143641.454,2143641.454,5981104
15-02-2036,2149826.06,2184892.891,2095863.404,2136868.169,2136868.169,4332650
16-02-2036,2140103.393,2182515.492,2076815.102,2123592.556,2123592.556,2151899
17-02-2036,2065352.576,2170513.695,2047085.527,2061581.55,2061581.55,3011164
18-02-2036,2085471.401,2110004.607,1991344.945,2065825.027,2065825.027,5571393
19-02-2036,2052207.744,2117179.252,2057304.502,2072507.575,2072507.575,3994377
20-02-2036,2095872.249,2207294.909,1982037.947,2082776.773,2082776.773,4423819
21-02-2036,2115014.863,2182672.666,2032748.835,2119474.253,2119474.253,3269796
22-02-2036,2159969.712,2168007.354,2111468.5,2147894.319,2147894.319,2738134
23-02-2036,2113856.629,2213502.966,2075934.607,2123093.632,2123093.632,5033957
24-02-2036,2073464.96,2158295.755,2075619.564,2087507.672,2087507.672,3946261
25-02-2036,2080237.988,2149051.532,2024587.85,2096457.64,2096457.64,2277814
26-02-2036,2128218.386,2156449.2,2028842.141,2116638.281,2116638.281,4455317
27-02-2036,2080949.637,2115308.796,2059961.157,2086175.029,2086175.029,3383362
28-02-2036,2069619.989,2111245.137,1907695.35,2059538.608,2059538.608,4893891
29-02-2036,2095261.391,2158538.567,2069596.119,2082113.752,2082113.752,3625594
01-03-2036,2087352.602,2138719.521,2058951.118,2104721.098,2104721.098,5131295
02-03-2036,2117528.748,2205762.267,1988212.859,2104447.339,2104447.339,5302459
03-03-2036,2067754.554,2132399.861,2048768.137,2085737.079,2085737.079,3534469
04-03-2036,2046353.833,2122273.833,2014842.503,2039060.797,2039060.797,2720427
05-03-2036,2058559.162,2080194.613,2015098.527,2057172.049,2057172.049,3897255
06-03-2036,2080175.07,2136346.12,2018602.601,2083805.315,2083805.315,4617880
07-03-2036,2128361.066,2253499.004,2073032.807,2112983.049,2112983.049,2160192
08-03-2036,2082465.373,2109086.689,2014088.829,2098628.914,2098628.914,4636336
09-03-2036,2090676.275,2113226.432,2038345.096,2099758.132,2099758.132,6019072
10-03-2036,2098634.001,2226505.685,2081084.07,2096797.621,2096797.621,4549969
11-03-2036,2105005.349,2113123.655,1990560.356,2103580.36,2103580.36,3316032
12-03-2036,2101852.833,2160248.92,2061624.815,2100938.537,2100938.537,3716912
13-03-2036,2070121.137,2171407.862,2022133.918,2049699.153,2049699.153,5756697
14-03-2036,2041501.364,2063207.549,1983994.695,2047797.191,2047797.191,3786779
15-03-2036,2024900.282,2029507.899,1982033.646,2007234.281,2007234.281,4035296
16-03-2036,2104230.369,2110825.232,2005205.1,2090797.83,2090797.83,3703876
17-03-2036,2034825.66,2100193.667,1998968.475,2025425.161,2025425.161,3591310
18-03-2036,2008248.515,2113719.943,1904213.349,2028176.879,2028176.879,3671848
19-03-2036,2057534.545,2102463.147,2022015.098,2060532.291,2060532.291,4302195
20-03-2036,2053406.859,2078427.889,1997486.554,2068516.033,2068516.033,5358502
21-03-2036,2066908.007,2143927.64,1963155.275,2075534.475,2075534.475,2538934
22-03-2036,2082515.054,2138800.422,2081693.034,2097016.913,2097016.913,3237826
23-03-2036,2095445.03,2124550.153,2049679.743,2099768.727,2099768.727,4439572
24-03-2036,2091741.342,2167400.566,2074775.221,2084977.242,2084977.242,4861597
25-03-2036,2068650.853,2164550.372,1953795.097,2088692.821,2088692.821,4023587
26-03-2036,2119369.087,2140504.732,2062036.533,2116551.701,2116551.701,5330104
27-03-2036,2101805.856,2188167.84,2018733.664,2084781.664,2084781.664,4935562
28-03-2036,2070546.219,2133107.444,1995207.582,2089508.04,2089508.04,3174995
29-03-2036,2122626.737,2174641.506,2066276.086,2118298.143,2118298.143,3538848
30-03-2036,2121018.103,2141039.298,2011564.685,2115329.207,2115329.207,3960122
31-03-2036,2133355.938,2200425.242,2013937.031,2112364.431,2112364.431,4696403
01-04-2036,2137113.45,2175209.816,2019912.026,2128109.414,2128109.414,3466007
02-04-2036,2148810.771,2198462.964,2145809.724,2160027.898,2160027.898,3355164
03-04-2036,2191841.763,2214775.952,2093953.638,2189399.218,2189399.218,4292806
04-04-2036,2319538.46,2404372.116,2290387.194,2325754.003,2325754.003,3528196
05-04-2036,2289303.222,2328601.518,2248550.322,2305119.502,2305119.502,3221641
06-04-2036,2338710.712,2390391.854,2239258.808,2355890.904,2355890.904,6651989
07-04-2036,2373912.475,2446266.399,2361239.877,2385181.613,2385181.613,3507091
08-04-2036,2380469.022,2523510.786,2325969.776,2373346.052,2373346.052,6817067
09-04-2036,2384256.097,2491896.1,2330156.238,2398910.207,2398910.207,2574789
10-04-2036,2285169.786,2368876.059,2249377.996,2300880.364,2300880.364,3626053
11-04-2036,2235689.222,2296813.539,2138466.923,2220440.268,2220440.268,5168308
12-04-2036,2236349.201,2252323.534,2115361.73,2239219.07,2239219.07,4363828
13-04-2036,2198244.083,2226486.163,2083963.684,2199610.154,2199610.154,2501987
14-04-2036,2267002.707,2397105.486,2187817.761,2247512.837,2247512.837,2711751
15-04-2036,2233732.748,2327007.292,2159839.508,2245181.335,2245181.335,3467717
16-04-2036,2226113.742,2255922.653,2198995.948,2212766.146,2212766.146,3028981
17-04-2036,2229728.368,2259751.989,2215430.097,2242854.584,2242854.584,5044077
18-04-2036,2295483.848,2352520.943,2196158.131,2297613.48,2297613.48,4828054
19-04-2036,2279045.72,2392382.379,2263789.178,2286382.237,2286382.237,2795325
20-04-2036,2332986.827,2414202.94,2317676.77,2337004.487,2337004.487,5036619
21-04-2036,2277186.727,2344601.52,2249095.085,2296073.511,2296073.511,5076105
22-04-2036,2260734.823,2361859.538,2211520.451,2279106.829,2279106.829,4023228
23-04-2036,2249398.677,2255212.739,2180712.22,2241181.914,2241181.914,4358484
24-04-2036,2295471.379,2340759.387,2209177.766,2275170.43,2275170.43,5065543
25-04-2036,2294707.281,2408717.573,2253647.326,2314765.774,2314765.774,2343574
26-04-2036,2265095.54,2331891.651,2243105.559,2272778.01,2272778.01,4503928
27-04-2036,2284816.689,2347460.88,2247298.901,2281584.12,2281584.12,2596660
28-04-2036,2266882.557,2417827.54,2193002.083,2281695.675,2281695.675,2997139
29-04-2036,2269115.931,2320002.864,2174956.913,2252954.567,2252954.567,4188589
30-04-2036,2301062.338,2372503.57,2236277.27,2302408.098,2302408.098,3540282
01-05-2036,2289074.933,2337185.747,2283692.793,2311578.597,2311578.597,2484850
02-05-2036,2338390.59,2439122.092,2236075.67,2356994.697,2356994.697,2299852
03-05-2036,2346787.824,2422489.439,2285118.86,2352917.468,2352917.468,3517184
04-05-2036,2342240.259,2363579.341,2288315.986,2336431.089,2336431.089,4710970
05-05-2036,2371720.104,2425937.283,2346961.576,2355678.645,2355678.645,4850193
06-05-2036,2343265.536,2394305.35,2290292.386,2336643.35,2336643.35,4648167
07-05-2036,2341480.645,2419930.332,2296872.881,2330560.545,2330560.545,4105450
08-05-2036,2359059.094,2423958.948,2333829.822,2366083.947,2366083.947,3644840
09-05-2036,2405940.19,2500455.554,2385449.79,2418688.794,2418688.794,2436968
10-05-2036,2425581.636,2528865.973,2296170.108,2424098.982,2424098.982,4862362
11-05-2036,2441032.997,2505590.249,2411325.186,2460577.597,2460577.597,1862646
12-05-2036,2508099.476,2602854.667,2366048.045,2513238.576,2513238.576,3739150
13-05-2036,2496804.995,2547320.432,2448121.868,2484793.505,2484793.505,4180264
14-05-2036,2510284.928,2634370.519,2500275.312,2517969.874,2517969.874,3345688
15-05-2036,2572718.791,2614765.927,2441718.43,2547254.213,2547254.213,3053694
16-05-2036,2548738.801,2669774.331,2514243.882,2558836.82,2558836.82,3427348
17-05-2036,2538176.863,2551294.602,2480072.646,2515416.793,2515416.793,3720542
18-05-2036,2500426.345,2560676.035,2456042.078,2478311.384,2478311.384,3939458
19-05-2036,2539768.444,2625977.19,2489776.536,2545702.034,2545702.034,3022013
20-05-2036,2573971.089,2619059.299,2523566.33,2582489.642,2582489.642,5267381
21-05-2036,2540464.606,2657786.171,2393335.725,2559171.806,2559171.806,5992024
22-05-2036,2606877.536,2658286.765,2452921.192,2586535.797,2586535.797,3083597
23-05-2036,2638613.79,2694358.617,2612841.386,2636118.171,2636118.171,3785597
24-05-2036,2683107.934,2713619.095,2655296.539,2687033.901,2687033.901,3094825
25-05-2036,2671303.357,2698304.946,2627984.997,2655693.636,2655693.636,2386821
26-05-2036,2709220.787,2760782.543,2569348.368,2722240.805,2722240.805,4459120
27-05-2036,2643272.274,2723370.1,2614956.442,2662502.631,2662502.631,3011128
28-05-2036,2687476.69,2714502.715,2529484.254,2662310.605,2662310.605,4285828
29-05-2036,2675886.855,2776095.101,2668279.458,2702224.974,2702224.974,1082263
30-05-2036,2725777.233,2777117.678,2595337.953,2721659.849,2721659.849,2634658
31-05-2036,2784624.89,2862797.583,2767256.21,2787100.978,2787100.978,2896217
01-06-2036,2773029.069,2887765.422,2775144.257,2800336.88,2800336.88,4768865
02-06-2036,2804417.773,2909370.374,2765216.968,2790833.668,2790833.668,3088237
03-06-2036,2774467.274,2821789.559,2643215.04,2801112.207,2801112.207,5154045
04-06-2036,2833162.105,2873281.144,2620476.531,2806724.371,2806724.371,3569420
05-06-2036,2864744.281,2960600.941,2815206.967,2872355.725,2872355.725,4042527
06-06-2036,2900336.818,3061644.213,2868055.054,2910487.707,2910487.707,2380468
07-06-2036,2932871.578,3067816.841,2798542.987,2908929.538,2908929.538,4520601
08-06-2036,2884119.243,2966727.14,2887108.022,2902948.08,2902948.08,5608951
09-06-2036,2886082.22,3087822.03,2722506.508,2906371.382,2906371.382,3865578
10-06-2036,2916170.777,3009806.143,2920751.769,2943769.757,2943769.757,2805370
11-06-2036,2948566.883,3118699.192,2912758.746,2975899.821,2975899.821,2117389
12-06-2036,2989140.986,3005282.027,2862257.818,2966316.22,2966316.22,5571235
13-06-2036,2936277.642,2952662.032,2817429.288,2938081.269,2938081.269,4117425
14-06-2036,2968391.897,3060152.327,2831652.502,2942900.194,2942900.194,4557143
15-06-2036,2934161.466,3078595.156,2841438.254,2911577.318,2911577.318,4512227
16-06-2036,2920007.35,2994377.338,2828584.431,2897701.131,2897701.131,3211753
17-06-2036,2936773.015,3155532.846,2933441.234,2951650.997,2951650.997,4257783
18-06-2036,2944797.894,3023952.454,2827197.18,2917790.133,2917790.133,3129332
19-06-2036,2902674.954,3014377.693,2827843.376,2915676.889,2915676.889,3710040
20-06-2036,2961586.439,3060730.391,2840347.37,2966725.059,2966725.059,4120001
21-06-2036,3025301.05,3093740.316,2967712.143,2996382.937,2996382.937,4955498
22-06-2036,2981149.53,3002773.493,2934223.347,2989346.664,2989346.664,3577761
23-06-2036,3014047.256,3065204.099,2933887.878,3010447.139,3010447.139,3305754
24-06-2036,3007314.668,3035749.033,2956160.555,3022219.832,3022219.832,1973159
25-06-2036,3049177.998,3033603.465,2948389.093,3021826.735,3021826.735,4184455
26-06-2036,2894080.266,2940329.975,2835401.589,2905539.876,2905539.876,3410168
27-06-2036,2990703.427,3021093.212,2885281.986,2970138.379,2970138.379,4405884
28-06-2036,2943962.171,3003763.645,2832676.11,2929489.39,2929489.39,4294730
29-06-2036,2959369.933,3047089.091,2841120.72,2947269.808,2947269.808,2173518
30-06-2036,2943327.3,2964325.385,2828919.881,2940359.626,2940359.626,5164666
01-07-2036,2914863.185,2945570.332,2804136.818,2922409.808,2922409.808,2515102
02-07-2036,2970395.672,3132487.168,2839913.787,2943826.121,2943826.121,3075558
03-07-2036,2953735.66,2992406.279,2887707.926,2950627.507,2950627.507,3862679
04-07-2036,2980692.643,3143870.85,2812124.701,2982065.931,2982065.931,2469966
05-07-2036,2976921.599,3145515.911,2886612.791,2977060.262,2977060.262,3498856
06-07-2036,2945889.73,3035188.871,2849205.327,2949215.703,2949215.703,2690760
07-07-2036,3002836.403,3057603.293,2940899.503,2978114.394,2978114.394,3318079
08-07-2036,3036624.694,3100945.59,2960195.969,3052789.009,3052789.009,4516458
09-07-2036,3064877.254,3087248.475,2995751.5,3050661.655,3050661.655,4015553
10-07-2036,2982346.768,3066209.786,2969497.639,2989203.089,2989203.089,4112011
11-07-2036,3000307.065,3047382.744,2959086.828,3021185.935,3021185.935,2233974
12-07-2036,3075956.515,3183609.692,3003598.649,3074899.616,3074899.616,3378752
13-07-2036,3084416.936,3126385.79,2990851.614,3070563.61,3070563.61,1419175
14-07-2036,3065677.953,3087361.092,2956093.524,3063203.397,3063203.397,4985007
15-07-2036,3070529.069,3144108.184,2948080.442,3072807.951,3072807.951,5347938
16-07-2036,3085684.098,3153630.589,2912877.447,3083233.939,3083233.939,3290718
17-07-2036,3063669.052,3126601.361,3009437.965,3069974.306,3069974.306,2963509
18-07-2036,3108445.591,3225269.812,3003470.823,3085234.68,3085234.68,5341774
19-07-2036,3166608.044,3319961.44,3052437.947,3153188.506,3153188.506,5040884
20-07-2036,3216469.553,3309654.198,3183043.363,3204575.768,3204575.768,4570027
21-07-2036,3227584.181,3382078.445,3067240.518,3227164.376,3227164.376,3794222
22-07-2036,3268467.628,3415147.219,3165149.994,3263237.601,3263237.601,2711379
23-07-2036,3260126.841,3379759.265,3152700.671,3262512.159,3262512.159,2438157
24-07-2036,3219913.177,3321558.467,3221378.576,3248677.952,3248677.952,2791597
25-07-2036,3203428.165,3270865.595,3189541.248,3231321.719,3231321.719,3600306
26-07-2036,3144487.142,3166644.184,2951756.506,3129127.416,3129127.416,2987524
27-07-2036,3190536.093,3223237.212,3061348.976,3168192.027,3168192.027,4516174
28-07-2036,3097516.532,3127318.113,2935659.906,3112703.391,3112703.391,5387884
29-07-2036,3171460.401,3375930.718,3141736.011,3185296.158,3185296.158,3107692
30-07-2036,3151020.416,3211036.95,3108102.003,3131255.569,3131255.569,2486036
31-07-2036,3195620.721,3276075.559,3084645.056,3169462.246,3169462.246,4525601
01-08-2036,3219757.998,3321244.238,3162381.4,3199181.848,3199181.848,2882169
02-08-2036,3228302.766,3273395.085,3100652.883,3203040.588,3203040.588,1754339
03-08-2036,3168077.529,3200492.048,3115963.303,3169279.131,3169279.131,4811337
04-08-2036,3143879.943,3219290.693,3096047.707,3161429.921,3161429.921,3987445
05-08-2036,3123150.034,3216860.134,3057859.002,3140781.375,3140781.375,2177040
06-08-2036,3126153.756,3179310.378,3059664.454,3151677.544,3151677.544,3869113
07-08-2036,3133208.735,3311076.067,3040933.39,3114883.517,3114883.517,2764485
08-08-2036,3153934.024,3247730.717,3030267.464,3140384.303,3140384.303,4671407
09-08-2036,3160020.057,3374637.24,2952654.253,3150542.845,3150542.845,3646913
10-08-2036,3176483.413,3270303.888,3034117.964,3186218.472,3186218.472,3887589
11-08-2036,3167280.673,3282428.723,3140195.11,3179252.636,3179252.636,5510781
12-08-2036,3230520.01,3386509.888,3192923.23,3222507.061,3222507.061,3491590
13-08-2036,3240544.57,3334163.758,2995397.221,3223030.363,3223030.363,4187351
14-08-2036,3211662.482,3326666.919,3165716.158,3206839,3206839,3050995
15-08-2036,3294861.31,3345908.479,3172519.873,3262648.399,3262648.399,5658800
16-08-2036,3302481.922,3381305.786,3179779.605,3310063.718,3310063.718,4771655
17-08-2036,3382272.54,3437580.446,3275707.161,3355462.251,3355462.251,3106157
18-08-2036,3263664.891,3288165.08,3131639.601,3261529.852,3261529.852,2744179
19-08-2036,3291497.326,3347148.432,3184807.932,3277925.305,3277925.305,3114475
20-08-2036,3236324.907,3330422.77,3186480.242,3265323.294,3265323.294,4553241
21-08-2036,3307630.022,3318032.471,3183652.433,3286451.65,3286451.65,4965092
22-08-2036,3334669.065,3456077.191,3213170.909,3322321.949,3322321.949,4187124
23-08-2036,3379228.908,3460487.061,3379659.053,3403435.85,3403435.85,4109512
24-08-2036,3339294.151,3381486.868,3272396.61,3345448.234,3345448.234,2959594
25-08-2036,3317646.295,3342221.27,3154294.177,3314158.128,3314158.128,1505608
26-08-2036,3288263.376,3308781.915,3183301.227,3294796.903,3294796.903,6041196
27-08-2036,3285754.425,3318305.983,3266810.861,3303196.768,3303196.768,857807
28-08-2036,3258113.272,3403315.995,3188423.511,3278309.892,3278309.892,1296308
29-08-2036,3362740.661,3481825.192,3278260.193,3333251.406,3333251.406,3704985
30-08-2036,3346598.959,3442672.497,3246919.978,3340808.168,3340808.168,5014647
31-08-2036,3313727.533,3361009.693,3237065.508,3317399.855,3317399.855,3231042
01-09-2036,3291674.889,3317468.152,3097593.763,3264771.432,3264771.432,3450845
02-09-2036,3233247.55,3235928.195,3198320.938,3216332.194,3216332.194,4430393
03-09-2036,3262249.19,3293665.947,3225579.85,3271674.597,3271674.597,5923176
04-09-2036,3349364.468,3437151.892,3182788.351,3321304.65,3321304.65,5674063
05-09-2036,3323006.529,3368797.008,3248798.849,3325745.936,3325745.936,4285831
06-09-2036,3319066.546,3460847.121,3284274.72,3341294.965,3341294.965,3916184
07-09-2036,3326891.128,3479490.178,3127347.592,3348869.962,3348869.962,2543120
08-09-2036,3337621.599,3392634.316,3236320.032,3330133.127,3330133.127,3664260
09-09-2036,3359569.652,3450864.65,3243744.496,3331200.313,3331200.313,3594718
10-09-2036,3302541.939,3382321.397,3147317.117,3301122.213,3301122.213,3555835
11-09-2036,3206059.822,3232431.323,3135288.944,3196720.389,3196720.389,4221149
12-09-2036,3293939.563,3346412.86,3194788.544,3263591.449,3263591.449,2807536
13-09-2036,3294212.785,3337006.924,3204752.969,3292579.171,3292579.171,3680353
14-09-2036,3267307.899,3374226.864,3161239.411,3294907.051,3294907.051,3866562
15-09-2036,3345727.065,3380889.955,3178295.879,3321616.661,3321616.661,2459304
16-09-2036,3395031.615,3417403.182,3341324.337,3362305.294,3362305.294,2473074
17-09-2036,3356044.43,3394904.421,3289809.727,3359046.723,3359046.723,4088523
18-09-2036,3306399.385,3473501.161,3293983.437,3305757.6,3305757.6,4267028
19-09-2036,3800485.744,3816421.697,3735533.127,3772898.703,3772898.703,4390362
20-09-2036,3777361.498,3889294.933,3788662.702,3803546.28,3803546.28,3853510
21-09-2036,3821987.421,3900396.09,3727212.665,3802873.648,3802873.648,2732337
22-09-2036,3843073.665,3918856.536,3655475.102,3847101.597,3847101.597,2941855
23-09-2036,3854814.123,4002857.394,3789778.425,3821579.226,3821579.226,4013239
24-09-2036,3791672.084,3982269.587,3759776.243,3806541.064,3806541.064,3753112
25-09-2036,3780140.782,3831944.81,3599140.929,3781293.532,3781293.532,2899633
26-09-2036,3761410.889,3805054.158,3693362.561,3733629.452,3733629.452,2905479
27-09-2036,3787062.139,3941871.805,3669229.94,3774554.747,3774554.747,3735700
28-09-2036,3792622.244,3794846.23,3721479.964,3772247.897,3772247.897,4130708
29-09-2036,3788209.978,4000977.646,3701679.815,3787178.006,3787178.006,4663904
30-09-2036,3757382.13,3851169.819,3563047.893,3785683.418,3785683.418,1668072
01-10-2036,3698177.363,3810103.563,3647006.607,3724268.733,3724268.733,2465676
02-10-2036,3766236.67,3865673.007,3715188.754,3785560.883,3785560.883,2610910
03-10-2036,3808710.441,3863739.498,3795968.325,3814982.848,3814982.848,4168838
04-10-2036,3806679.208,3967565.199,3744580.892,3837405.037,3837405.037,4083885
05-10-2036,3875382.988,3982248.385,3784715.079,3868820.93,3868820.93,4477107
06-10-2036,3842919.279,3906835.064,3662650.248,3867781.309,3867781.309,4662293
07-10-2036,3860663.67,4042307.203,3783107.824,3850867.016,3850867.016,3200751
08-10-2036,3799261.018,3824323.243,3670799.997,3803293.314,3803293.314,3609546
09-10-2036,3791668.764,3900616.955,3642969.312,3781043.484,3781043.484,3013610
10-10-2036,3828970.531,3896339.835,3726801.109,3796252.943,3796252.943,3033192
11-10-2036,3845708.174,3881721.853,3663918.474,3818768.037,3818768.037,3796327
12-10-2036,3817069.331,3952574.133,3746217.532,3833803.625,3833803.625,3436530
13-10-2036,3804771.1,3878593.844,3632929.571,3801465.256,3801465.256,2716465
14-10-2036,3896253.865,4025657.608,3755752.12,3890120.951,3890120.951,3191957
15-10-2036,3940755.127,4062086.485,3898582.339,3926598.069,3926598.069,6027365
16-10-2036,3976151.458,4144445.631,3929441.902,3987818.001,3987818.001,3716562
17-10-2036,3979048.56,4075058.342,3947846.542,4010174.108,4010174.108,5004598
18-10-2036,4079969.927,4309718.944,3918507.142,4067386.201,4067386.201,3921936
19-10-2036,4108631.889,4263609.083,3910324.54,4071989.96,4071989.96,4402358
20-10-2036,4116446.548,4211522.566,3896476.297,4111536.792,4111536.792,4435041
21-10-2036,4126813.802,4231779.203,3886653.195,4103497.558,4103497.558,3981669
22-10-2036,4179424.694,4277670.044,4067850.783,4202164.375,4202164.375,3757207
23-10-2036,4219345.776,4353540.849,4102578.169,4199720.537,4199720.537,6717417
24-10-2036,4158054.076,4233948.948,4075373.004,4176271.004,4176271.004,3550550
25-10-2036,4130339.421,4186225.344,4005257.546,4135787.554,4135787.554,1305085
26-10-2036,4081936.982,4208530.773,4023188.558,4113999.358,4113999.358,2542822
27-10-2036,4061337.91,4235446.474,3976629.051,4083131.211,4083131.211,4103203
28-10-2036,4118059.25,4228005.686,4018447.795,4094221.663,4094221.663,4027350
29-10-2036,4166514.263,4213341.758,3987079.873,4128921.996,4128921.996,4873727
30-10-2036,4044598.891,4153665.574,3992764.148,4030700.479,4030700.479,3280723
31-10-2036,3970969.519,3999583.713,3772222.934,3965934.406,3965934.406,5359003
01-11-2036,3956775.4,4036975.549,3811529.383,3949803.279,3949803.279,5260923
02-11-2036,3977635.671,4047009.789,3808237.549,3962087.338,3962087.338,4216851
03-11-2036,3948794.019,4085493.25,3887483.523,3973605.033,3973605.033,4159493
04-11-2036,3963110.275,4065531.345,3875026.854,3954181.172,3954181.172,3918906
05-11-2036,3876905.793,3954116.424,3824654.597,3892085.264,3892085.264,1966151
06-11-2036,3980690.5,4008463.763,3903263.481,3954181.72,3954181.72,4350735
07-11-2036,3947727.866,4060979.089,3828042.35,3980238.821,3980238.821,4048747
08-11-2036,4052918.655,4178558.688,3941566.327,4024805.04,4024805.04,1618950
09-11-2036,4017070.652,4139879.772,3870792.078,4008457.802,4008457.802,1094366
10-11-2036,3947987.622,4058708.918,3752698.738,3920539.004,3920539.004,2039073
11-11-2036,3944174.39,3979460.427,3783927.255,3923310.856,3923310.856,3987877
12-11-2036,4009440.062,4133165.86,3935893.476,3984479.537,3984479.537,4647546
13-11-2036,3989019.963,4030147.583,3792042.087,3978646.325,3978646.325,3506535
14-11-2036,3914585.934,4030240.002,3755812.132,3944836.662,3944836.662,3842211
15-11-2036,3895185.645,4142656.77,3662890.122,3927764.174,3927764.174,3217126
16-11-2036,3894410.729,3970753.077,3816098.89,3892098.092,3892098.092,3139229
17-11-2036,3889153.108,3905895.622,3746866.306,3866283.089,3866283.089,4730763
18-11-2036,3938332.17,3954013.869,3794256.202,3914434.074,3914434.074,4358551
19-11-2036,3896852.006,3946963.573,3784319.626,3906751.769,3906751.769,3123518
20-11-2036,3895846.488,4089988.833,3840189.274,3880107.194,3880107.194,2445341
21-11-2036,3882874.736,4132891.928,3857223.353,3881083.265,3881083.265,3600649
22-11-2036,3859706.213,3917148.159,3642921.463,3884881.022,3884881.022,4234907
23-11-2036,3993940.965,3986545.967,3938915.331,3967278.517,3967278.517,2692433
24-11-2036,4011124.83,4185824.025,3844707.695,4026515.646,4026515.646,3481573
25-11-2036,4023794.789,4066044.391,3909128.161,4010421.146,4010421.146,2786495
26-11-2036,4022824.89,4114874.163,3833402.679,3994132.33,3994132.33,4509081
27-11-2036,4033832.235,4175898.222,3925354.211,3997912.004,3997912.004,3845311
28-11-2036,3998372.963,4129217.071,3817309.738,3980679.457,3980679.457,4038714
29-11-2036,4047619.572,4072045.51,3878973.367,4037131.576,4037131.576,3236235
30-11-2036,4028942.314,4105426.857,3927797.437,4053051.815,4053051.815,3134409
01-12-2036,4144417.697,4204490.307,4080800.625,4154614.405,4154614.405,2733871
02-12-2036,4161171.792,4278111.721,4131956.359,4177329.603,4177329.603,3534702
03-12-2036,4089221.291,4140989.437,3912558.697,4063925.658,4063925.658,2333626
04-12-2036,4015548.873,4104636.876,3986722.228,4037118.726,4037118.726,3949869
05-12-2036,4133926.777,4210851.756,3891871.78,4116157.153,4116157.153,2565810
06-12-2036,4043815.886,4179417.726,3951150.222,4052364.807,4052364.807,3478235
07-12-2036,4031929.431,4313937.221,3867756.902,4054606.803,4054606.803,5735465
08-12-2036,4066972.872,4178624.517,4009429.937,4031967.526,4031967.526,2578430
09-12-2036,3991990.935,4151265.629,3823702.677,3957012.429,3957012.429,4106212
10-12-2036,4037550.715,4159103.767,3917957.487,4012853.539,4012853.539,5684444
11-12-2036,4052411.949,4081570.819,3784796.566,4013828.105,4013828.105,2719128
12-12-2036,3986415.726,4151222.339,3882530.558,3963765.235,3963765.235,3245988
13-12-2036,4031256.33,4089892.079,3856536.166,4026537.901,4026537.901,3821395
14-12-2036,3948562.043,4145298.549,3850576.127,3924773.626,3924773.626,4237682
15-12-2036,3948672.802,4110288.329,3755306.007,3910222.192,3910222.192,3372808
16-12-2036,3892664.438,4109473.89,3755868.671,3866778.781,3866778.781,5479613
17-12-2036,3910395.93,4119158.709,3783228.69,3887161.517,3887161.517,1897299
18-12-2036,3991560.366,4063897.763,3880455.686,3978491.959,3978491.959,2999916
19-12-2036,4021530.409,4005767.624,3870132.368,3985017.324,3985017.324,1683705
20-12-2036,3996150.343,4097407.228,3903217.724,4010490.23,4010490.23,3687575
21-12-2036,3846261.415,3988998.487,3678086.99,3882079.926,3882079.926,3185023
22-12-2036,3955722.178,4144427.308,3912908.868,3942063.231,3942063.231,4351821
23-12-2036,3908817.132,4043273.38,3787863.564,3925331.581,3925331.581,3311190
24-12-2036,3926199.443,4009781.689,3856537.302,3914931.406,3914931.406,3096110
25-12-2036,3952697.454,4044953.263,3895248.539,3960866.377,3960866.377,3875388
26-12-2036,3977144.335,4093437.812,3941355.986,3977904.664,3977904.664,3331829
27-12-2036,4365234.95,4465161.113,4328867.678,4351256.358,4351256.358,4726778
28-12-2036,4226392.356,4286452.681,4151786.599,4263596.038,4263596.038,4755725
29-12-2036,4180670.142,4203744.713,4001856.636,4153492.422,4153492.422,3799323
30-12-2036,4267136.939,4306570.812,4005683.544,4263888.022,4263888.022,4178927
31-12-2036,4277358.211,4316710.274,4116185.115,4263333.422,4263333.422,3549233
01-01-2037,4191279.15,4299419.383,4145764.175,4171007.27,4171007.27,4645925
02-01-2037,4252076.392,4367267.937,4163576.557,4244033.98,4244033.98,2421638
03-01-2037,4264156.609,4342411.241,4001697.962,4252092.5,4252092.5,3982075
04-01-2037,4218287.946,4296978.55,4083903.595,4198661.737,4198661.737,2867778
05-01-2037,4140976.458,4159062.788,3957976.261,4121204.882,4121204.882,4057395
06-01-2037,4064981.743,4371178.358,3983625.785,4085727.875,4085727.875,2032582
07-01-2037,4170565.228,4207176.662,4101858.014,4133197.092,4133197.092,3761588
08-01-2037,4129344.026,4199941.186,4047198.94,4165684.842,4165684.842,3759274
09-01-2037,4150853.429,4239068.084,4169711.246,4192337.49,4192337.49,3280170
10-01-2037,4269349.133,4372224.009,4136089.273,4237494.649,4237494.649,4415715
11-01-2037,4203422.161,4272288.456,4119773.489,4224769.452,4224769.452,4027586
12-01-2037,4241531.068,4281979.125,4102594.968,4229865.219,4229865.219,3201172
13-01-2037,4317961.949,4355887.006,4018880.115,4299553.993,4299553.993,1826891
14-01-2037,4401688.002,4527845.586,4236237.122,4400093.095,4400093.095,5662154
15-01-2037,4451556.755,4549390.991,4463025.553,4492472.813,4492472.813,3925087
16-01-2037,4507673.916,4562779.741,4428876.62,4475187.46,4475187.46,3508416
17-01-2037,4385864.655,4630680.908,4124614.938,4408581.299,4408581.299,3625373
18-01-2037,4465590.57,4542837.181,4288323.549,4430336.229,4430336.229,3734590
19-01-2037,4463444.561,4559740.103,4440545.236,4492095.847,4492095.847,3574210
20-01-2037,4492453.963,4566113.777,4284353.759,4529371.368,4529371.368,3687335
21-01-2037,4476685.063,4737386.857,4460533.92,4518231.311,4518231.311,5080393
22-01-2037,4448074.747,4593368.168,4305830.046,4480687.164,4480687.164,3354833
23-01-2037,4566028.816,4870647.449,4285534.736,4542970.909,4542970.909,1540852
24-01-2037,4569514.573,4861848.748,4487295.948,4608577.278,4608577.278,3593826
25-01-2037,4693476.213,4834696.153,4669935.686,4703060.073,4703060.073,2331523
26-01-2037,4715457.467,4776874.451,4566157.431,4714422.751,4714422.751,2551776
27-01-2037,4706174.505,5028364.727,4647078.092,4733167.359,4733167.359,3759975
28-01-2037,4668934.785,4843231.494,4443318.531,4683165.593,4683165.593,3270162
29-01-2037,4670343.651,4810283.536,4628721.022,4676561.725,4676561.725,3002662
30-01-2037,4662501.876,4775203.338,4502288.024,4684895.693,4684895.693,3976359
31-01-2037,4822100.382,4880199.871,4585344.008,4775382.867,4775382.867,4860291
01-02-2037,4750094.801,4966620.862,4659901.439,4784450.306,4784450.306,3441927
02-02-2037,4701462.061,4857391.289,4474399.293,4704474.164,4704474.164,5801510
03-02-2037,4720840.787,4813050.991,4620600.399,4685536.975,4685536.975,5293045
04-02-2037,4686989.146,4656470.931,4614124.14,4642338.025,4642338.025,6212957
05-02-2037,4715202.373,4864727.467,4565329.047,4696042.321,4696042.321,5201883
06-02-2037,4629423.192,4748226.372,4626332.297,4672739.988,4672739.988,4874056
07-02-2037,4681716.819,4736698.266,4526139.158,4648051.561,4648051.561,4881455
08-02-2037,4626570.805,4656919.164,4407691.317,4622132.746,4622132.746,2671697
09-02-2037,4564556.674,4775278.559,4532661.473,4602514.617,4602514.617,3102577
10-02-2037,4428127.096,4676366.666,4301481.257,4456004.567,4456004.567,3815147
11-02-2037,4511630.742,4623125.159,4450878.011,4485456.713,4485456.713,3200099
12-02-2037,4506458.44,4547049.355,4347531.846,4467238.482,4467238.482,4265055
13-02-2037,4434859.263,4459973.663,4246115.814,4406628.655,4406628.655,2238700
14-02-2037,4435448.69,4532804.949,4345249.96,4467381.91,4467381.91,4910968
15-02-2037,4408363.776,4619108.251,4343727.792,4423279.53,4423279.53,7143678
16-02-2037,4387099.618,4445374.272,4142587.681,4379612.532,4379612.532,4555477
17-02-2037,4498617.745,4544663.685,4241540.627,4461544.636,4461544.636,1679455
18-02-2037,4456397.348,4646606.162,4415212.269,4484475.715,4484475.715,5139145
19-02-2037,4484377.922,4695161.572,4411881.508,4466926.926,4466926.926,2953042
20-02-2037,4528726.615,4688533.023,4500488.379,4546071.745,4546071.745,3708428
21-02-2037,4562347.463,4795194.326,4313335.314,4585430.638,4585430.638,3081673
22-02-2037,4546146.442,4816475.539,4431213.623,4576046.097,4576046.097,2820851
23-02-2037,4477027.032,4630366.864,4346963.746,4493040.747,4493040.747,4157691
24-02-2037,4472746.755,4585370.429,4410719.017,4461316.409,4461316.409,3848136
25-02-2037,4473641.918,4582666.106,4392535.124,4458943.964,4458943.964,4369006
26-02-2037,4452090.066,4521682.446,4452288.952,4489413.512,4489413.512,2369707
27-02-2037,4533798.544,4594759.146,4312007.251,4493234.937,4493234.937,4654862
28-02-2037,4407240.092,4529662.848,4256749.944,4409704.785,4409704.785,4172065
01-03-2037,4428404.951,4542610.977,4332874.641,4405722.602,4405722.602,3626416
02-03-2037,4320576.123,4420351.405,4299555.539,4330976.696,4330976.696,2178748
03-03-2037,4316989.028,4578217.045,4207731.45,4324636.218,4324636.218,4735891
04-03-2037,4243089.471,4304449.104,4112195.654,4256861.658,4256861.658,5811328
05-03-2037,4390701.988,4501203.196,4246288.317,4372086.946,4372086.946,5254713
06-03-2037,4376610.378,4449668.971,4315090.518,4418430.03,4418430.03,852506
07-03-2037,4410670.584,4525965.208,4363000.693,4447036.306,4447036.306,5086303
08-03-2037,4376608.211,4472018.728,4079723.753,4366977.168,4366977.168,2400403
09-03-2037,4410287.075,4609835.934,4233260.484,4367819.914,4367819.914,2741403
10-03-2037,4375189.183,4451188.935,4236705.811,4385811.625,4385811.625,2533270
11-03-2037,4378737.577,4558038.418,4210490.725,4352582.365,4352582.365,2066446
12-03-2037,4293040.07,4532555.722,4073364.967,4285850.207,4285850.207,4783801
13-03-2037,4317791.079,4436240.573,4270672.291,4311107.412,4311107.412,3817701
14-03-2037,3937521.246,4074945.787,3888787.323,3951550.267,3951550.267,4434683
15-03-2037,4001418.552,4176728.476,3884247.343,3994443.581,3994443.581,3640623
16-03-2037,4081996.729,4178116.217,4053552.55,4069314.061,4069314.061,4156313
17-03-2037,4112222.358,4244521.536,3947474.945,4075557.087,4075557.087,3089282
18-03-2037,4156988.327,4302489.153,3951802.211,4116795.423,4116795.423,5760339
19-03-2037,3784461.628,3905859.363,3691494.25,3818713.461,3818713.461,3084088
20-03-2037,3909543.064,4029835.604,3715779.301,3878926.125,3878926.125,3727299
21-03-2037,3736331.347,3893614.991,3668697.924,3773623.08,3773623.08,3132951
22-03-2037,3740885.511,3862451.233,3619324.504,3765373.036,3765373.036,3862391
23-03-2037,3735191.841,3786148.715,3704816.979,3766947.714,3766947.714,4085859
24-03-2037,3803311.513,3845036.861,3758755.721,3798798.83,3798798.83,4905388
25-03-2037,3896732.133,3938401.103,3774556.893,3872424.482,3872424.482,4725629
26-03-2037,4033663.654,4009849.436,3978999.015,3997588.909,3997588.909,3444411
27-03-2037,4078924.256,4078297.256,3998287.239,4043834.508,4043834.508,3775074
28-03-2037,4019967.066,4127640.83,3875256.273,4039915.434,4039915.434,4797919
29-03-2037,4075267.96,4148590.496,4013801.174,4086262.049,4086262.049,2377294
30-03-2037,4108625.102,4203110.023,3974611.274,4099258.77,4099258.77,3710595
31-03-2037,4197035.859,4286285.867,4088575.919,4210749.747,4210749.747,2382355
01-04-2037,4273967.684,4414714.635,4021893.27,4238580.872,4238580.872,2862601
02-04-2037,4237343.18,4361723.05,4125816.346,4222537.682,4222537.682,4194099
03-04-2037,4160312.501,4254738.425,3979717.385,4168073.4,4168073.4,2916075
04-04-2037,4152317.109,4268891.894,3990931.15,4136441.852,4136441.852,5167523
05-04-2037,4128558.525,4244609.679,4014180.29,4150476.733,4150476.733,3435024
06-04-2037,4070756.701,4242311.787,3953292.653,4088991.249,4088991.249,3142903
07-04-2037,4157290.849,4377607.464,4039969.271,4152743.066,4152743.066,3597459
08-04-2037,4175991.789,4303624.766,4062230.402,4144699.792,4144699.792,4035687
09-04-2037,4151100.729,4216675.895,4117650.968,4144233.027,4144233.027,5226275
10-04-2037,4223558.709,4386372.185,4040570.734,4222737.115,4222737.115,4071144
11-04-2037,4238923.1,4382884.188,3965194.758,4235373.842,4235373.842,5244994
12-04-2037,4363898.388,4399604.338,4090871.839,4387530.194,4387530.194,2842171
13-04-2037,4390314.505,4462359.431,4328921.67,4424665.771,4424665.771,4803456
14-04-2037,4433246.305,4604550.813,4334200.623,4466895.613,4466895.613,3735541
15-04-2037,4522675.943,4631071.999,4366404.212,4545102.787,4545102.787,2257976
16-04-2037,4552380.202,4642372.299,4389789.579,4569952.966,4569952.966,2828473
17-04-2037,4623607.743,4737597.814,4484484.951,4626771.03,4626771.03,4562379
18-04-2037,4557377.661,4644725.332,4476346.942,4581095.147,4581095.147,2952338
19-04-2037,4733588.407,4787489.679,4704620.459,4758507.188,4758507.188,3965380
20-04-2037,4973661.269,5114258.7,4732909.686,5018939.335,5018939.335,3701186
21-04-2037,4962393.369,5024631.495,4654309.379,4963177.837,4963177.837,5610778
22-04-2037,5046902.99,5335011.441,5014624.523,5097521.784,5097521.784,5091044
23-04-2037,5099697.042,5451702.465,5113930.242,5145320.53,5145320.53,4492573
24-04-2037,5242129.894,5383479.054,5165260.082,5222748.955,5222748.955,2986482
25-04-2037,5033223.109,5353665.336,4799923.649,5021609.591,5021609.591,3353545
26-04-2037,5036166.527,5091174.371,4947478.516,5062720.275,5062720.275,3845262
27-04-2037,4847008.162,5004495.354,4767236.489,4885724.673,4885724.673,2231699
28-04-2037,4980310.903,5369561.674,4857003.45,5021224.665,5021224.665,5485731
29-04-2037,5006533.502,5150926.96,4814871.688,4972360.782,4972360.782,3060176
30-04-2037,4973552.195,5019827.305,4939252.304,4972838.831,4972838.831,5817830
01-05-2037,4936185.335,5270047.71,4823930.802,4981700.787,4981700.787,2970479
02-05-2037,5049107.257,5083521.36,4866767.163,5011906.012,5011906.012,4514690
03-05-2037,4943177.282,5007789.866,4826966.233,4978915.746,4978915.746,3706272
04-05-2037,5015623.779,5110780.695,4729778.21,5017963.375,5017963.375,5830121
05-05-2037,5053227.007,5040364.898,4882043.798,5013431.904,5013431.904,3751222
06-05-2037,5129882.661,5249727.64,4961433.748,5107387.206,5107387.206,2185274
07-05-2037,5261412.111,5348748.89,5146633.303,5230192.113,5230192.113,2666690
08-05-2037,5215216.94,5304939.609,5006200.692,5199906.204,5199906.204,5466419
09-05-2037,5210337.95,5454401.036,5148329.042,5195467.73,5195467.73,2565873
10-05-2037,5193129.015,5325593.979,4889511.86,5143201.352,5143201.352,4573055
11-05-2037,4994502.305,5198587.017,4937340.37,5003576.429,5003576.429,6055966
12-05-2037,4979664.961,5121008.654,4719677.432,5006363.941,5006363.941,3982296
13-05-2037,5112229.049,5202604.575,4970518.623,5081451.973,5081451.973,3447863
14-05-2037,4928130.773,4956218.538,4729248.149,4882980.803,4882980.803,3766922
15-05-2037,4944388.865,5245780.527,4738500.906,4944235.943,4944235.943,3589107
16-05-2037,5009880.219,5279338.818,4715136.062,4967716.047,4967716.047,4474685
17-05-2037,4980827.572,5304048.482,4731746.815,4964266.188,4964266.188,4085000
18-05-2037,4872754.685,5007839.223,4833867.352,4917969.249,4917969.249,3809174
19-05-2037,5043921.053,5070761.263,4846594.391,5011941.433,5011941.433,4222263
20-05-2037,5056005.263,5227273.215,4815322.151,5042025.492,5042025.492,5549023
21-05-2037,5147718.252,5345821.499,4898079.41,5133010.38,5133010.38,3709196
22-05-2037,5234647.416,5220632.74,5053864.892,5187419.072,5187419.072,4366139
23-05-2037,5155120.217,5334043.582,5097180.652,5169118.892,5169118.892,4022107
24-05-2037,5153315.76,5390504.908,5025198.655,5138638.546,5138638.546,3149058
25-05-2037,5219644.362,5249417.596,5080471.825,5212896.342,5212896.342,3417648
26-05-2037,5159651.067,5317062.757,4936280.472,5114155.157,5114155.157,3796918
27-05-2037,5139035.16,5375365.774,5128325.107,5164480.689,5164480.689,5035087
28-05-2037,5140682.682,5337311.841,4891272.913,5089917.617,5089917.617,4850910
29-05-2037,5005281.491,5373728.919,4757270.881,5048559.106,5048559.106,3560081
30-05-2037,5018223.846,5107838.056,4862904.143,5009325.768,5009325.768,1742603
31-05-2037,5069879.803,5234661.2,5070833.291,5115720.85,5115720.85,3470747
01-06-2037,5166907.334,5180272.778,5102368.581,5143403.589,5143403.589,2777008
02-06-2037,5319646.192,5365193.114,5237816.933,5334502.967,5334502.967,3137617
03-06-2037,5413189.359,5680354.118,5425124.984,5462510.879,5462510.879,3663688
04-06-2037,5500290.78,5594620.815,5373171.584,5470891.308,5470891.308,2073161
05-06-2037,5499984.441,5533203.598,5353362.368,5446056.485,5446056.485,1227963
06-06-2037,5217987.64,5581224.725,5209048.093,5260759.594,5260759.594,3422265
07-06-2037,5231616.1,5323462.427,5109855.763,5261977.208,5261977.208,2490401
08-06-2037,5230326.122,5349720.162,5138878.559,5261046.662,5261046.662,2759186
09-06-2037,5347352.785,5454899.692,5176863.981,5374059.221,5374059.221,3484487
10-06-2037,5384502.848,5516223.08,5355062.387,5401505.411,5401505.411,4636344
11-06-2037,5523721.252,5738909.351,5309192.426,5482092.388,5482092.388,3339741
12-06-2037,5514644.722,5574257.268,5163618.287,5465945.57,5465945.57,4173410
13-06-2037,5631697.85,5614087.566,5251733.756,5583190.516,5583190.516,4502832
14-06-2037,5588121.76,5678843.804,5366891.399,5597140.993,5597140.993,3143189
15-06-2037,5656396.59,5735777.05,5620803.224,5642663.989,5642663.989,4973074
16-06-2037,5726373.996,5850983.032,5282494.279,5688405.297,5688405.297,4280048
17-06-2037,5746967.293,6005424.653,5643603.754,5796160.595,5796160.595,2469287
18-06-2037,5771972.061,6065447.415,5604082.877,5781966.243,5781966.243,657552
19-06-2037,5806643.457,5984485.355,5699292.217,5839107.947,5839107.947,3567733
20-06-2037,5843423.887,6091797.216,5655076.885,5825417.548,5825417.548,2136947
21-06-2037,5922762.067,6130796.388,5797049.699,5900057.417,5900057.417,3137805
22-06-2037,6039649.278,6022325.278,5845115.921,5985542.819,5985542.819,7067128
23-06-2037,5835521.351,6183997.329,5744908.55,5866447.57,5866447.57,5410033
24-06-2037,5742160.165,5709950.894,5370149.293,5690082.03,5690082.03,4757181
25-06-2037,5646143.253,5670661.383,5483784.256,5642225.699,5642225.699,4675180
26-06-2037,5699608.539,5719414.967,5612220.052,5674596.872,5674596.872,2920692
27-06-2037,5654369.918,5963349.767,5489921.83,5661292.186,5661292.186,2931794
28-06-2037,5732884.335,5872111.923,5418433.348,5758539.822,5758539.822,2988932
29-06-2037,5751515.476,5918172.571,5642094.949,5778620.025,5778620.025,4075948
30-06-2037,5831381.396,5970790.899,5590254.539,5883401.631,5883401.631,3210241
01-07-2037,5829225.501,5982663.089,5791568.33,5829962.153,5829962.153,2849286
02-07-2037,5895592.753,6009239.647,5619902.834,5920857.6,5920857.6,4215069
03-07-2037,5932126.647,5932118.438,5828138.674,5898446.929,5898446.929,3736857
04-07-2037,5933659.158,5971817.769,5860051.187,5906143.336,5906143.336,1786295
05-07-2037,5893547.194,6030190.044,5741813.239,5891989.455,5891989.455,3553473
06-07-2037,5948418.02,6025773.469,5624516.048,5896451.007,5896451.007,3701870
07-07-2037,5908056.273,5967571.778,5796538.333,5868349.313,5868349.313,4210482
08-07-2037,5979732.059,6269574.273,5712201.975,6015126.217,6015126.217,4462715
09-07-2037,5631253.017,5711270.967,5377294.745,5668932.968,5668932.968,4247652
10-07-2037,5689827.04,5721762.871,5494648.452,5676778.144,5676778.144,4451008
11-07-2037,5752564.149,5781697.733,5574338.689,5748777.008,5748777.008,2524186
12-07-2037,5806913.353,5852318.967,5546282.647,5757742.062,5757742.062,3210409
13-07-2037,5765751.282,5883920.58,5587038.028,5795377.726,5795377.726,4101795
14-07-2037,6250822.787,6368672.729,6046380.667,6222851.537,6222851.537,4149574
15-07-2037,6421417.937,6592142.458,6397844.962,6451730.166,6451730.166,3632743
16-07-2037,6339009.974,6671546.35,6296655.239,6402848.399,6402848.399,4656532
17-07-2037,6587385.199,6689255.485,6502602.715,6547648.032,6547648.032,3620932
18-07-2037,6471791.408,6767098.808,6366844.489,6528406.431,6528406.431,5252639
19-07-2037,6429511.345,6570239.615,6419923.245,6472207.255,6472207.255,2244694
20-07-2037,6411172.21,6636141.231,6378436.903,6445018.352,6445018.352,2181282
21-07-2037,6466179.174,6518712.967,6377388.879,6428240.527,6428240.527,4999151
22-07-2037,6362967.187,6520542.902,6265994.211,6401063.008,6401063.008,3318299
23-07-2037,6556876.778,6565691.561,6431050.648,6512462.264,6512462.264,5917418
24-07-2037,6419765.534,6604130.145,6079808.869,6421969.726,6421969.726,4513061
25-07-2037,6397589.937,6642410.256,6274826.127,6433466.058,6433466.058,2099880
26-07-2037,6530674.029,6717803.514,6380591.642,6470376.819,6470376.819,3598558
27-07-2037,6528178.483,6539949.334,6472461.98,6497029.28,6497029.28,3265991
28-07-2037,6472646.539,6586302.065,6307911.173,6489645.912,6489645.912,4442936
29-07-2037,6085948.58,6396905.053,5877758.53,6076615.584,6076615.584,3213997
30-07-2037,5977135.289,6042685.975,5900378.924,5944656.074,5944656.074,4417958
31-07-2037,6004080.829,6261079.781,5963567.574,6046771.232,6046771.232,3282604
01-08-2037,6155676.059,6162702.005,5824522.189,6117024.441,6117024.441,3013562
02-08-2037,6178253.017,6434110.239,5947213.478,6209479.682,6209479.682,2202810
03-08-2037,6202695.925,6402907.242,5830175.106,6168923.121,6168923.121,5324803
04-08-2037,6174640.926,6260630.808,5985043.547,6170421.312,6170421.312,4272351
05-08-2037,6192567.368,6516550.985,6050557.76,6188886.569,6188886.569,4638922
06-08-2037,6167500.042,6277296.73,5999796.044,6130636.708,6130636.708,3535867
07-08-2037,6226170.581,6291257.629,5758060.809,6182525.749,6182525.749,4254894
08-08-2037,6258825.403,6401419.839,6081962.919,6275971.005,6275971.005,4202839
09-08-2037,6187409.735,6464475.916,6074584.898,6218390.468,6218390.468,4673389
10-08-2037,6238844.136,6472752.5,6218168.674,6266880.039,6266880.039,4170016
11-08-2037,6203491.077,6406862.081,6098165.582,6218325.233,6218325.233,2903928
12-08-2037,6196219.898,6569245.105,6078925.216,6205538.863,6205538.863,3468009
13-08-2037,6331542.53,6448338.964,6144704.595,6300567.901,6300567.901,3967412
14-08-2037,6498542.137,6586793.202,6379259.118,6534660.867,6534660.867,2632462
15-08-2037,7076221.942,7263422.9,6877434.673,7016665.063,7016665.063,2290401
16-08-2037,6992956.589,7115489.007,6585081.81,7034852.335,7034852.335,2231805
17-08-2037,6972468.627,7245672.611,6785836.059,7023082.287,7023082.287,0
18-08-2037,7135598.024,7341156.355,6742276.331,7182501.718,7182501.718,3627830
19-08-2037,7192332.344,7501908.809,7183789.247,7251777.578,7251777.578,3245123
20-08-2037,7140315.155,7193787.572,6916903.595,7130557.969,7130557.969,2672970
21-08-2037,7227785.048,7538188.033,6909518.252,7219032.024,7219032.024,2940652
22-08-2037,7335403.475,7703436.809,7117272.997,7270990.574,7270990.574,4147516
23-08-2037,7135628.7,7224680.198,6982960.119,7161055.276,7161055.276,4724391
24-08-2037,6925520.376,7245194.178,6908451.577,6978092.712,6978092.712,3166742
25-08-2037,7133017.427,7412131.785,6946690.378,7100975.22,7100975.22,3452635
26-08-2037,7404275.66,7710983.591,7028787.371,7427548.06,7427548.06,3199070
27-08-2037,7368441.383,7500158.135,7298653.881,7394782.702,7394782.702,3643523
28-08-2037,6955354.464,7067758.491,6749662.838,6962984.358,6962984.358,2529220
29-08-2037,6962359.373,7246408.069,6698262.075,7008947.195,7008947.195,1370619
30-08-2037,7117355.336,7499711.336,6814808.46,7122179.68,7122179.68,5084233
31-08-2037,7242610.152,7424093.314,7157119.76,7231245.773,7231245.773,3147107
01-09-2037,7316672.32,7404982.408,6991860.67,7266083.668,7266083.668,1918036
02-09-2037,7338957.735,7386980.871,7226284.753,7278519.86,7278519.86,4781465
03-09-2037,7305001.259,7709951.735,7049829.997,7309725.744,7309725.744,3998965
04-09-2037,7200208.37,7463100.748,7035908.29,7242417.734,7242417.734,6423047
05-09-2037,7531489.347,7643084.443,7425464.52,7466824.625,7466824.625,2448687
06-09-2037,7421014.494,7578662.455,7210051.873,7489870.38,7489870.38,2776473
07-09-2037,7550500.449,7808676.437,7160144.977,7510423.347,7510423.347,3809515
08-09-2037,7385177.906,7490729.605,7394938.797,7457156.168,7457156.168,3796343
09-09-2037,7520278.142,7643888.77,7500925.617,7576020.065,7576020.065,4312555
10-09-2037,7587086.996,7886462.122,7255454.452,7617441.671,7617441.671,3442676
11-09-2037,7264471.986,7556411.968,7180435.971,7279969.949,7279969.949,3617364
12-09-2037,7212774.997,7308235.151,6882150.517,7217634.082,7217634.082,2284805
13-09-2037,7060978.438,7226127.628,7011464.095,7059327.385,7059327.385,4524589
14-09-2037,6994348.64,7242887.393,6790982.64,7026608.921,7026608.921,2816235
15-09-2037,6884560.753,7262591.085,6730725.625,6950206.143,6950206.143,3488850
16-09-2037,7145208.564,7335616.454,7000495.644,7184794.957,7184794.957,2715547
17-09-2037,7532522.734,7734107.428,7484514.897,7604642.143,7604642.143,3453664
18-09-2037,7458038.113,7690425.331,7355717.093,7509792.487,7509792.487,4140395
19-09-2037,7586682.656,7551062.585,7455984.577,7519647.228,7519647.228,1970769
20-09-2037,7500188.154,7639786.598,7427767.216,7475717.647,7475717.647,4768150
21-09-2037,7483013.228,7808384.377,7030184.342,7516171.054,7516171.054,4508747
22-09-2037,7499451.526,7880512.065,7142467.187,7518641.653,7518641.653,3518195
23-09-2037,7444432.849,7634630.017,7313064.528,7489712.736,7489712.736,5280668
24-09-2037,7413570.841,7847660.519,7204045.658,7461137.456,7461137.456,4733741
25-09-2037,7418289.246,7487853.387,7142280.352,7459818.003,7459818.003,3639869
26-09-2037,7425288.007,7610139.137,7328502.994,7469607.165,7469607.165,4239717
27-09-2037,7446300.215,7794687.731,7306975.525,7502269.863,7502269.863,4205268
28-09-2037,7560279.805,7663958.718,7405855.213,7564523.882,7564523.882,3282105
29-09-2037,7581212.433,8017995.31,7274322.309,7522342.014,7522342.014,4753922
30-09-2037,7491636.832,7557482.426,7377446.283,7461556.982,7461556.982,3906973
01-10-2037,7454735.197,7616971.565,7160915.807,7495725.159,7495725.159,4068955
02-10-2037,7488440.171,7725365.367,7063493.486,7432498.256,7432498.256,4333981
03-10-2037,7620909.771,7693503.079,7509332.239,7643420.9,7643420.9,4977620
04-10-2037,7594901.119,7766112.828,7352160.686,7550954.743,7550954.743,1656016
05-10-2037,7457598.235,7643439.559,7432057.831,7459109.294,7459109.294,2989422
06-10-2037,7354489.811,7594249.939,7316009.264,7369190.55,7369190.55,4721650
07-10-2037,7425094.615,7626544.041,7226635.397,7476285.302,7476285.302,1550944
08-10-2037,7295974.831,7499608.391,6930217.875,7265147.503,7265147.503,3768902
09-10-2037,7179594.438,7540441.755,7109270.753,7210287.493,7210287.493,4550573
10-10-2037,7343300.624,7668626.675,7206757.177,7279557.03,7279557.03,3833356
11-10-2037,7415428.499,7900756.596,7187839.646,7482154.96,7482154.96,2323292
12-10-2037,7535807.211,7537417.945,7208865.59,7489476.474,7489476.474,3595310
13-10-2037,7403849.484,7527821.376,7306453.166,7395136.173,7395136.173,4384598
14-10-2037,7481441.125,7613139.758,7133593.532,7411677.81,7411677.81,3429400
15-10-2037,7353060.407,7519185.046,7201707.549,7327156.586,7327156.586,6441302
16-10-2037,7356234.152,7462321.102,7332578.959,7375050.778,7375050.778,4084439
17-10-2037,7381009.003,7859825.873,7393110.752,7415386.157,7415386.157,3644841
18-10-2037,7333019.608,7675683.549,7223590.441,7393594.53,7393594.53,3706273
19-10-2037,7524089.53,8069643.031,7121289.776,7554610.798,7554610.798,5492218
20-10-2037,7627934.636,7907414.945,7433270.831,7666363.913,7666363.913,5074422
21-10-2037,7800210.992,7958437.785,7464740.647,7739892.139,7739892.139,4248025
22-10-2037,7912834.685,7891725.556,7514175.261,7842764.605,7842764.605,1803534
23-10-2037,8017223.983,8267359.513,7860167.385,8047459.231,8047459.231,2895114
24-10-2037,8222064.202,8548013.121,7847843.092,8209538.564,8209538.564,5871426
25-10-2037,8118287.806,8379649.774,8002603.27,8194078.039,8194078.039,4488413
26-10-2037,8249185.385,8691727.214,8162516.983,8327616.277,8327616.277,2515779
27-10-2037,8414717.03,8550475.628,8163242.97,8456289.038,8456289.038,5427675
28-10-2037,8406071.787,8564363.517,8236794.235,8433617.453,8433617.453,4269148
29-10-2037,8190390.589,8449095.283,7805741.466,8242050.806,8242050.806,4189790
30-10-2037,8183616.638,8563016.919,8175130.41,8204853.528,8204853.528,5724729
31-10-2037,8140419.945,8240728.978,7939363.891,8150827.475,8150827.475,3453021
01-11-2037,8335979.21,8653602.95,8067664.197,8259161.765,8259161.765,3071909
02-11-2037,8116728.698,8598862.279,8062067.194,8178852.619,8178852.619,3011298
03-11-2037,8129959.637,8185488.305,8017190.505,8086906.295,8086906.295,4833341
04-11-2037,8265714.278,8382739.774,7826125.113,8215929.219,8215929.219,5425027
05-11-2037,8175940.594,8373287.334,7612592.426,8167864.815,8167864.815,2564224
06-11-2037,8282258.531,8572131.722,8148630.543,8257013.778,8257013.778,4224074
07-11-2037,8252743.352,8600148.588,7884739.676,8245371.971,8245371.971,4341178
08-11-2037,8311789.001,8353041.875,8013136.5,8287409.155,8287409.155,4700402
09-11-2037,8250155.312,8768324.628,7928510.775,8292026.103,8292026.103,1544569
10-11-2037,8331645.591,8442215.282,8027383.69,8262872.215,8262872.215,3488427
11-11-2037,8088128.627,8193844.182,8014508.909,8111561.249,8111561.249,4017964
12-11-2037,8191504,8391860.597,7919806.773,8130302.117,8130302.117,3424107
13-11-2037,8331278.372,8395777.563,8194933.817,8285674.691,8285674.691,3886909
14-11-2037,8440912.713,8611617.198,8320745.037,8463659.295,8463659.295,2999759
15-11-2037,8874448.384,8867798.126,8676653.302,8798596.301,8798596.301,3105281
16-11-2037,8813697.156,8937962.79,8673430.566,8800733.137,8800733.137,4357665
17-11-2037,8675654.591,8786214.15,8445306.616,8699137.384,8699137.384,3062400
18-11-2037,8904145.381,9107003.556,8761833.931,8861877.494,8861877.494,4137799
19-11-2037,8683351.465,9238321.182,8577352.903,8740495.335,8740495.335,2997050
20-11-2037,8622627.474,9120410.145,8416738.999,8585887.173,8585887.173,3844078
21-11-2037,8712923.421,8787332.933,8400569.26,8668698.809,8668698.809,2007868
22-11-2037,8493930.662,8651051.43,8173231.722,8565672.437,8565672.437,3371917
23-11-2037,8561668.185,8823129.516,8460190.474,8630367.115,8630367.115,2139051
24-11-2037,8641270.139,8668715.968,8481415.119,8635175.127,8635175.127,4363392
25-11-2037,8502389.27,8787428.461,8193550.742,8569750.41,8569750.41,2111301
26-11-2037,8692062.348,8799006.996,8645350.836,8713978.508,8713978.508,1868350
27-11-2037,8846099.743,9149167.779,8587322.609,8839819.616,8839819.616,2277233
28-11-2037,8860447.878,8879077.969,8504008.153,8790994.199,8790994.199,4673299
29-11-2037,8675374.087,8833813.938,8420874.601,8647771.374,8647771.374,2553732
30-11-2037,8556857.837,8935617.227,8256036.038,8566414.582,8566414.582,3303962
01-12-2037,8601807.93,8982205.601,8495521.212,8636545.715,8636545.715,2505455
02-12-2037,8582284.853,9150726.808,8400822.898,8571922.864,8571922.864,2884886
03-12-2037,8689419.056,8980668.639,8313281.379,8677443.607,8677443.607,5366431
04-12-2037,8556177.452,8819441.09,8425311.291,8481068.005,8481068.005,3206889
05-12-2037,8322618.774,8522475.051,8040551.653,8403435.083,8403435.083,5589032
06-12-2037,8357551.434,8811395.245,7969799.646,8369254.771,8369254.771,4332712
07-12-2037,8382853.285,8512582.361,8387375.512,8422802.461,8422802.461,2155746
08-12-2037,8303110.501,8578241.852,8080005.977,8381152.575,8381152.575,3154218
09-12-2037,8727555.332,8869297.806,8235858.987,8652048.022,8652048.022,2903558
10-12-2037,8735489.526,8957720.188,8283217.112,8735168.613,8735168.613,5058543
11-12-2037,8975522.764,9284138.606,8784052.795,8967350.105,8967350.105,3706564
12-12-2037,9145968.931,9351115.586,8914643.608,9077608.383,9077608.383,658208
13-12-2037,8982909.753,9262808.234,8933675.978,9043881.296,9043881.296,4164194
14-12-2037,8943929.733,9218602.435,8445597.41,8878268.374,8878268.374,2114573
15-12-2037,9059383.731,9077888.002,8605229.533,8998992.031,8998992.031,3775942
16-12-2037,9153979.191,9413172.414,8534907.78,9161822.344,9161822.344,3222479
17-12-2037,9242945.369,9351231.915,9122452.536,9199561.276,9199561.276,5517326
18-12-2037,9242956.926,9357464.178,8952461.636,9159147.538,9159147.538,2075053
19-12-2037,9238201.699,9647559.477,8888256.908,9158116.059,9158116.059,3109066
20-12-2037,9334114.597,9501473.187,9231366.325,9316090.936,9316090.936,2318112
21-12-2037,9482492.674,9720182.833,9109227.725,9452536.839,9452536.839,4077906
22-12-2037,9700709.815,10121446.92,9516512.281,9615590.389,9615590.389,3673587
23-12-2037,8540142.212,8668452.637,8271656.715,8558140.121,8558140.121,1087475
24-12-2037,8442564.696,9000839.539,8396710.782,8482051.247,8482051.247,2513933
25-12-2037,8650951.149,8781938.528,8425567.274,8694201.061,8694201.061,2914757
26-12-2037,8730619.452,9255352.392,8525056.251,8667423.312,8667423.312,1892536
27-12-2037,8585972.032,8790721.063,8355960.996,8583144.376,8583144.376,3093056
28-12-2037,8679218.441,8916171.093,8235688.363,8707096.071,8707096.071,3911917
29-12-2037,8790283.528,8976287.982,8732509.423,8846013.842,8846013.842,4810089
30-12-2037,8805738.641,8919850.569,8500414.345,8802271.219,8802271.219,3953829
31-12-2037,8984437.168,9619602.054,8959640.976,9031201.965,9031201.965,4369908
01-01-2038,9176250.584,9324137.985,8924729.197,9161710.687,9161710.687,1399763
02-01-2038,9986230.56,10238989.64,9750167.102,9978388.454,9978388.454,4671125
03-01-2038,9889607.142,10213436.44,9464007.736,9955233.333,9955233.333,2473934
04-01-2038,9965285.6,10545240.23,9785857.334,9920113.255,9920113.255,2637085
05-01-2038,9951626.121,10344010.2,9614056.718,10001160.26,10001160.26,4826398
06-01-2038,9890714.426,9963959.776,9724509.064,9887008.022,9887008.022,3837849
07-01-2038,10079647.19,10210656.1,9788033.284,10038413.54,10038413.54,3125930
08-01-2038,10210773.68,10366482.08,9842589.841,10272063.93,10272063.93,2950491
09-01-2038,10704776.44,10924776.57,10229749.18,10599646.99,10599646.99,5441720
10-01-2038,10695408.1,10851350.59,10589422.51,10761965.57,10761965.57,4405765
11-01-2038,10790804.36,11369033.71,10292072.26,10888796.57,10888796.57,4031657
12-01-2038,10836139.5,11037974.03,10818068.71,10940507.31,10940507.31,4136526
13-01-2038,10846465.22,11189663.16,10829552.03,10913714.85,10913714.85,3144306
14-01-2038,10760210.17,11284872.46,10705967.76,10800538.18,10800538.18,4270644
15-01-2038,10815094.55,10914557.93,10592297.99,10716580.92,10716580.92,4220878
16-01-2038,10853617.5,11050163.94,10781303.39,10903538.18,10903538.18,4308851
17-01-2038,11157992.62,11292474.16,10961464.29,11135122.81,11135122.81,5153501
18-01-2038,11238451.54,11526284.77,10961919.86,11197205.42,11197205.42,5125474
19-01-2038,11183336.22,11863279.25,10646659.5,11154122.18,11154122.18,3743253
20-01-2038,11242442.73,11209693.82,10992127.97,11176733.24,11176733.24,3806861
21-01-2038,11074125.19,11320157.56,10734502.59,11183964.42,11183964.42,3620488
22-01-2038,11286937.55,11800393.27,11186225.48,11267024.95,11267024.95,3367556
23-01-2038,11146828.22,11419124.9,10491102.95,11038344.45,11038344.45,3572342
24-01-2038,10915389.97,11105860.27,10891340.51,11001327.29,11001327.29,5455777
25-01-2038,10960571.67,11060575.62,10756920.72,10875121.84,10875121.84,4540447
26-01-2038,11001349.19,11227338.59,10926746.24,10999393.5,10999393.5,2274494
27-01-2038,10979115.2,11638445.8,10619774.6,10969903.77,10969903.77,2331261
28-01-2038,10983969.95,11064502.63,10298639.69,10984024.71,10984024.71,3193519
29-01-2038,10733401.54,10750962.6,10572674.26,10657015.47,10657015.47,6205426
30-01-2038,10460876.6,10980903.81,10174305.52,10544433.44,10544433.44,1697352
31-01-2038,10327493.64,10552813.09,9797798.355,10288001.28,10288001.28,972569
01-02-2038,10566814.09,10623187.28,10308863.85,10493740.83,10493740.83,3725618
02-02-2038,10387210.7,10991423.71,10027134.78,10485182.62,10485182.62,3201336
03-02-2038,10404017.38,10621485.47,10381969.8,10506190.19,10506190.19,2907288
04-02-2038,10468082.61,10695614.83,10098504.65,10491786.87,10491786.87,3803094
05-02-2038,10311993.9,10618034,10013464.84,10352165.6,10352165.6,2253404
06-02-2038,10347226.49,11073675.45,10024247.65,10441255.94,10441255.94,6767677
07-02-2038,10393509.73,10625041.1,10399294.48,10490841.31,10490841.31,2333892
08-02-2038,10330444.52,10802485.13,10336913.15,10411357.07,10411357.07,3996723
09-02-2038,10399968.06,10740317.36,10216914.66,10471090.21,10471090.21,3766051
10-02-2038,10421374.22,10566554.08,10118911.3,10375241.28,10375241.28,2133964
11-02-2038,10335682.68,10481687.13,9992958.374,10246776.91,10246776.91,3576390
12-02-2038,10243515.14,10350627.52,9723115.479,10170105.52,10170105.52,4679871
13-02-2038,9984014.609,10266746.7,9855206.521,9978160.698,9978160.698,2521208
14-02-2038,9907395.696,10329340.81,9884607.364,9974432.991,9974432.991,3692382
15-02-2038,10085383.99,10209050.87,9803991.572,10014091.47,10014091.47,3682573
16-02-2038,10111387.77,10127175.16,9434722.349,10015717.66,10015717.66,4179710
17-02-2038,10167817.64,10838998.06,10131230.67,10245425.38,10245425.38,3906752
18-02-2038,10341582.24,10737719.67,10112798.3,10430307.21,10430307.21,3709108
19-02-2038,11363757.5,11588438.83,10954036.35,11452182.06,11452182.06,4178936
20-02-2038,11362125.88,11999759.09,11185329.66,11450156.82,11450156.82,3164997
21-02-2038,11445780.86,11929360.03,10836997.78,11397027.12,11397027.12,4286924
22-02-2038,11386612.38,11803597.26,11067237.58,11405828.43,11405828.43,4322929
23-02-2038,11734003.22,12501251.37,11560851.26,11692395.14,11692395.14,2567774
24-02-2038,11560079.88,11903518.74,11222066.93,11555893.13,11555893.13,2404819
25-02-2038,11692327.71,11839287.41,11153253.83,11596783.32,11596783.32,3823005
26-02-2038,11490441.12,11779587.23,10922853.82,11525989.21,11525989.21,2965940
27-02-2038,11574216.82,11897309.67,11297526.57,11505258.22,11505258.22,4765385
28-02-2038,11567867.68,11774987.98,11351255.26,11550250.82,11550250.82,4465483
01-03-2038,11985330.09,12100048.21,11672480.98,11870384.25,11870384.25,2638124
02-03-2038,12070179.89,12407478.92,11489326.31,11963687.83,11963687.83,2858823
03-03-2038,11997484.99,12702453.44,11625839.79,12093380.76,12093380.76,4325289
04-03-2038,12104423.82,12449844.91,11729939.2,12013750.14,12013750.14,2936637
05-03-2038,12011211.52,12495676.64,11163314.6,11997715.52,11997715.52,3911187
06-03-2038,11854965.48,12119504.84,11277228.6,11884843.01,11884843.01,4349872
07-03-2038,12338605.22,12434043.87,12012389.51,12326323.41,12326323.41,3809142
08-03-2038,12310638.85,12657173.18,11660902.92,12221577.02,12221577.02,4498527
09-03-2038,12010809.32,12217843.25,11706625.9,12103903.89,12103903.89,2691927
10-03-2038,12083264.65,12925772.77,11651815.5,12150801.7,12150801.7,4809110
11-03-2038,12393569.45,12508694.88,12173222.84,12387088.32,12387088.32,1978900
12-03-2038,12329744.67,12620664.7,11910871.53,12294145.56,12294145.56,3043213
13-03-2038,12261694.06,12699981.28,11772895.93,12291971.43,12291971.43,1924055
14-03-2038,12207036.72,12355491.64,11890470.39,12169800.47,12169800.47,4308028
15-03-2038,12109996.39,12453334.67,11337013.14,12158810.53,12158810.53,2907760
16-03-2038,12272714.04,12500624.86,11952122.4,12263724.31,12263724.31,3811468
17-03-2038,12379757.34,12621155.24,12185348.8,12277605.27,12277605.27,3319162
18-03-2038,12290633.11,12900046.4,11499789.07,12184430.41,12184430.41,3783029
19-03-2038,12137208.66,12583017.42,12129644.81,12195220.36,12195220.36,3402875
20-03-2038,12157493.36,12221146.82,11720565.7,12146865.58,12146865.58,3555339
21-03-2038,12295378.44,12336365.16,11450888.69,12262797.55,12262797.55,5034909
22-03-2038,12192947.3,12530532.35,12061194.17,12296447.92,12296447.92,3065465
23-03-2038,12240000.58,12793684.14,11823570.09,12250761.5,12250761.5,4053932
24-03-2038,11995358.73,12339375.42,11568801.81,11952119,11952119,3277696
25-03-2038,12132664.66,12488277.24,11945910.79,12111700.84,12111700.84,4251485
26-03-2038,12087366.45,12523584.54,11735171.74,12051809.73,12051809.73,2712500
27-03-2038,12035913.21,12513403.44,11952880.49,12136761.25,12136761.25,3700479
28-03-2038,12197798.85,12746138.3,11685859.18,12200737.09,12200737.09,6139110
29-03-2038,12280825.73,12417345.85,11833374.1,12303141.21,12303141.21,3036720
30-03-2038,12334734.08,12669536.9,12011367.62,12399629.79,12399629.79,3464797
31-03-2038,12531678.15,13159339.14,11790603.99,12504722.11,12504722.11,2925759
01-04-2038,12555323.09,12723075.96,12126504.06,12608486.6,12608486.6,3259428
02-04-2038,12365113.26,13051353.81,12165556.28,12480839.49,12480839.49,840597
03-04-2038,12530976.83,12873216.08,12180315.77,12621867.36,12621867.36,4987030
04-04-2038,12514899.97,12678486.63,12087689.62,12582196.81,12582196.81,2336876
05-04-2038,12406833.93,12543154.44,11938951.6,12497745.44,12497745.44,5687075
06-04-2038,12292799.12,12505496,11928964.63,12175002.16,12175002.16,4108659
07-04-2038,12108586.61,12481901.34,12004228.57,12196797.32,12196797.32,3747493
08-04-2038,11989667.93,12473014.93,11760164.96,12103905.49,12103905.49,3055200
09-04-2038,12324385.94,12595093.34,12065708.93,12316679.45,12316679.45,3758870
10-04-2038,12122337.82,12595251.11,11966086.81,12182755.89,12182755.89,5233911
11-04-2038,12312584.96,12363933.1,11854217.19,12198438.07,12198438.07,5136122
12-04-2038,11149073.91,11556822.22,11115828.25,11181057.81,11181057.81,4101874
13-04-2038,11078108.53,11665882.6,10952670.78,11189524.37,11189524.37,3152112
14-04-2038,11114313.53,11912699.9,10788837.09,11203928.02,11203928.02,5658650
15-04-2038,11226140.7,11871560.65,10855197.25,11206746.46,11206746.46,4738854
16-04-2038,11068795.97,11630024.01,11038895.1,11156690.74,11156690.74,4832111
17-04-2038,11071580.22,11605064.03,11051354.04,11165306.45,11165306.45,5105275
18-04-2038,11051431.78,11209398.66,10834915.93,11149561.93,11149561.93,5659559
19-04-2038,11437811.02,11904559.54,11248778.41,11457830.33,11457830.33,2660701
20-04-2038,11322838.85,11728665.65,11068718.93,11361182.82,11361182.82,4063557
21-04-2038,11434395.91,11561301.32,11319722.24,11436357.22,11436357.22,2257561
22-04-2038,11339492.09,11841405.28,11033163.03,11337908.4,11337908.4,2479767
23-04-2038,11189128.22,11579889.84,10941443.72,11233784.94,11233784.94,2560727
24-04-2038,11178052.44,11971352.4,11166225.66,11263448.32,11263448.32,4925450
25-04-2038,11225471.28,11699678.52,10914728.72,11328697.63,11328697.63,2331091
26-04-2038,11115617.39,11343891.97,10808786,11197919.03,11197919.03,3614931
27-04-2038,11204648.13,11979782.1,11037552.78,11189808.81,11189808.81,5282077
28-04-2038,10960935.39,11735828.13,10996453.13,11042595.84,11042595.84,3694767
29-04-2038,10794483.74,10922126.43,10602803.14,10820131.93,10820131.93,2859614
30-04-2038,10878530.57,11012577.95,10395551.03,10791463.97,10791463.97,5972551
01-05-2038,10753425.69,10830438.08,10295422.19,10692131.79,10692131.79,2488143
02-05-2038,11168373.62,11634188.77,10833153.99,11205334.7,11205334.7,4679992
03-05-2038,10988404.09,11349190.62,10835400.99,10947122.81,10947122.81,3828156
04-05-2038,10896717.54,11065717.03,10811921.99,10898397.01,10898397.01,4792683
05-05-2038,10793973.91,11197233.63,10532463.77,10879544.5,10879544.5,3174542
06-05-2038,10930868.25,11120277.51,10716210.32,10873719.99,10873719.99,2055771
07-05-2038,11847849.32,12329967.65,11644045.21,11939036.74,11939036.74,2200511
08-05-2038,11958547.89,12610138.62,11732422.75,11886449.82,11886449.82,3617211
09-05-2038,11914551.42,11937390.35,11528826.72,11807592.96,11807592.96,2383012
10-05-2038,11694586.49,11835678.09,11268567.54,11749962.59,11749962.59,3192805
11-05-2038,11644190.14,11906915.01,11556335.98,11705210.66,11705210.66,4102649
12-05-2038,11844236.47,12177837.5,11122545.9,11864354.06,11864354.06,1899371
13-05-2038,11838568.91,11990862.92,11603196.33,11860464,11860464,3746295
14-05-2038,11770268.99,11946486.74,11579310.7,11689226.53,11689226.53,4110891
15-05-2038,11551465.09,11716014.54,11288947.8,11482595.46,11482595.46,4649272
16-05-2038,11872806.3,12492842.6,11737568.29,11819022.09,11819022.09,2832939
17-05-2038,11602059.83,11771756.79,11628878.02,11666574.76,11666574.76,2793821
18-05-2038,11657064.28,11801833.46,11279116.79,11758084.82,11758084.82,5445252
19-05-2038,11721301.74,12404100.2,11684577.41,11811586.04,11811586.04,5421992
20-05-2038,12240230.62,12351529.09,12078832.8,12146780.32,12146780.32,3688351
21-05-2038,12336701.36,12255805.02,12087470.71,12216791.21,12216791.21,3306800
22-05-2038,12096670.25,12898457.09,11874761.73,12175822.13,12175822.13,2852152
23-05-2038,12388896.49,12441759.96,12145415.61,12351773.35,12351773.35,3893832
24-05-2038,12358752.78,12578426.6,11636953.24,12247888.98,12247888.98,3323115
25-05-2038,12241599.02,12791546.94,12149343.51,12302826.84,12302826.84,3299239
26-05-2038,12177292.94,12369801.89,12098805.36,12241778.71,12241778.71,4559498
27-05-2038,12044583.81,12609954.87,11911597.04,11975936.8,11975936.8,2560274
28-05-2038,12375675.3,12408338.48,11746217.36,12254684.25,12254684.25,4851513
29-05-2038,12369485.23,12755165.33,11633062.54,12264147.89,12264147.89,4318132
30-05-2038,12356083.76,12919037.75,12079075.32,12260559.02,12260559.02,3651150
31-05-2038,12347768.94,12736518.36,12362910,12413622.12,12413622.12,2730135
01-06-2038,12332742.11,12600607.07,12282243.04,12411078.72,12411078.72,4024445
02-06-2038,12008888.04,12402422.46,11576687.93,12016001.7,12016001.7,2801527
03-06-2038,11992015.52,12273487.31,11704027.1,11875105.12,11875105.12,5436833
04-06-2038,11958604.65,11971779.03,11647555.66,11846074.21,11846074.21,4679961
05-06-2038,11967761.02,11989087.6,11394929.58,11869583.27,11869583.27,4082966
06-06-2038,11849723.84,12452041,11398759.56,11858079.89,11858079.89,1695529
07-06-2038,11919144.1,12050968.33,11505813.92,12004587.67,12004587.67,4929719
08-06-2038,12014731.55,12630691.62,11898979.69,12008533.63,12008533.63,1815782
09-06-2038,12108077.58,12288508.56,11835008.28,12156359.21,12156359.21,3399083
10-06-2038,12211645.55,12422295.96,11922480.61,12206569.02,12206569.02,2143209
11-06-2038,12374961.89,12601584.95,11942477.4,12286357.65,12286357.65,2473766
12-06-2038,12229627.29,13010971.43,11877380.9,12309679.65,12309679.65,3882297
13-06-2038,12086829.79,12686408.58,11741433.57,12204276.12,12204276.12,3850518
14-06-2038,12644287.86,12982287.65,12244987.3,12676911.04,12676911.04,4471446
15-06-2038,12415397.51,12700162.02,12078925.79,12464428.63,12464428.63,4243763
16-06-2038,12106093.61,12841056.08,11700865.41,12225933.19,12225933.19,2735219
17-06-2038,12450223.01,12606448.43,12137629.99,12533104.69,12533104.69,4673827
18-06-2038,12404035.38,13173276.38,11913848.9,12509071.96,12509071.96,3853121
19-06-2038,12626712.55,12834683.21,12277696.09,12504135.33,12504135.33,2881089
20-06-2038,12499937.53,12794586.74,11917600.3,12473513.66,12473513.66,3392335
21-06-2038,12495938.66,12743802.5,12188341.75,12385100.44,12385100.44,3120119
22-06-2038,12347650.53,12880089.57,12216549.74,12369249.05,12369249.05,2929734
23-06-2038,12534742.73,12544701.53,11697527.22,12465384.77,12465384.77,4044513
24-06-2038,12456246.01,12453791.87,11867428.38,12370385.11,12370385.11,3185037
25-06-2038,12430533.7,12459849.02,12175964.95,12375579.63,12375579.63,2429666
26-06-2038,12111632.45,12132584.77,11463153.96,12046180.79,12046180.79,3817059
27-06-2038,11726645.68,11961712.56,11636227.13,11752388.82,11752388.82,1887342
28-06-2038,11472196.61,11682918.89,11239021.84,11556826.09,11556826.09,4601469
29-06-2038,11569243.37,11911417.57,11350553.97,11599389.46,11599389.46,1579374
30-06-2038,11742870.19,12151455.18,11638017.12,11764247.48,11764247.48,823672
01-07-2038,11722995.69,12148054.6,11621279.37,11715101.56,11715101.56,4489594
02-07-2038,11673866.78,12018896.98,11496286.26,11720811.9,11720811.9,2850058
03-07-2038,11717350.4,11959182.55,11503734.82,11711252.94,11711252.94,4434762
04-07-2038,11816298.85,12041389.06,11386927,11777699.25,11777699.25,91385
05-07-2038,11736084.87,12077665.27,11603974.4,11826431.79,11826431.79,2504461
06-07-2038,11879102.97,12268781.42,11435294.02,11836562.74,11836562.74,5480322
07-07-2038,11611135.85,11749337.48,11475799.64,11693835.45,11693835.45,3637608
08-07-2038,11845734.36,12007307.83,11217874,11858321.14,11858321.14,5371322
09-07-2038,11737982.76,12079355.02,11692193.57,11750641.59,11750641.59,4805177
10-07-2038,12109485.57,12180798.8,11930560.41,12084106.37,12084106.37,3824204
11-07-2038,11949880.72,12336811.09,11647526.85,11909909.36,11909909.36,3369403
12-07-2038,11752092.42,12453226.13,11300627.75,11788851.71,11788851.71,3930181
13-07-2038,11628512.75,11738563.97,11060630.45,11631969.52,11631969.52,5828800
14-07-2038,11792596.35,11925050.7,11260069.12,11730555.59,11730555.59,4462815
15-07-2038,11611980.76,11908247.94,11373301.3,11634778.53,11634778.53,5211512
16-07-2038,11497879.81,11476731.4,10956942.17,11393099.39,11393099.39,4579546
17-07-2038,11902541.89,12601617.13,11628794.21,11936169.89,11936169.89,2495485
18-07-2038,12004883.31,12092703.37,11732704.76,11956857.96,11956857.96,2519238
19-07-2038,12224158.74,12396165.88,11625253.28,12157213.52,12157213.52,1344307
20-07-2038,12067329.03,12327347,11633839.88,12136183.46,12136183.46,5108468
21-07-2038,12255335.55,12818818.54,11712510.06,12134604.92,12134604.92,3988437
22-07-2038,12006527.31,12182791.06,11462399.46,12049124.64,12049124.64,4874506
23-07-2038,12119077.33,12171233.57,11454844.6,12038839.89,12038839.89,2355797
24-07-2038,12025524.34,12826993.1,11935917.5,12086385.47,12086385.47,1758012
25-07-2038,12123996.43,12280353.64,11647143.92,12136171.12,12136171.12,2933970
26-07-2038,12347090.45,12847891.67,11895089.77,12305351.35,12305351.35,3334645
27-07-2038,12306620.99,12429148.63,12069394.48,12263591.96,12263591.96,3535316
28-07-2038,12083398.51,12484475.21,11452908.97,12193212.15,12193212.15,3110790
29-07-2038,12422266.65,12868144.66,12267591.94,12355274.58,12355274.58,4324088
30-07-2038,12006635.78,12465130.16,11984983.06,12073162.97,12073162.97,3241048
31-07-2038,11928084.08,12465955.32,11752651.68,11995182.26,11995182.26,2647062
01-08-2038,11981972.62,12197062.26,11638921.01,11935528.92,11935528.92,4188192
02-08-2038,12087741.63,12380210.8,11603201.11,12016146.95,12016146.95,3901383
03-08-2038,11884281.51,12194432.15,11615947.84,11941494.84,11941494.84,3195801
04-08-2038,11521844.26,12034492.5,11362332.64,11535196.84,11535196.84,5452862
05-08-2038,11856770.64,12295591.07,11426311.6,11756517.22,11756517.22,3452856
06-08-2038,11642714.97,11761533.08,11562459.36,11614755.13,11614755.13,4512653
07-08-2038,11780051.11,12081135.01,11773914.96,11839864.16,11839864.16,2997534
08-08-2038,11731769,11852271.27,11411124.55,11786058.82,11786058.82,4580424
09-08-2038,11902997.74,12337558.66,11728355.22,11953203.15,11953203.15,2239562
10-08-2038,11734196.58,11940202.94,11649069.07,11818825.74,11818825.74,4943284
11-08-2038,12023395.5,12131058.79,11730884.6,11952373.15,11952373.15,3998504
12-08-2038,11764090.96,12094407.66,10963134.53,11676946.76,11676946.76,5080444
13-08-2038,11532547.23,12033358.79,11352089.49,11626607.87,11626607.87,2943240
14-08-2038,11776100.49,12301801.61,11627381.22,11688492.22,11688492.22,2848806
15-08-2038,11639906.95,12054357.74,11373059.15,11626266.46,11626266.46,4817007
16-08-2038,11628557.67,11998533.5,10946526.23,11648591.26,11648591.26,5116574
17-08-2038,11794770.06,11852882.52,11556462.64,11717677.58,11717677.58,4046254
18-08-2038,11727062.12,12062459.35,11599845.32,11682489.39,11682489.39,5154757
19-08-2038,11750747.42,12295058.65,11620380.69,11830549.26,11830549.26,2474963
20-08-2038,11675335.29,12025480.52,11582966.84,11642865.17,11642865.17,3360822
21-08-2038,11717123.97,12293258.89,11395268.94,11613475.68,11613475.68,5337963
22-08-2038,11674909.99,11784439.41,11474963.08,11643488.11,11643488.11,3635506
23-08-2038,11834075.56,11934717.27,11467248.16,11755161,11755161,4052063
24-08-2038,12018905.85,12443817.91,11966077.54,12007310.1,12007310.1,4739483
25-08-2038,11972412.98,12645201.99,11847703.98,12016582.7,12016582.7,4966234
26-08-2038,11999482.95,12296948.53,11703319.97,11908274.96,11908274.96,1456481
27-08-2038,11937896.73,12389723.86,11567577.86,11844631.3,11844631.3,3848404
28-08-2038,11943694.39,12564734.64,11290509.36,12020078.78,12020078.78,4957088
29-08-2038,11835530.53,12199102.99,11398211.15,11834804.47,11834804.47,4489531
30-08-2038,11898261.51,12059224.21,11379194.25,11952508.14,11952508.14,3054011
31-08-2038,12154357.64,12729656.59,12008365.35,12203450.4,12203450.4,2716485
01-09-2038,11790172,12263259.8,11676279.44,11839264.52,11839264.52,1999371
02-09-2038,11795990.57,12195708.34,11727840.39,11855648.75,11855648.75,5094369
03-09-2038,11943746.34,12581555.04,11569785.73,12013904.49,12013904.49,3764591
04-09-2038,13080554.03,13603496.62,13016039.37,13190927.04,13190927.04,4261004
05-09-2038,13003640.01,13313251.6,12815713.44,13035951.51,13035951.51,1003587
06-09-2038,13119767.24,13118018.86,12666467.1,13000504.5,13000504.5,3963201
07-09-2038,13224438.97,13336441.45,12983743.92,13238380.03,13238380.03,3476079
08-09-2038,13285109.61,13657540.34,13001829.3,13293058.95,13293058.95,4902074
09-09-2038,13347481.78,13997743.32,12930584.52,13308248.66,13308248.66,2898016
10-09-2038,13412647.63,14070588.94,12661727.66,13379083.8,13379083.8,3641281
11-09-2038,13382288.47,13791670.7,13208699.29,13374085.55,13374085.55,4301368
12-09-2038,13576321.28,14190969.35,13433561.88,13670198.03,13670198.03,3742920
13-09-2038,14393867.39,14609115.27,14191279.92,14326342.72,14326342.72,3929077
14-09-2038,14175512.22,14473462.58,13970119.71,14286710.65,14286710.65,3123760
15-09-2038,14282545.58,14509023.12,14080867.97,14329254.54,14329254.54,3412759
16-09-2038,13900196.6,14388661.71,13463924.48,13947855.04,13947855.04,6713746
17-09-2038,14221296.41,15096375.9,13969827,14156116.42,14156116.42,3460015
18-09-2038,14081444.88,14935004.82,13524387.08,14176055.36,14176055.36,4361459
19-09-2038,14363901.08,14824962.79,14192202.05,14256093.52,14256093.52,3188847
20-09-2038,14025445.48,14718067.2,13912792.89,14124472.65,14124472.65,2855676
21-09-2038,13571294.47,13770773.83,12951268.83,13580508.64,13580508.64,2938187
22-09-2038,13290345.02,13463322.67,12659730.24,13368600.86,13368600.86,2960166
23-09-2038,13313066.48,13546065.55,12919079.92,13360826.13,13360826.13,5142859
24-09-2038,13618453.72,13742565.56,13421253.47,13489438.33,13489438.33,3203649
25-09-2038,13428627.59,13843319.19,13299956.78,13496901.45,13496901.45,1304558
26-09-2038,13526044.51,14472518.26,13423820.37,13527500.06,13527500.06,3582150
27-09-2038,13585398.46,13774098.05,13294810.39,13536252.16,13536252.16,3655298
28-09-2038,13405698.13,13701808.93,13109198.79,13385853.75,13385853.75,4730132
29-09-2038,13363343.83,13463129.29,13301432.44,13368724.9,13368724.9,3184944
30-09-2038,14662403.86,15611370.32,14140502.08,14560417.24,14560417.24,3871381
01-10-2038,14487583.59,15007653,14206809.24,14617410.88,14617410.88,850270
02-10-2038,14741926.9,15159342.15,14677776.86,14736227.35,14736227.35,2634625
03-10-2038,14892110.84,14934876.27,14181384.44,14783896.23,14783896.23,2503123
04-10-2038,14733299.25,15391579.95,14198192.06,14705785.5,14705785.5,3255802
05-10-2038,14439204.59,14871135.4,14177958.1,14390963.44,14390963.44,3683580
06-10-2038,14588240.96,15088595.1,14177494.89,14450508.87,14450508.87,2847146
07-10-2038,14491080.77,15006538.94,14205201.98,14479186.55,14479186.55,5041604
08-10-2038,14435530.55,14615525.38,14345153.51,14535862.23,14535862.23,4577471
09-10-2038,14389552.34,14967684.99,14180870.24,14532884,14532884,4376509
10-10-2038,15103658.26,15567757.72,14155018.36,15053620.99,15053620.99,5902643
11-10-2038,15166647.99,15652880,15127402.16,15301635.6,15301635.6,3156314
12-10-2038,15236986.26,15379655.68,14854697.97,15152847.95,15152847.95,1428567
13-10-2038,15051907.64,15679493.55,14198695.23,15065103.99,15065103.99,5133832
14-10-2038,15159948.57,15652773.1,14343909.41,15139975.79,15139975.79,4361680
15-10-2038,15081981.72,15729759.75,14667598.5,15027064.55,15027064.55,3425098
16-10-2038,15032768.74,15757663.06,14392269.7,14897559.01,14897559.01,2357851
17-10-2038,14989880,15803506.58,14598986.09,15026538.81,15026538.81,1855043
18-10-2038,15129472.66,15540041.17,14964662.62,15169507.14,15169507.14,2769936
19-10-2038,15083194.74,15311614.87,14749521.17,15179652.23,15179652.23,1147095
20-10-2038,14973721.21,15746412.32,14714098.35,15115475.22,15115475.22,5434081
21-10-2038,14531165.09,15223659.84,14369289.9,14637295.21,14637295.21,2622568
22-10-2038,14807156.15,14962979.25,13907003.68,14666343.57,14666343.57,3019814
23-10-2038,14642680.72,14950412.03,14477681.45,14600469.91,14600469.91,3787699
24-10-2038,14723377.57,14894018.02,14381344.67,14611525.72,14611525.72,2741867
25-10-2038,14790641.46,14866909.63,14233481.34,14695742.77,14695742.77,6072450
26-10-2038,14677945.85,14996710.94,14327828.66,14693443.99,14693443.99,4429128
27-10-2038,14589515.96,15104386.7,14381718.68,14702950.44,14702950.44,3508496
28-10-2038,14764354.1,15222481.29,14323972.12,14723387.12,14723387.12,4216556
29-10-2038,14682087.32,14803059.21,13967774.27,14711647.64,14711647.64,2949854
30-10-2038,14622535.57,15127073.73,14406682.12,14645570.49,14645570.49,3503599
31-10-2038,14764999.69,15096271.19,14651548.23,14752897.72,14752897.72,3936464
01-11-2038,14730893.73,15658913.75,14352082.82,14657753.91,14657753.91,2777146
02-11-2038,14665508.58,15164785.62,13989767.81,14675972.53,14675972.53,4453149
03-11-2038,14657130.48,14937580.88,14011802.73,14686348.56,14686348.56,4212042
04-11-2038,14886323.65,14805437.32,14267174.6,14761354.12,14761354.12,1953302
05-11-2038,14876790.44,15401144.09,13960500.62,14832644.7,14832644.7,4305674
06-11-2038,14951732.1,15104253.28,14750589.61,14918136.22,14918136.22,2440013
07-11-2038,14768187.33,15216814.28,14256684.73,14854878.04,14854878.04,5139915
08-11-2038,14683739.87,14836808.8,14245789.88,14641082.47,14641082.47,3152863
09-11-2038,14357435.34,14792625.35,13788812.81,14492161.57,14492161.57,2153906
10-11-2038,14454949.16,14613114.74,14049914.39,14562152.08,14562152.08,4059392
11-11-2038,14820540.86,15721144.75,14555172.18,14822939.15,14822939.15,2256010
12-11-2038,15140101.11,15617281.45,14793354.66,15209814.97,15209814.97,5015051
13-11-2038,15183349.6,15718843.84,15023433.89,15334333.99,15334333.99,4759134
14-11-2038,15375228.47,15417392,14591350.38,15297585.76,15297585.76,4770448
15-11-2038,14887928.09,15658419.85,14534206.49,15022186.27,15022186.27,1017036
16-11-2038,14904469.56,15530133.34,14658466.36,14898305.64,14898305.64,2597038
17-11-2038,14853425.04,15007131.73,14565974.1,14708083.08,14708083.08,4620860
18-11-2038,14865435.41,15285902.85,14352228.48,14917919.41,14917919.41,4858126
19-11-2038,14962589.09,15148211.19,14467531.84,15040513.36,15040513.36,3433887
20-11-2038,14682267.57,15047210.9,14681038.21,14752830.19,14752830.19,3124856
21-11-2038,15102134.19,15316934.06,14572295.49,14962047.87,14962047.87,3937350
22-11-2038,15164046.16,15540383.87,15039473.94,15188953.95,15188953.95,3546280
23-11-2038,15298226.21,15427191.13,14917142.03,15265924.41,15265924.41,3011987
24-11-2038,14981442.04,14947916.68,14327883.37,14839379.69,14839379.69,3515141
25-11-2038,13433433.58,13785575.14,12544459.51,13407623.22,13407623.22,2047230
26-11-2038,13369008.13,13485179.51,12642251.08,13298277.72,13298277.72,5490044
27-11-2038,12837122.46,13185280.95,12793697.19,12882482.42,12882482.42,2539436
28-11-2038,12997126.22,13061233.26,12220464.51,12922243.17,12922243.17,3782776
29-11-2038,13056730.75,13268648.24,12072783.73,12962431.9,12962431.9,4577644
30-11-2038,12950002.48,13532158.91,12421178.13,13043356.62,13043356.62,3823080
01-12-2038,13201488.16,13485149.49,12439973.25,13267789.5,13267789.5,4790400
02-12-2038,14501936.16,14740838.84,14385366.38,14537045.91,14537045.91,3034017
03-12-2038,14505176.34,14759493.4,14389987.1,14556014.12,14556014.12,3961596
04-12-2038,14866887.81,15565940.27,13941711.84,14861616.86,14861616.86,2440855
05-12-2038,15372774.57,15987544.87,15189833.62,15394132.88,15394132.88,3378480
06-12-2038,15398375.95,15677551.1,14922437.71,15400570.7,15400570.7,2866553
07-12-2038,15687653.51,16650655.54,15640498.99,15727129.36,15727129.36,1820003
08-12-2038,15640961.92,16147519.87,15631622.96,15769846.81,15769846.81,2031340
09-12-2038,16293128.09,16570981.08,15376131.62,16380565.57,16380565.57,1950002
10-12-2038,16657802.23,17128599.48,15889476.11,16504145.85,16504145.85,1942607
11-12-2038,16389738.21,16742997.87,15764698.83,16546653.05,16546653.05,3758449
12-12-2038,16449220.86,17361823.43,16009350.97,16358636.28,16358636.28,3399113
13-12-2038,16267457.88,16388515.66,16176153.75,16305655.34,16305655.34,2481519
14-12-2038,16580687.62,17118915.86,16251893.77,16703755.02,16703755.02,2487460
15-12-2038,16614977.18,16622859.81,15981784.64,16512132.24,16512132.24,4282537
16-12-2038,16750033.23,16800115.22,16354765.48,16717759.55,16717759.55,2411733
17-12-2038,16536570.18,16971963.99,16411409.53,16676641.97,16676641.97,2977271
18-12-2038,16941997.86,17344239.28,16749857.91,16854957.27,16854957.27,3386766
19-12-2038,16915921.95,17966245.91,16326889.81,16965940.99,16965940.99,4569461
20-12-2038,17160727.76,17625588.49,16959695.26,17103929.38,17103929.38,2399434
21-12-2038,17484020.45,18203729.73,16201180.58,17376558.74,17376558.74,4644252
22-12-2038,17099322.19,17648703.18,17127075.44,17215738.55,17215738.55,3105314
23-12-2038,18765551.17,19440610.05,18460966.46,18750354.89,18750354.89,3290363
24-12-2038,18981206.21,19430209.7,18662784.27,18933605.26,18933605.26,2996189
25-12-2038,18521289.92,18776956.33,17467682.64,18660670.1,18660670.1,4758913
26-12-2038,18872417.17,19408313.34,18591275.63,18987490.75,18987490.75,3511395
27-12-2038,19067226.1,19267890.82,18353457.46,18932766.44,18932766.44,3292223
28-12-2038,18985875.72,19105508.66,18408393.06,18987016.04,18987016.04,4078313
29-12-2038,19236672.32,19488077.28,18830880.39,19250405.78,19250405.78,3855576
30-12-2038,19439745.45,20258454.5,18341067.7,19388858.07,19388858.07,3678062
31-12-2038,19357565.04,19500351.53,18463680.63,19377815.94,19377815.94,1412737
01-01-2039,19351534.42,20113224.12,19137310.87,19394415.69,19394415.69,4026596
02-01-2039,19219664.26,19746998.03,18823756.09,19233418.92,19233418.92,5024084
03-01-2039,18672048.21,19102094.67,18111908.42,18721486.05,18721486.05,2868570
04-01-2039,18632218.46,19273034.16,18148122.38,18769704.11,18769704.11,3136009
05-01-2039,18906615.7,18938581.98,18455999.82,18791151.87,18791151.87,4241825
06-01-2039,18492618.69,18766542.09,17942568.44,18626208.83,18626208.83,4626427
07-01-2039,18507973.87,19773014.82,18295065.24,18642703.3,18642703.3,2021460
08-01-2039,18638390.24,18788509.42,18356523.75,18627755.17,18627755.17,3382722
09-01-2039,18287810.59,18552231.36,18256564.8,18415328.15,18415328.15,5330410
10-01-2039,18398293.47,18623538.91,18279108.7,18523562.44,18523562.44,3935116
11-01-2039,18959179.53,20081769.43,18512174.4,18862595.56,18862595.56,1871832
12-01-2039,18284930.9,19110814.49,17494144.71,18203708.3,18203708.3,1742677
13-01-2039,18232541.26,18954209.57,17769134.38,18392122.43,18392122.43,4833064
14-01-2039,18683550,18664129.97,18175834.92,18543215.76,18543215.76,2526361
15-01-2039,19161291.63,19666268.23,18899113.85,19142569.21,19142569.21,2706360
16-01-2039,19241873.72,19542273.45,18957349.48,19405115.38,19405115.38,4953460
17-01-2039,19580967.47,20083607.68,18885800.26,19531957.53,19531957.53,3347081
18-01-2039,19637608.15,20435893.02,18830025.76,19774797.67,19774797.67,5941777
19-01-2039,19583468.75,19670258.72,19267021.78,19445740.03,19445740.03,4556931
20-01-2039,19717919.6,20429693.83,18499216.13,19523056.55,19523056.55,3556950
21-01-2039,19742357.35,19977944.15,19451202.77,19584436.69,19584436.69,4006457
22-01-2039,19620642.08,19715384.3,18470755.23,19492165.4,19492165.4,1575070
23-01-2039,19467964.27,19886938.19,18862950.59,19402209.26,19402209.26,4567575
24-01-2039,19587199.5,20198021.96,19092554.18,19567129.47,19567129.47,5084802
25-01-2039,19957662.57,20285044.22,19422182.35,19995336.31,19995336.31,2946917
26-01-2039,20166095.07,20887519.38,20158314.35,20284805.58,20284805.58,3202085
27-01-2039,20957643.55,21011316.88,20689194.74,20847575.4,20847575.4,6411603
28-01-2039,21216278.49,21654787.98,20199737.06,21076091.16,21076091.16,3477900
29-01-2039,20603494.69,20814149.29,20107244.45,20417108.11,20417108.11,2734127
30-01-2039,20540864.69,20813057.39,19837828.79,20454674.74,20454674.74,3257788
31-01-2039,20199164.81,20606049.78,19985860.09,20385409.31,20385409.31,5543002
01-02-2039,20471952.59,20534097.5,19226958.96,20406658.18,20406658.18,5368342
02-02-2039,20464030.48,20764539.38,19105528.71,20286327.81,20286327.81,3349490
03-02-2039,20929998.53,21355950.26,20227928.59,20825517.75,20825517.75,4464264
04-02-2039,21250893.26,21560689.48,21237627.11,21345056.69,21345056.69,4533354
05-02-2039,22137839.98,22489609.51,21938242.59,22077336.02,22077336.02,4080654
06-02-2039,22264838.57,22998171.34,21720709.24,22364363.67,22364363.67,4958385
07-02-2039,22277084.82,22867716.23,21201572.91,22312466.55,22312466.55,3155811
08-02-2039,22632834.97,23567144.95,22166072.11,22599888.62,22599888.62,3481027
09-02-2039,22664262.52,23234163.88,22264072.48,22852510.05,22852510.05,2857728
10-02-2039,22926751.28,23075045.85,22009821.25,22944080.02,22944080.02,4377994
11-02-2039,23211003.85,23560430.98,22210805.69,23144570.86,23144570.86,2254800
12-02-2039,23663468.24,24748010.41,23600631.55,23872762.83,23872762.83,4405459
13-02-2039,23902533.91,24277582.64,23525035.43,23780983.79,23780983.79,3915958
14-02-2039,23583042.07,24319471.48,23253241.47,23395705.22,23395705.22,3842101
15-02-2039,23226641.28,23790774.97,23066718.13,23286106.1,23286106.1,2656442
16-02-2039,23307600.73,24060942.17,22697086.76,23322584.09,23322584.09,2320453
17-02-2039,23618766.24,23594006.89,22622962.04,23392597.61,23392597.61,6709129
18-02-2039,23711853.94,24232118.55,23044951.23,23501966.21,23501966.21,2597334
19-02-2039,24082846.98,24383718.33,22424101.75,24006812.02,24006812.02,5399726
20-02-2039,23588300.28,24348660.23,22440504.48,23514257.85,23514257.85,2553707
21-02-2039,23639976.98,24905943.73,23252484.78,23866936.83,23866936.83,3495539
22-02-2039,23793981.81,24137637.9,22559486.91,23734648.82,23734648.82,2741655
23-02-2039,23689139.69,24049051.8,23014309.75,23628044.99,23628044.99,3509140
24-02-2039,23366534.25,23818241.5,23077825.6,23307468.48,23307468.48,4570056
25-02-2039,23452074.15,24190247.2,22753892.57,23323947.05,23323947.05,3321830
26-02-2039,23655583.98,24169120.29,23347331.2,23726444.13,23726444.13,3859239
27-02-2039,24041575.11,24585326.82,23331754.03,23902654.55,23902654.55,5196040
28-02-2039,23825024.71,23766367.25,23250532.76,23666401.45,23666401.45,2172334
01-03-2039,22446683.22,22469648.27,21773307.44,22321212.72,22321212.72,3752471
02-03-2039,22202266.27,23697731.62,21740700.42,22325520.3,22325520.3,3111072
03-03-2039,22488299.97,23117386.4,21518394.7,22323006.06,22323006.06,3697160
04-03-2039,22576823.18,23240322.73,22118134.23,22793991.78,22793991.78,3183129
05-03-2039,23236033.64,23600194.94,22735217.17,23185691.38,23185691.38,4207525
06-03-2039,23148102.33,23138416.07,22248375.91,22987517.52,22987517.52,4687149
07-03-2039,23055198.25,23053156.47,22020569.9,22890001.6,22890001.6,2421883
08-03-2039,23631020.19,23938156.57,22491788.51,23422666.49,23422666.49,3829392
09-03-2039,23599403.88,24243250.87,23236797.49,23458600.88,23458600.88,3652781
10-03-2039,23158870.18,23887326.97,22953867.38,23181044.05,23181044.05,3040350
11-03-2039,22123928.31,23441499.67,21029996.73,22295102.2,22295102.2,4327310
12-03-2039,22347278.79,22592207.43,21842198.06,22182181.02,22182181.02,2837789
13-03-2039,22564463.28,23068085.75,21246349.62,22552154.28,22552154.28,2842782
14-03-2039,22779825.57,22843817.45,22379608.76,22565100.33,22565100.33,3199207
15-03-2039,22403320.76,23322707.07,22296892.48,22517962.78,22517962.78,4526396
16-03-2039,22615728.11,23708506.51,22418718.76,22835734.85,22835734.85,3855212
17-03-2039,22560968.22,23244219.27,22462591.02,22594023.23,22594023.23,3189172
18-03-2039,23179685.48,23363339.77,22592560.59,23120948.7,23120948.7,3080585
19-03-2039,22519037.48,23198121.42,21559357.52,22334280.41,22334280.41,2492797
20-03-2039,21978093.61,22069045.28,21270471.39,21844166.12,21844166.12,5094928
21-03-2039,22352842.19,22943745.64,21966184.94,22319884.14,22319884.14,5279144
22-03-2039,22295468.03,23256188.02,21431365.61,22251956.58,22251956.58,2836817
23-03-2039,22024920.33,22609080.63,21368829.14,22238035.58,22238035.58,5026695
24-03-2039,22494937.74,23424823.1,22173696.55,22455941.01,22455941.01,3726292
25-03-2039,22951797.06,23212207.9,22456846.41,22967107.8,22967107.8,3591883
26-03-2039,22593222.26,23695024.88,22150437.1,22490032.02,22490032.02,3497103
27-03-2039,22525965.52,22702994.82,21824730.9,22349619.18,22349619.18,4289880
28-03-2039,22314705.08,23781587.22,21667342.44,22353221.77,22353221.77,4011165
29-03-2039,21940781,22288845.2,20739862.94,21993908.32,21993908.32,3822155
30-03-2039,22058700.04,22782631.3,21524564.3,22227038.52,22227038.52,4450321
31-03-2039,22144160.95,23277144.7,20959196.78,22075447.12,22075447.12,3337966
01-04-2039,22127930.29,23117420.77,21282290.28,22030054.7,22030054.7,4224887
02-04-2039,22307566.93,23226213.52,21654692.83,22158259.67,22158259.67,3694012
03-04-2039,22822715.41,23363083.91,22045112.09,22855419.57,22855419.57,4060749
04-04-2039,23334046.78,23552406.55,22772041.84,23161888.27,23161888.27,4700213
05-04-2039,22976606.46,23321052.22,22459827.43,23070744.74,23070744.74,4238221
06-04-2039,22891125.77,23547092.64,22614257.86,22956662.3,22956662.3,4112095
07-04-2039,23118829.28,23665375.07,22746874.32,23097322.23,23097322.23,5705816
08-04-2039,23286356.49,23706288.33,22560687.6,23223670.35,23223670.35,1797872
09-04-2039,23737756.95,24506171.93,23227364.29,23570350.06,23570350.06,1888498
10-04-2039,23271068.31,23765696.8,22627938.48,23146017.58,23146017.58,3823266
11-04-2039,23213881.88,23607231.29,22005534.75,23178189.89,23178189.89,3542052
12-04-2039,23163648.12,23172555.56,22711839.26,22990896.22,22990896.22,4110907
13-04-2039,23747464.07,24397979.23,23130351.16,23876196.17,23876196.17,5037724
14-04-2039,23967633.97,24504690.19,23357887.87,24061765.66,24061765.66,5206096
15-04-2039,24058799.69,24357081.53,23803742.39,24098680.54,24098680.54,4061146
16-04-2039,24299450.98,24664232.09,23835833.91,24129701.43,24129701.43,5876089
17-04-2039,24011485.77,24485076,22860797.47,24233499.12,24233499.12,6059299
18-04-2039,26421937.25,26909824.52,25235329.14,26393680.84,26393680.84,2690843
19-04-2039,26260643.4,27767075.44,26174711.15,26479059.34,26479059.34,3834066
20-04-2039,26889750.2,27040779.92,25232596.22,26688571.66,26688571.66,3427049
21-04-2039,26428986.58,26717344.44,25093751.15,26403959.31,26403959.31,2587223
22-04-2039,26648295.3,27220949.48,26290694.56,26602238.71,26602238.71,3792101
23-04-2039,26884109.85,27670943.55,25836783.57,27103882.14,27103882.14,3489733
24-04-2039,26746161.66,27835686.14,26569210.83,26919030,26919030,4821797
25-04-2039,26541466.68,27206247.23,26022783.08,26666060.67,26666060.67,3432682
26-04-2039,26564849.06,27512162.97,25660037.02,26521124.22,26521124.22,2542008
27-04-2039,27080854.23,29048728.62,26341592.38,27239001.48,27239001.48,2248919
28-04-2039,27406024.71,28750370.99,27484698.18,27669821.08,27669821.08,5237074
29-04-2039,27551836.16,27975922.82,27347255.85,27635071.38,27635071.38,2411498
30-04-2039,27038339.5,27831560.17,26091042.24,27151515.74,27151515.74,5204814
01-05-2039,27168250.54,27886319.07,26821747.55,27185263.28,27185263.28,3306326
02-05-2039,27026047.73,27706726.91,25757435.86,27106911.96,27106911.96,3751144
03-05-2039,27199359.65,27940767.52,25874328.92,27263942.68,27263942.68,4099984
04-05-2039,26770415.97,27130413.64,26275681.85,26997305.99,26997305.99,4468743
05-05-2039,27739629.87,28794098.89,26845108.93,27736847.15,27736847.15,4406096
06-05-2039,27657334.64,29326639.44,26894516.42,27606166.1,27606166.1,2235681
07-05-2039,27797926.57,29069077.92,26980855.98,27977351.01,27977351.01,3566255
08-05-2039,28524494.72,29588899.81,28333729.21,28720960.52,28720960.52,3509715
09-05-2039,28672155.87,29364646.34,28220462.07,28672749.77,28672749.77,2606155
10-05-2039,28571654.89,28830715.74,28102056.76,28679962.63,28679962.63,5209694
11-05-2039,29055674.92,29793484.35,28489328.17,29251025.45,29251025.45,5218331
12-05-2039,28480903.04,30055275.14,27295395.25,28539663.98,28539663.98,4539949
13-05-2039,28207497.22,29916258.43,27768818.53,28277819.37,28277819.37,4603058
14-05-2039,27968707.2,29411038.88,27953544.79,28064351.39,28064351.39,3859011
15-05-2039,27832969.89,28506750.34,27737177.41,27940266.64,27940266.64,4134060
16-05-2039,27252002.81,28256604.64,26367743.54,27509602.76,27509602.76,5576351
17-05-2039,27470704.12,28360113.14,26347554.25,27302340.49,27302340.49,3669076
18-05-2039,27604353.92,28269579.19,26867631.94,27569158.85,27569158.85,3844845
19-05-2039,27531789.71,28664164.17,26726062.43,27453344.39,27453344.39,4425080
20-05-2039,27735003.3,28007704.43,27305183.05,27772305.61,27772305.61,2235839
21-05-2039,28335543.59,29783274.01,27465751.28,28159456.13,28159456.13,4105268
22-05-2039,28305004.62,29285125.77,28185419.89,28576010.61,28576010.61,3084827
23-05-2039,27897214.99,28301822.55,27454640.07,28005348.31,28005348.31,5374713
24-05-2039,27901111.06,28350502.58,27771135.98,28058524.53,28058524.53,2228056
25-05-2039,27945401.92,28824186.13,26676073.02,28052094.21,28052094.21,4064363
26-05-2039,27680884.71,28107993.26,27144856.16,27903880.95,27903880.95,2810620
27-05-2039,28280361.95,29053290.01,26931508.96,28029043.69,28029043.69,3951832
28-05-2039,28141732.43,28411716.05,27053001.21,27989759.11,27989759.11,5523814
29-05-2039,28054559.67,29401346.64,26555548.06,28293183.44,28293183.44,2151469
30-05-2039,27990835.22,29934439.02,27750880.32,28168562.72,28168562.72,4176220
31-05-2039,27877150.55,28354118.66,27106854.03,27813491.46,27813491.46,2685400
01-06-2039,30580546.36,32277196.11,29711042.31,30538426.3,30538426.3,3536854
02-06-2039,30417653.9,30912240.32,29674159.58,30143904.23,30143904.23,5945434
03-06-2039,30247859.73,30408885.98,28965721.27,30020992.62,30020992.62,2443585
04-06-2039,29830755.84,30615318.75,29648099.82,29822964.71,29822964.71,4231259
05-06-2039,29759874.13,31144949.83,28114651.18,29784580.13,29784580.13,1215803
06-06-2039,30425168.42,31351279.18,29321162.38,30216226.68,30216226.68,3735647
07-06-2039,30469659.61,31065705.64,29231978.73,30321054.46,30321054.46,3121860
08-06-2039,31162379.19,31181664.3,30294201.08,30914677.94,30914677.94,3119463
09-06-2039,31097804.81,31925067.9,29996975.7,30905631.35,30905631.35,2950504
10-06-2039,31154931.55,31576994.31,30201319.82,31001569.43,31001569.43,3912870
11-06-2039,30561386.84,31750579.83,29405252.59,30722336.72,30722336.72,4443877
12-06-2039,30092237.63,30968332.26,29758999.29,30275708.04,30275708.04,3371385
13-06-2039,30269218.3,30741069.58,29354016.44,30441239.34,30441239.34,4354152
14-06-2039,30941884.31,31995953.53,29271787.02,30639515.85,30639515.85,2067586
15-06-2039,31265372.95,31669420.87,30249672.72,31126103,31126103,4167424
16-06-2039,30842675.97,32662638.99,30707599.47,30932727.43,30932727.43,3603215
17-06-2039,30639586.12,31107770.17,29577920.46,30874473.71,30874473.71,2689186
18-06-2039,31362910.67,31831666.12,30011811.64,31335363.54,31335363.54,4803447
19-06-2039,31900009.37,32724937.47,30030197.91,31613429.58,31613429.58,4211229
20-06-2039,31978555.94,33812703.19,30046594.72,31662729.83,31662729.83,4765718
21-06-2039,31661804.89,31828870.44,31494363.45,31668999.65,31668999.65,3363382
22-06-2039,32078124.08,33474644.36,31444609.78,31974449.93,31974449.93,2269235
23-06-2039,32037433.29,32198176.17,31314484.75,31965093.22,31965093.22,5522191
24-06-2039,31124765.2,31951155.57,30236116.09,31353689.93,31353689.93,4929577
25-06-2039,31136020.35,32076164.43,30651323.86,31211205.54,31211205.54,4552128
26-06-2039,32263258.98,32979055.3,30811002.71,32078849.26,32078849.26,4249477
27-06-2039,31817173.91,32647447.86,30653242.42,31810865.08,31810865.08,3446712
28-06-2039,30547945.45,31265706.67,29619879.61,30640979.38,30640979.38,3618491
29-06-2039,30134648.14,30904051.21,29536498.94,30168687.43,30168687.43,3048371
30-06-2039,29075264.73,29491280.47,28183320.29,29278152.26,29278152.26,4543130
01-07-2039,30064840.4,32423283.14,30039985.85,30199323.59,30199323.59,4982112
02-07-2039,29783170.6,31507998.3,28676718.61,30059954.04,30059954.04,2194594
03-07-2039,29332591.22,29562185.88,28272301.12,29327168.57,29327168.57,4137144
04-07-2039,29690755.62,29513293.74,28455849.25,29402817.99,29402817.99,4728366
05-07-2039,29346973.74,30119192.64,29059198.46,29342358.74,29342358.74,5169979
06-07-2039,29939655.59,29997267.31,29477379.91,29659426.31,29659426.31,2453326
07-07-2039,29931156.87,30726359.21,29280581.89,30203130.23,30203130.23,3738129
08-07-2039,31854362.19,32183705.98,31311829.8,31681841.32,31681841.32,3000457
09-07-2039,31009959.77,31475706.32,30886979.15,31277047.12,31277047.12,4109255
10-07-2039,31072608.55,31726798.02,30540519.89,31263089.92,31263089.92,4138908
11-07-2039,31822832.39,32955365.16,31397673.38,31700840.08,31700840.08,4529303
12-07-2039,31722696.6,31891398.59,30815072.32,31682962.99,31682962.99,5404231
13-07-2039,31405588.35,33691350.89,30729673.53,31719166.46,31719166.46,1994494
14-07-2039,31469601.11,32803067.33,30025683.71,31506268.28,31506268.28,3587516
15-07-2039,31716794.43,32409991.98,30113615.95,31411654.95,31411654.95,3810977
16-07-2039,31632702.3,32454585.12,30440356.37,31327439.29,31327439.29,2954350
17-07-2039,31337950.69,33025140.95,30431508.45,31592325.86,31592325.86,1377620
18-07-2039,32286127.17,32973195.25,31384195.45,32071569.37,32071569.37,5928045
19-07-2039,31419854.62,32857988.43,30431546.5,31377031.95,31377031.95,3141648
20-07-2039,30977675.26,31119477.54,29897633.45,30868689.24,30868689.24,5044277
21-07-2039,30732944.13,31822002.38,30409224.82,30974922.69,30974922.69,3848873
22-07-2039,31196520.27,32688608.74,30569786.34,31288341.02,31288341.02,3697407
23-07-2039,30754207.41,31848645.51,30031285.18,30888849.4,30888849.4,5406767
24-07-2039,30571893.65,30719617,30166519.6,30622945.62,30622945.62,3383915
25-07-2039,30086955.82,31062596.89,29593283.96,29913961.78,29913961.78,3832235
26-07-2039,28709730.78,30155510.88,28035886.16,28956158.45,28956158.45,1939640
27-07-2039,28447925.72,30388909.17,27133892.41,28507394.9,28507394.9,4363468
28-07-2039,28713171.22,29288895.65,28129446.44,28789126.24,28789126.24,1887203
29-07-2039,28973475.32,29136488.56,27137975.76,28897339.14,28897339.14,3005605
30-07-2039,29541429.11,31061302.77,28608973.53,29806529.05,29806529.05,3665810
31-07-2039,29449869.96,31010761.39,28163637.69,29326413.88,29326413.88,2688983
01-08-2039,29580725.13,30444509.81,29156246.51,29685126.34,29685126.34,3148430
02-08-2039,29208315.52,30897922.49,27898494.5,29377765.71,29377765.71,3983427
03-08-2039,29138551.09,29531891.89,28017029.01,28954921.08,28954921.08,3677988
04-08-2039,29852932.61,30823348.17,29635916.93,30030438.97,30030438.97,4091297
05-08-2039,30893685.38,31640008.48,30264260.63,30608017,30608017,4484759
06-08-2039,31245167.29,31438760.51,29983992.32,31111748.41,31111748.41,3894085
07-08-2039,32729212.68,33831025.92,32599574.67,32814488.18,32814488.18,3181687
08-08-2039,33102890.14,33285263.63,32876777.67,32972967.14,32972967.14,3303084
09-08-2039,33706226.07,34704238.97,31536046.33,33679803.88,33679803.88,3926609
10-08-2039,34526135.33,34702256.76,32292771.41,34276541.19,34276541.19,3171837
11-08-2039,33761909.77,34582912.65,33301675.1,33762471.05,33762471.05,3293077
12-08-2039,33178930.8,34064060.66,32073322.71,33215481.21,33215481.21,3254099
13-08-2039,32956147.99,33982143.39,32963016.02,33228835.43,33228835.43,5628475
14-08-2039,33733319.74,34237007.16,32922822.77,33446036.77,33446036.77,2562292
15-08-2039,33519111.59,33725433.21,33014025.32,33314238.14,33314238.14,2174658
16-08-2039,33493476.5,34376338.44,32484559.25,33296522.25,33296522.25,4200533
17-08-2039,33678131.69,34324090.64,33024668.26,33759360.2,33759360.2,1939263
18-08-2039,34427204.17,35220814.58,32172809.73,34100952.73,34100952.73,4524790
19-08-2039,33470879.96,35217634.17,33514660.45,33788803.77,33788803.77,4609416
20-08-2039,33615511.77,35079574.25,31902194.95,33645467.44,33645467.44,2989704
21-08-2039,34037863.45,35118281.57,32280456.57,33977977.04,33977977.04,5412675
22-08-2039,33463426.1,35360904.22,32815467.28,33432012.35,33432012.35,4822503
23-08-2039,33025102.89,33884687.87,32554478.24,33106669.81,33106669.81,3475750
24-08-2039,32549037.12,33573069.14,32049471.57,32800267.32,32800267.32,2718304
25-08-2039,31933016.89,32466080.33,30839692.33,31915248.96,31915248.96,3982903
26-08-2039,32417893.52,33576342.53,31805775.32,32391789.17,32391789.17,4239603
27-08-2039,32111035.3,33137504.86,31659674.06,32417832.88,32417832.88,3799733
28-08-2039,32348555.29,34331876.52,31475689.68,32662310.52,32662310.52,5010244
29-08-2039,33266140.92,33894327.79,32322690.74,33522738.31,33522738.31,1783726
30-08-2039,33385049.95,34282515.21,32421327.37,33565890.26,33565890.26,3804872
31-08-2039,33273639.08,33568464.03,32221705.45,33298228.84,33298228.84,2332523
01-09-2039,33751637.5,34830663.98,32813922.01,33926139.82,33926139.82,4249403
02-09-2039,34485473.58,34588442.07,32740724.95,34227477.01,34227477.01,2362332
03-09-2039,34628805.02,35279674.88,33143230.91,34505692.36,34505692.36,4626727
04-09-2039,34221758.34,35959025,33519543.59,34290337.94,34290337.94,5363321
05-09-2039,33839994.37,34078931.13,33069847.92,33796029.61,33796029.61,2192574
06-09-2039,35706330.02,36276794.12,34152639.47,35770917.96,35770917.96,4357483
07-09-2039,35271448.62,36387981.33,34770931.48,35441539.08,35441539.08,2418167
08-09-2039,35659834.02,36935482.61,33919162.19,35343494.41,35343494.41,3817749
09-09-2039,35821160.83,37982665.39,35885218.21,36166136.44,36166136.44,3624077
10-09-2039,36315032.37,37364718.77,35662963.39,36049004.69,36049004.69,2039087
11-09-2039,36825079.62,37914893.1,36119592.16,36595703.81,36595703.81,3157247
12-09-2039,36174129.87,36632002.52,36036203.66,36334824.85,36334824.85,3648667
13-09-2039,36361250.26,37662471.34,35667775.27,36164611.34,36164611.34,4898270
14-09-2039,36878750.49,39082196,36686664.9,36940344.99,36940344.99,4350226
15-09-2039,37607133.79,39045654.81,35978676.49,37449324.3,37449324.3,3396001
16-09-2039,37648294.8,38549859.97,36998097.69,37931211.74,37931211.74,3888896
17-09-2039,37901706.63,39882697.84,37649119.57,38252695.48,38252695.48,4494475
18-09-2039,36944655.86,39412135.53,36175420.24,36897344.72,36897344.72,3293711
19-09-2039,36775297.31,37803705.94,36362453.75,36885246.9,36885246.9,1836511
20-09-2039,36545143.56,37706201.72,35846188.49,36740906.41,36740906.41,3869299
21-09-2039,38010479.93,38528084.72,36905277.15,37879326.33,37879326.33,4248043
22-09-2039,36897985.2,37438178.22,36626957.97,37048506.84,37048506.84,3016047
23-09-2039,37577211.88,38500258.93,36450394.99,37855342.04,37855342.04,3217525
24-09-2039,38217326.64,39532529.18,37616752.31,38377138.66,38377138.66,1166188
25-09-2039,39260302.2,40144520.74,38426187.04,38984903.05,38984903.05,4820568
26-09-2039,39742326.12,41023903.64,38984625.23,39869835.17,39869835.17,4116227
27-09-2039,39846571.25,41845544.66,38527313.8,39911989.58,39911989.58,3285114
28-09-2039,39621359.23,40037076.48,39473502.27,39713941.43,39713941.43,3636035
29-09-2039,40439294.92,40866991.26,39724580.17,40162037.19,40162037.19,1531222
30-09-2039,39202867.03,41657020.32,39091408.13,39511367.21,39511367.21,3126343
01-10-2039,39329174.66,40216859.63,38449385.03,39198798.53,39198798.53,4660815
02-10-2039,39999306.01,40011414.26,38437424.44,39648493.98,39648493.98,4302864
03-10-2039,38817657.73,39772246.35,37738770.84,39002540.95,39002540.95,3477893
04-10-2039,38726649.81,40840451.84,37963745.36,38504553.91,38504553.91,5568109
05-10-2039,38443652.96,39157034.03,37138842.96,38203839.83,38203839.83,4630203
06-10-2039,37949444.29,39096087.59,36720802.14,38189567.38,38189567.38,2802165
07-10-2039,38338421,39453524.23,37669041.15,38374005.52,38374005.52,4344069
08-10-2039,38961192.03,39969079.68,38484737.38,38919401.69,38919401.69,4401559
09-10-2039,39044653.27,40055979.74,38497303.32,38864853.54,38864853.54,4259719
10-10-2039,39352714.49,41235772.44,39005533.19,39400349.52,39400349.52,4845535
11-10-2039,39332057.87,39627049.22,37970051.94,39143192.35,39143192.35,5367372
12-10-2039,38928368.42,39685716.84,38107918.38,39092811.88,39092811.88,3604517
13-10-2039,38101984.1,38733155.78,37513063.26,38250360.62,38250360.62,2694654
14-10-2039,37559584.58,38909225.79,37573590.15,37895887.02,37895887.02,4446987
15-10-2039,38014715.96,39539292.11,37138671.42,37916277.82,37916277.82,3107268
16-10-2039,38316312.34,38524176.77,37756794.28,38072460.7,38072460.7,2045595
17-10-2039,37628712.81,39496927.88,37381082.53,37950716.3,37950716.3,2763413
18-10-2039,37281283.92,39390431.83,36011012.7,37620901.13,37620901.13,5889689
19-10-2039,36185974.86,37918618.38,35704729.67,36134546.52,36134546.52,3499166
20-10-2039,35919001.57,36727547.05,35769374.81,36101915.22,36101915.22,2543873
21-10-2039,36191258.82,36780910.66,35402767.71,36174583.39,36174583.39,4135032
22-10-2039,35786785.24,37102363.43,34996485.28,36100199.76,36100199.76,3134044
23-10-2039,36805078.72,38137483.72,36675659.03,37051192.34,37051192.34,3253881
24-10-2039,37504180.4,39187418.74,36298621.21,37253871.6,37253871.6,4352368
25-10-2039,37872336.43,40233588.2,37647436.2,37848240.24,37848240.24,3444461
26-10-2039,37637383.37,37977931.95,36019181.71,37289933.38,37289933.38,3760516
27-10-2039,36805873.14,37688561.92,36192969.24,37010911.9,37010911.9,5901195
28-10-2039,37538881.36,38759244.66,37138742.4,37751056.49,37751056.49,2983774
29-10-2039,38210370.29,39742368,37538627.33,38033238.87,38033238.87,3750225
30-10-2039,37565561.48,39362038.73,36799620.74,37312824.18,37312824.18,2845730
31-10-2039,37091286.69,38229577.19,36473283.52,37411350.62,37411350.62,2836121
01-11-2039,36891160.56,38511366.79,36235219.77,37204537.16,37204537.16,3859186
02-11-2039,36983729.19,37145452.59,36579028.3,36808549.18,36808549.18,3724373
03-11-2039,36498630.09,37427923.98,36008525.52,36717387.11,36717387.11,2933534
04-11-2039,35717777.01,36936715.25,35392775.77,35949614.71,35949614.71,3730458
05-11-2039,35341104.46,35992067.23,34391437.33,34992749.51,34992749.51,3786945
06-11-2039,35641262.41,37314091.83,34945148.22,35372090.09,35372090.09,4920563
07-11-2039,34875116.2,36709014.2,34977269.48,35151250.22,35151250.22,5934616
08-11-2039,35132588.81,35955511.1,34632645.9,35126754.87,35126754.87,2280578
09-11-2039,35330165.17,35838779.26,33867766.31,35329837.67,35329837.67,2579527
10-11-2039,34616364.2,35487779.19,34167166.84,34511879.65,34511879.65,4031794
11-11-2039,34438466.35,35776286.7,33456483.01,34362518.93,34362518.93,4216091
12-11-2039,34314551.29,34606279.86,32605905.81,34031665.95,34031665.95,3096770
13-11-2039,34322085.76,35593241.13,34276819.82,34399405.21,34399405.21,3343391
14-11-2039,34727280.37,35354393.87,33448946.27,34835449.37,34835449.37,3510557
15-11-2039,34500990.95,35481480.66,34057137.77,34724055.96,34724055.96,3271333
16-11-2039,33937486.58,34951366.95,33161580.01,34223495.42,34223495.42,4221504
17-11-2039,34289280.22,34890419.78,33443303.94,34431213.54,34431213.54,3574573
18-11-2039,34689551.78,34928907.14,33900703.44,34548038.09,34548038.09,2565313
19-11-2039,34343756.13,34876563.34,34233701.18,34394264.28,34394264.28,3201565
20-11-2039,34541132.9,35466407.97,32923904.01,34769663.85,34769663.85,4341843
21-11-2039,34583202.01,35789490.69,34186560.89,34426001.57,34426001.57,3540904
22-11-2039,34962181.22,35120350.19,34173336.42,34626430.45,34626430.45,4728144
23-11-2039,34406137.4,35291870.73,33174746.38,34396712.42,34396712.42,4425154
24-11-2039,33987650.2,34639845.1,33555742.61,33887156.86,33887156.86,2924632
25-11-2039,33555067.15,35013006.4,33454844.16,33778795.82,33778795.82,4246202
26-11-2039,33996256.69,34870097.02,32935831.24,33740408.84,33740408.84,5589538
27-11-2039,33594247.64,34650754.88,32573205.99,33484994.88,33484994.88,2072527
28-11-2039,33791084.62,34995564.67,33034866.46,33659120.53,33659120.53,3861413
29-11-2039,34301906.47,35417771.57,33452311.77,34283954.51,34283954.51,5728088
30-11-2039,34681261.04,35273170.72,33434601.65,34765909.34,34765909.34,3311699
01-12-2039,34274045.94,34851360.08,33249638.8,34495736.67,34495736.67,3215472
02-12-2039,35151849.33,36374886.06,34579262.11,34939618.17,34939618.17,2336401
03-12-2039,35055500.33,36583220.17,33592233.12,35249667.91,35249667.91,2752320
04-12-2039,36047681.52,36769031.21,35692782.73,36227614.15,36227614.15,3692988
05-12-2039,36092999.45,37503519.24,34309531.48,36174029.3,36174029.3,2891205
06-12-2039,36938692.67,38513142.92,35786689.77,36974949.94,36974949.94,4801185
07-12-2039,36925057.4,39198143.87,36305555.97,36830008.92,36830008.92,4531890
08-12-2039,36471908.17,37471142.33,35418851.88,36166965.36,36166965.36,3554537
09-12-2039,36568885.9,37389975.34,34891884.55,36575635.8,36575635.8,2478347
10-12-2039,36713751.06,37565439.91,35407503.71,36437195.63,36437195.63,4321392
11-12-2039,37494264.37,37502100.72,35891720.7,37225620.55,37225620.55,2731131
12-12-2039,36340797.23,37924338.45,35628211.91,36543939.36,36543939.36,4275914
13-12-2039,37527256.72,38099919.8,36712296.15,37293145.31,37293145.31,4169101
14-12-2039,36838723.33,39533001.48,35817185.77,37139709.87,37139709.87,2686923
15-12-2039,36288772.76,37312577.67,36006584.2,36436051,36436051,3990995
16-12-2039,35371776.68,36104769.26,34702543.12,35708890.35,35708890.35,3128416
17-12-2039,35742777.43,36822226.9,35129822.1,35793225.6,35793225.6,3955592
18-12-2039,35197505.52,35886602.07,34065733.87,35289997.69,35289997.69,5147189
19-12-2039,35058853.05,36033297.61,33858376.38,35322366.51,35322366.51,3740594
20-12-2039,35585784.87,36627674.65,33867957.56,35364971.09,35364971.09,3451619
21-12-2039,36188251.88,37389641.6,34857583.91,35924313.27,35924313.27,3394141
22-12-2039,36623147.13,36836698.48,34332732.88,36363729.38,36363729.38,3484043
23-12-2039,36948235.32,37976365.15,35639034.73,36752801.49,36752801.49,4458893
24-12-2039,36183576.28,38194053.44,35876485.32,36263707.22,36263707.22,3182251
25-12-2039,36635458.45,37774859.03,35559812.91,36278286.97,36278286.97,3027202
26-12-2039,37133078.54,37957115.01,36036716.37,36810460.63,36810460.63,3312711
27-12-2039,36241438.91,37724587.8,35234182.66,36488769.93,36488769.93,2237164
28-12-2039,36339604.19,36873140.48,33864888.64,36083351.01,36083351.01,4300956
29-12-2039,35019374.26,35633037,34057460.7,35273049.88,35273049.88,3943683
30-12-2039,35197169.15,35867822.32,33118529.74,35152381.43,35152381.43,2683516
31-12-2039,35614791.46,37787366.73,33854990.02,35291210.46,35291210.46,3429100
01-01-2040,35774288.34,36053505.59,34153393.63,35580130.93,35580130.93,2921313
02-01-2040,35756053.03,37013717.84,35378474.7,35760434.28,35760434.28,2920799
03-01-2040,36667683.63,37132201.44,36156251.59,36548075.61,36548075.61,5233204
04-01-2040,37184257.45,37761544.39,35906328.96,37218059.3,37218059.3,3946720
05-01-2040,37066516.98,38300408.04,36543119.02,37165577.03,37165577.03,3779756
06-01-2040,38381855.18,39119213.8,37515144.47,38125963.99,38125963.99,2651993
07-01-2040,37849342.6,39318240.65,37077290,37479017.55,37479017.55,3146919
08-01-2040,41081130.37,42636267.51,40345161.37,40819908.94,40819908.94,3991455
09-01-2040,40766412.91,42617434.4,39793240.07,40970247.18,40970247.18,3651367
10-01-2040,40640119.35,41270773.27,38395103.65,40784264.89,40784264.89,4119049
11-01-2040,42058775.26,43959708.23,41201052.96,41888218.71,41888218.71,2179609
12-01-2040,42041967.56,42978560.55,41442333.42,41941019.16,41941019.16,3672653
13-01-2040,39465857.58,40608908.47,39166389.86,39527154.99,39527154.99,2142009
14-01-2040,39849530.59,40653220.4,38262802.67,40058973.12,40058973.12,2095463
15-01-2040,41347641.69,41371219.43,39863114.98,41020237.09,41020237.09,2839186
16-01-2040,38634956.95,38888910.55,37544402.85,38659367.41,38659367.41,4017945
17-01-2040,39224455.16,41069809.49,36671925.24,39030150.05,39030150.05,4201172
18-01-2040,39278218.07,39789671.9,36824200.01,39269295.37,39269295.37,3048551
19-01-2040,39870716.12,40353306.52,39114511.98,40157365.68,40157365.68,2702531
20-01-2040,39710300.08,41254111.92,38013181.36,39767557.58,39767557.58,2096551
21-01-2040,40646906.39,41151294.85,39265595.24,40254696.15,40254696.15,2750689
22-01-2040,40638163.76,42192374.52,38386114.42,40427283.9,40427283.9,3345656
23-01-2040,40942862.95,42116411.85,37727611.4,40553014.5,40553014.5,5783285
24-01-2040,41382008.62,43394834.92,40907598.01,41115569.88,41115569.88,4428791
25-01-2040,41543936.81,42697754.31,40864222.83,41449555.15,41449555.15,5044946
26-01-2040,40991567.24,41650045.12,39992401.19,41154074.65,41154074.65,3469205
27-01-2040,42041113.93,42296689.39,40222849.61,41686918.81,41686918.81,3256413
28-01-2040,41832111.16,42188836.1,41609614.07,41956655.06,41956655.06,5157201
29-01-2040,42499715.76,42467029.45,41250282.31,42111179.89,42111179.89,2284953
30-01-2040,42173770.54,43686792.65,41579752.96,42388682.38,42388682.38,2319931
31-01-2040,42986491.97,44821004.79,41918819.67,43027856.65,43027856.65,4342692
01-02-2040,43091113.14,44077747.71,42891706.07,43247224.54,43247224.54,3290726
02-02-2040,43770613.19,45755159.26,42239618.09,43968538.49,43968538.49,3769066
03-02-2040,44721528.26,45782938.45,43944909.56,44403068.39,44403068.39,4181055
04-02-2040,44543982.61,46546708.37,41241241.08,44251849.71,44251849.71,3445360
05-02-2040,48918224.62,48971305.3,47109580.26,48485180.64,48485180.64,4429610
06-02-2040,47184546.04,49434237.84,46271942.59,47590726.69,47590726.69,4327281
07-02-2040,47979680.54,49026351.44,47529520.63,48278018.19,48278018.19,2307767
08-02-2040,48985056.6,50202472.63,48317438.13,49196435.59,49196435.59,3033851
09-02-2040,48305941.43,49775404.68,47615908.04,48671794.79,48671794.79,3176739
10-02-2040,46880511.74,49270387.78,44851844.72,46817843.73,46817843.73,3573144
11-02-2040,48357627.46,49691220.53,47150400.21,48112285.78,48112285.78,4469543
12-02-2040,48087591.83,47973066.38,45943352.49,47756763.27,47756763.27,4444225
13-02-2040,47121322.7,50827666.29,45688582.38,47539973.95,47539973.95,1608111
14-02-2040,47995468.12,51157680.12,47352698.56,48452101.03,48452101.03,1672214
15-02-2040,47731849.04,48396169.39,46861865.84,48127626.77,48127626.77,4160687
16-02-2040,47661721.18,49380140.21,46876720.23,48015814.37,48015814.37,3829270
17-02-2040,48057466.31,48954783.3,45419214.62,48146233.16,48146233.16,4623018
18-02-2040,48780277.96,49193528.14,48080632.64,48492762.79,48492762.79,5404175
19-02-2040,48200981.17,49148858.73,46051166.14,48129834.28,48129834.28,3721800
20-02-2040,46672330.44,48424077.33,45039555.41,47036582.07,47036582.07,3727424
21-02-2040,46145553.81,48210357.26,44654022.66,46429882.04,46429882.04,3247825
22-02-2040,46121486.99,46843870,45789459.12,46453304.25,46453304.25,1974163
23-02-2040,45528375.61,46950315.81,45559864.79,45888273.11,45888273.11,4099661
24-02-2040,45805929.91,47165857.71,44362914.39,45906157.3,45906157.3,4288155
25-02-2040,46107558.03,48356547.89,45372021.14,46571287.49,46571287.49,4683049
26-02-2040,45974973.19,46860061.64,44332725.64,46434428.25,46434428.25,4008942
27-02-2040,46547701.05,47104707.38,45763604.38,46618210.21,46618210.21,2439247
28-02-2040,47071259.85,50455919.08,45586987.41,47296634.35,47296634.35,1962705
29-02-2040,47404529.74,49578423.27,44970161.21,47355420.94,47355420.94,3039349
01-03-2040,46285530.39,47280248.44,45231330.12,46526024.33,46526024.33,2434652
02-03-2040,46499892.65,47954356.25,44879781.12,46615909.54,46615909.54,3560071
03-03-2040,46519834.7,47495348.81,45454830.93,46940406.41,46940406.41,4358661
04-03-2040,46749029.3,47674108.19,45547157.73,47013608.64,47013608.64,3811913
05-03-2040,47374165.84,48896491.16,44453074.03,47065776.73,47065776.73,3608978
06-03-2040,48201185.62,48588499.42,45217419.26,47942054.93,47942054.93,3264524
07-03-2040,48119708.42,50731799.56,47552983,48208732.47,48208732.47,3369047
08-03-2040,46820915.94,46883482.9,45563637.17,46665156.09,46665156.09,4545483
09-03-2040,45590276.56,45901853.42,43480297.33,45272534.3,45272534.3,3204414
10-03-2040,43334392.97,44372405.44,41966401.99,43582700,43582700,4141381
11-03-2040,43699170.85,43720226.42,41919988.41,43275800.55,43275800.55,4533770
12-03-2040,43470987.87,43858501.72,42256780.11,43316952.11,43316952.11,3018369
13-03-2040,42685589.22,45241718.07,42226914.59,43105531.24,43105531.24,5444138
14-03-2040,43403038.21,44007251.39,42551472.99,43660802.92,43660802.92,4622254
15-03-2040,44010896.57,44741856.62,43182996.84,43575899.55,43575899.55,3897761
16-03-2040,43609595.85,44336558.96,43243689.28,43674689.79,43674689.79,3683139
17-03-2040,44007326.88,44832427.55,43354230.54,43811630.07,43811630.07,2874362
18-03-2040,44373864.59,45311023.99,43450516.09,44631241.17,44631241.17,3430421
19-03-2040,44891407.23,45840482.21,44123494.69,44701156.6,44701156.6,4372275
20-03-2040,44333198.89,46030593.73,43888499.02,44590447.27,44590447.27,5540403
21-03-2040,44067925.65,44629823.98,43125263.93,44200766.4,44200766.4,5447793
22-03-2040,44337682.48,45521801.74,43868168.62,44270007.49,44270007.49,4536604
23-03-2040,41786949.31,42306162.17,39192885.11,41753718.09,41753718.09,3670309
24-03-2040,41360250.71,41475678.57,38736149.09,41198073.25,41198073.25,2051404
25-03-2040,40226081.42,40931747.71,39673005.29,39885627.3,39885627.3,3725887
26-03-2040,39844119.46,42008506.98,39252721.56,39827235.41,39827235.41,3020306
27-03-2040,39619836.31,39838931.04,38293271.9,39517730.19,39517730.19,4070384
28-03-2040,39573241.56,40271984.31,38171963.44,39219327.02,39219327.02,3137242
29-03-2040,39447649.43,40830797.07,39346386.47,39625259.44,39625259.44,2948804
30-03-2040,38980240.58,39920350.56,38510721.29,39261707.14,39261707.14,4742980
31-03-2040,39025040.83,39858980.29,37856940.87,38772011.6,38772011.6,3009914
01-04-2040,38527542.31,38775069.65,37246857.37,38428019.44,38428019.44,3309007
02-04-2040,38619401.11,39007249.88,37216250.77,38434213.75,38434213.75,3175290
03-04-2040,38848189.43,40696514.14,36667998.57,38850218.15,38850218.15,3089619
04-04-2040,39101569.93,40643036.74,37628734.76,39042719.54,39042719.54,4360525
05-04-2040,38489318.41,40494659.51,38053976.83,38868939.83,38868939.83,5302701
06-04-2040,39039412.88,39761877.73,37610812.85,38891252.52,38891252.52,2994336
07-04-2040,38463346.35,39694025.99,38088875.07,38442194.21,38442194.21,4103026
08-04-2040,39221073.8,40328487.42,38398832.61,39018770.1,39018770.1,4827530
09-04-2040,38774362.79,38881645.64,37864264.7,38499521.05,38499521.05,3614486
10-04-2040,39234100.13,40839391.7,38037694.16,39023315.42,39023315.42,2766055
11-04-2040,39472300.62,40410499.59,38998889.17,39706542.32,39706542.32,4019005
12-04-2040,39993003.01,42166992.08,38296773.43,39777302.22,39777302.22,4008461
13-04-2040,40944440.6,43594709.74,40643901.52,41351431.1,41351431.1,3542826
14-04-2040,42291855.51,43460573.31,42133104.16,42440205.46,42440205.46,5833101
15-04-2040,42675893.72,43612779.27,41614825.59,43003620.76,43003620.76,3190866
16-04-2040,42582684.14,43134818.7,41602530.37,42868426.24,42868426.24,4755289
17-04-2040,43201582.2,44275999.22,42512172.92,42854370.64,42854370.64,4919363
18-04-2040,43177611.98,43864130.06,41931999.83,43006009.57,43006009.57,4112162
19-04-2040,42189519.9,44190038.46,41400825.05,41890600.84,41890600.84,4120323
20-04-2040,41731943.6,42342880.64,40300040.86,41577084.09,41577084.09,5728968
21-04-2040,41958854.4,43294236.73,41818327.28,42307965.61,42307965.61,3377655
22-04-2040,41412657.68,42352328.25,40836885.81,41009747.99,41009747.99,2436462
23-04-2040,41457453.18,43285594.1,38978613.07,41516758.35,41516758.35,1873514
24-04-2040,41194230.91,42443656.32,39347572.1,41241328.63,41241328.63,3483983
25-04-2040,40769099.8,42449265.74,40497009.58,40967788.5,40967788.5,4537199
26-04-2040,40792440.79,41828547.62,40877053.3,41158584.67,41158584.67,4409653
27-04-2040,41139843.2,41814371.32,40670808.49,40951818.52,40951818.52,4574197
28-04-2040,42051844.1,42708134.47,40271045.29,41951649.91,41951649.91,5689230
29-04-2040,41710044.83,42633048.82,41086900.57,41870070.18,41870070.18,4391772
30-04-2040,42498396.96,44473198.04,40359860.63,42654042.49,42654042.49,3719727
01-05-2040,42688675.65,43386350.44,41981814.81,42752732.1,42752732.1,5214169
02-05-2040,42291476.4,43238426.15,40525399.78,42431025.3,42431025.3,3626532
03-05-2040,43369621.5,45310031.32,41996839.11,43575947.29,43575947.29,3608131
04-05-2040,43182709.07,44474391.51,42670430.53,43616206.32,43616206.32,5395673
05-05-2040,44388125.54,45594981.09,43689270.78,44110100.73,44110100.73,2466821
06-05-2040,43518879.83,43798043.66,42476088.03,43159526.74,43159526.74,3285376
07-05-2040,44073823.75,44609004.14,41211801.88,43745734.08,43745734.08,3072677
08-05-2040,43654756.8,44372124.68,43146723.09,43525971.01,43525971.01,5431802
09-05-2040,45198478.05,46201546.44,45003359.54,45439796.9,45439796.9,3292847
10-05-2040,45723516.09,47336534.93,43590543.05,45373273.8,45373273.8,3672251
11-05-2040,44568963.12,45282615.56,43847457.52,44516924.29,44516924.29,4914945
12-05-2040,44684740.95,45353317.26,43052759.51,44345778.6,44345778.6,3758679
13-05-2040,43669101.64,43966265.08,43252628.67,43787182.27,43787182.27,3141576
14-05-2040,43709194.19,46557933.62,43082291.77,44076912.21,44076912.21,3491503
15-05-2040,44440864.53,46355714.57,42978293.02,44644081.6,44644081.6,3386868
16-05-2040,44188415.89,45983861.89,44236218.81,44433742.79,44433742.79,5175741
17-05-2040,42861092.2,44161783.14,42004544.97,43044439.47,43044439.47,3253117
18-05-2040,43154850.03,43171230.41,41292982.24,42761104.65,42761104.65,4607223
19-05-2040,42727222.28,43961103.16,42361276.32,43112511.08,43112511.08,3995353
20-05-2040,42074426.25,42889429.56,40310954.25,42295886.27,42295886.27,2489329
21-05-2040,41778606.71,43937848.73,41049923.55,42168871.72,42168871.72,5498149
22-05-2040,42373643.81,43217718.91,41419096.64,42217057.22,42217057.22,3076785
23-05-2040,42736953.64,43691719.12,42025008.02,42740875.17,42740875.17,3762585
24-05-2040,42571702.12,43458001.13,42405003.31,42640664.72,42640664.72,4007026
25-05-2040,42907365.63,44825240.47,42228283.51,42944713.9,42944713.9,5753263
26-05-2040,42548088.42,43594720.65,39917263.89,42490152.82,42490152.82,3648719
27-05-2040,42883624.13,43381172.08,40686493.1,42810590.41,42810590.41,2542792
28-05-2040,43002662.62,44957343.36,41520995.22,43049275.99,43049275.99,3607857
29-05-2040,42716895.57,45133207.05,41945650.67,43122956.54,43122956.54,3501484
30-05-2040,42264046.42,44522418.26,39502070.31,42523750.65,42523750.65,2958168
31-05-2040,42459899.86,44922970.51,40414774.33,42599874.82,42599874.82,5787588
01-06-2040,42243320.01,43183271.92,41050908.32,42057828.77,42057828.77,3657942
02-06-2040,41356229.07,42455756.83,39210692.51,41380373.12,41380373.12,4528980
03-06-2040,40307749.23,41030829.02,39637575.87,40211749.86,40211749.86,2686311
04-06-2040,40073459.58,40466554.03,39569006.82,39994427.89,39994427.89,4531614
05-06-2040,40328126.23,41422319.47,39160306.46,39971168.47,39971168.47,3081472
06-06-2040,38599961.82,39405898.76,37299082.59,38778314.43,38778314.43,2579885
07-06-2040,36905101.31,38661919.05,36118551.9,37176145.05,37176145.05,4285305
08-06-2040,37930451.49,37994055.24,37199139.74,37769273.59,37769273.59,3014729
09-06-2040,37740218.74,38872096.59,37337093.67,37577978.18,37577978.18,2435532
10-06-2040,36017977.19,38415262.64,36049578.65,36275487.31,36275487.31,3907858
11-06-2040,36021627.39,36779718.19,35291069.12,35735583.46,35735583.46,0
12-06-2040,35652094.23,36851470.91,34538990.46,35827763.39,35827763.39,4119141
13-06-2040,36039906.32,37009458.23,35947710.35,36233464.24,36233464.24,1554710
14-06-2040,36246262.95,37537253.82,35026147.23,36245254.23,36245254.23,4238494
15-06-2040,39305825.93,40400610.58,38593040.78,39647102.24,39647102.24,2722409
16-06-2040,39413109.21,40716431.01,38568628.97,39449932.92,39449932.92,3056461
17-06-2040,38567034.8,39741953.21,37930143.1,38193177.42,38193177.42,2427898
18-06-2040,38162070.07,39798956.05,35898812.04,37923504.09,37923504.09,3699465
19-06-2040,37419447.89,38937453.14,36182012.26,37687898.65,37687898.65,4113800
20-06-2040,37305730.47,38415192.26,36778812.83,37516628.95,37516628.95,4234104
21-06-2040,37301130.54,39206260.82,35924657.62,36949388.25,36949388.25,3057186
22-06-2040,35902867.56,36500997.27,34691904.06,36050808.76,36050808.76,4874849
23-06-2040,36559017.65,37229888.82,34804227.95,36470084.68,36470084.68,4513402
24-06-2040,36604321.48,36806718.61,35955739.09,36501326.3,36501326.3,3801366
25-06-2040,35368440.88,37031380.03,33920919.03,35481443.86,35481443.86,3422629
26-06-2040,35613308.74,36424491.24,35241664.78,35744955.75,35744955.75,3562312
27-06-2040,35313260.5,35916856.84,34856185.33,35340390.96,35340390.96,4135213
28-06-2040,35266760.9,36003429.99,34463117.3,35227382.91,35227382.91,4968109
29-06-2040,34793290.92,35655178.97,34422896.37,35053187.15,35053187.15,3963865
30-06-2040,34603969.35,36463181.52,34431143.8,34858896.76,34858896.76,4418152
01-07-2040,35295184.93,36207650.99,34233283.55,35384530.22,35384530.22,4465987
02-07-2040,35524040.99,37837938.07,34920185.81,35763125.43,35763125.43,2472376
03-07-2040,35998736.34,36982704.69,35525212.47,35861263.09,35861263.09,4034464
04-07-2040,36604485.73,36536063.64,35089329.7,36365688.22,36365688.22,3640202
05-07-2040,35958815.7,37856268.94,33780932.28,36311899.14,36311899.14,3402769
06-07-2040,36244784.64,36744153.96,35645797.99,36266296.12,36266296.12,2515425
07-07-2040,37534302.36,38324618.89,35657168.92,37175067.85,37175067.85,4676291
08-07-2040,38070121.43,39197872.91,36982816.06,38360605.9,38360605.9,2915310
09-07-2040,37239107.53,38513052.24,37077538.8,37558473.27,37558473.27,3526321
10-07-2040,38485124,38852629.7,37518299.15,38261715.55,38261715.55,3971104
11-07-2040,37623669.89,39088297.46,36712340.19,37970311.11,37970311.11,2660480
12-07-2040,37570713.42,38729456.83,36653120.3,37397925.6,37397925.6,2130552
13-07-2040,37752954.41,38924905.48,36891238.44,37631401.6,37631401.6,3873672
14-07-2040,36769415,37319453.46,35613675.27,37115959.95,37115959.95,2574294
15-07-2040,36584391.09,38142675.15,35620526.34,36948451.55,36948451.55,3704179
16-07-2040,36872389.27,37546910.55,35967859.36,36807726.45,36807726.45,4339897
17-07-2040,35937742.31,37092128,35265466.06,36060660.61,36060660.61,4182392
18-07-2040,35927121.45,37822287.97,34294398.83,36029016.11,36029016.11,3611500
19-07-2040,35387279.47,35923535.25,34988090.42,35575180.89,35575180.89,1097188
20-07-2040,36441403.14,36742371.74,35600017.45,36511867.82,36511867.82,4997810
21-07-2040,36864610.13,36950213.17,36441520.68,36679669.88,36679669.88,5208691
22-07-2040,36931591.18,36773714.34,36064897.54,36633604.98,36633604.98,2003111
23-07-2040,36727415.85,37990115.54,35967522.77,36450896.7,36450896.7,2737234
24-07-2040,36702590.54,38942183.07,34632144.5,36979153.4,36979153.4,4981319
25-07-2040,37380923.49,37805824.92,36092589.14,37292568.03,37292568.03,5150520
26-07-2040,37631143.2,37983601.44,35970628.22,37654750.39,37654750.39,3230779
27-07-2040,37372911.71,38029533.76,37205460.82,37604493.03,37604493.03,3239150
28-07-2040,37539880.52,38626652.81,37297397.42,37624727.03,37624727.03,1673976
29-07-2040,38064476.47,39029402.06,36834143.98,38448106.13,38448106.13,1565069
30-07-2040,39046096.41,39338656.47,37197948.54,38818941.5,38818941.5,4652184
31-07-2040,38911606.49,41118981.68,37564698.11,38728861.09,38728861.09,4934363
01-08-2040,39147235.78,40516572.95,38350865.87,39243614.18,39243614.18,3398189
02-08-2040,40454792.69,40989418.06,38106438.66,40067265.75,40067265.75,2056401
03-08-2040,40106261.9,41379814.23,38846321.34,39931586.44,39931586.44,3820653
04-08-2040,39619840.59,41244985.75,39563234.36,39861138.92,39861138.92,2280954
05-08-2040,40237126.87,42315336.5,39641904.67,40584029.46,40584029.46,5376628
06-08-2040,40296156.99,40878548.7,40097911.71,40526800.74,40526800.74,5057006
07-08-2040,40569051.27,41900336.31,38382691.78,40652840.84,40652840.84,2489790
08-08-2040,40016174.39,42454912.27,39520495.85,40382611.61,40382611.61,7121861
09-08-2040,39909432.47,40918674.58,39212681.84,40021985.35,40021985.35,3601461
10-08-2040,39461254.01,41126556.77,37925223.13,39741560.03,39741560.03,3937146
11-08-2040,40153206.94,41357300.18,38901982.57,39897350.34,39897350.34,4192452
12-08-2040,40770534.67,40833150,39187623.33,40466555.27,40466555.27,4734044
13-08-2040,40535623.15,41776625.28,39043712.82,40378085.7,40378085.7,3632552
14-08-2040,40116484.43,41715356.61,39387904.36,39917007.02,39917007.02,3554548
15-08-2040,40540175.12,40770547.7,39698242.09,40260531.25,40260531.25,2188082
16-08-2040,40518507.06,40884915.13,39762216.7,40313063.96,40313063.96,3406971
17-08-2040,40461022.35,40486634.88,39822180.09,40116004.78,40116004.78,2233518
18-08-2040,40553392.59,42527278.29,40154248.1,40445674.04,40445674.04,3207783
19-08-2040,41458909.11,42481838.67,40723267.61,41208163.92,41208163.92,5165735
20-08-2040,40873743.65,41867283.13,38515803.31,40895434.79,40895434.79,3407510
21-08-2040,44603040.04,45847492.9,41924578.18,44733731.86,44733731.86,2974580
22-08-2040,43478304.72,44996676.91,41972120.83,43643236.9,43643236.9,3606562
23-08-2040,43764533.76,45696262.13,42532806.06,44000533.36,44000533.36,4525925
24-08-2040,43786647.48,44493291.4,43416250.88,44063495.74,44063495.74,3198131
25-08-2040,45080525.59,45357632.68,43713632.02,44703860.39,44703860.39,4135197
26-08-2040,44381815.85,45342485.33,41942321.54,44642574.25,44642574.25,5021045
27-08-2040,44796110.13,45741140.13,42880708.41,44694732.29,44694732.29,4537179
28-08-2040,44794730.79,45366944.43,41729444,44364463.56,44364463.56,5092880
29-08-2040,44201209.1,44564120.72,43528104.87,44222599.21,44222599.21,3335920
30-08-2040,44843117.02,45406927.25,42917010.33,44829125.64,44829125.64,3345965
31-08-2040,44978803.5,47449699.82,43991480.11,45210116.71,45210116.71,1308444
01-09-2040,46400637.42,47349380.42,45943786.17,46337983.81,46337983.81,3612344
02-09-2040,45730949.66,47992163.71,44769018.56,46180731.42,46180731.42,4883452
03-09-2040,46756765.27,48925522.81,44545079.09,46363509.27,46363509.27,3347576
04-09-2040,46408673.1,47844016.91,45215584.29,46310820.75,46310820.75,4181599
05-09-2040,45798099.19,47646939.66,44400201.95,46165229.08,46165229.08,1486564
06-09-2040,46158966.92,47086102.54,44332141.9,45955434.81,45955434.81,4276935
07-09-2040,46006064.44,48091777.68,45278577.54,45746822.53,45746822.53,2966021
08-09-2040,45229421.39,46311554.14,44024509.44,44932593.37,44932593.37,2906720
09-09-2040,44914968.46,46987046.26,43776173.17,44667642.81,44667642.81,4598882
10-09-2040,45423348.74,46175975.66,44329837.82,45046220.77,45046220.77,2587890
11-09-2040,44957944.82,45580131.51,43283016.77,44607854.95,44607854.95,4413287
12-09-2040,44338115.25,45962370.33,42738401.83,44320171.74,44320171.74,3181183
13-09-2040,43749137.51,44530968.12,42504496.71,43577304.9,43577304.9,5126130
14-09-2040,43386711.54,45457593.23,43032734.32,43749149.97,43749149.97,3909740
15-09-2040,43497389.14,44700497.39,41097686.22,43755264.01,43755264.01,2872895
16-09-2040,43327233.65,44782249.3,41144027.65,43522325.1,43522325.1,1625528
17-09-2040,42443174.45,43441904.43,41758728.8,42765847.72,42765847.72,4000046
18-09-2040,42014135.73,42557575.55,40463240.57,41775730.84,41775730.84,5096934
19-09-2040,42368303.13,44322212.47,41656233.9,42229198.32,42229198.32,5176018
20-09-2040,44499085.44,45185555.32,43180306.62,44296692.11,44296692.11,4895094
21-09-2040,44173437,45461464.39,43443443.85,43928609.68,43928609.68,1098337
22-09-2040,43577170.51,44636383.47,42512027.43,43716081.62,43716081.62,2692182
23-09-2040,44337664.72,45478793.86,43798644.68,44179461.7,44179461.7,3366872
24-09-2040,44207492.11,46684516.37,42320794.41,44232749.4,44232749.4,1358365
25-09-2040,42687781.03,43825609.34,41243055.46,43090477.56,43090477.56,3884001
26-09-2040,43604019.18,45016401.77,41839338.89,43792719.65,43792719.65,2966992
27-09-2040,43489871.77,44828847.1,42243243.27,43696978.28,43696978.28,4993648
28-09-2040,42277972.07,45144393.42,41428267.21,42510715.71,42510715.71,4332070
29-09-2040,42500389.92,43411684.43,40963107.49,42517568.11,42517568.11,5062461
30-09-2040,43485424.3,44536906.74,42567232.1,43637046.61,43637046.61,3893481
01-10-2040,43874640.34,44617230.26,43503919.9,43909473.57,43909473.57,4411519
02-10-2040,43719641.54,44313742.5,43040180.94,43599986.23,43599986.23,3784215
03-10-2040,43846626.55,44346296.48,41858469.48,43867624.82,43867624.82,3987210
04-10-2040,43414395.29,43746628.1,42662745.52,43374466.79,43374466.79,4311485
05-10-2040,42708258.84,45049355.84,42625489.86,43046940.94,43046940.94,3905745
06-10-2040,42777739.83,43123436.12,40358924.52,42847199.48,42847199.48,3589610
07-10-2040,41631396.36,43035711.05,40920420.34,41389364.28,41389364.28,4751150
08-10-2040,40998898.09,41965685.81,40806423.2,41171316.43,41171316.43,2827244
09-10-2040,41508495.86,43099558.85,40494050.37,41919789.76,41919789.76,3013335
10-10-2040,42203131.27,43044897.78,41665576.39,42527303.21,42527303.21,5178269
11-10-2040,42061850.46,43160817.3,40712931.67,41775545.83,41775545.83,2884175
12-10-2040,41751644.77,42674715.41,40561774.33,41981694.7,41981694.7,4841717
13-10-2040,42392669.07,42247380.49,41340633.84,42056509.09,42056509.09,4102118
14-10-2040,42151263.6,43751845.31,41694811.83,42265565.57,42265565.57,3795548
15-10-2040,39829869.04,40286170.52,39272769.91,39575594.41,39575594.41,4498972
16-10-2040,39249277.89,40321026.43,38809912.48,39401738.54,39401738.54,4673496
17-10-2040,39531845.51,39839289.54,38534688.64,39505780.86,39505780.86,4164875
18-10-2040,39839407.73,41747617.56,37317436.81,39573396.58,39573396.58,5369308
19-10-2040,40062808.91,40589402.32,39284066.1,39908798.56,39908798.56,3404195
20-10-2040,40556773.7,42185165.46,39884541.64,40595496.55,40595496.55,2713440
21-10-2040,40083772.75,41531107.07,39653079.44,40368365.86,40368365.86,4162025
22-10-2040,41556778.36,43798710.56,41009433.21,41378043.95,41378043.95,5342676
23-10-2040,41339275.64,41645136.89,40235734.7,41232563.12,41232563.12,5216893
24-10-2040,42375889.81,42970590.84,40369280.92,42265781.06,42265781.06,3871699
25-10-2040,42796840.12,45192498.25,40804059.81,43205470.87,43205470.87,3904467
26-10-2040,44001462.73,46526050.45,42382108.77,44122680.58,44122680.58,4824941
27-10-2040,44025605.15,45079694.6,42997106.23,43914543.3,43914543.3,3084100
28-10-2040,44104557.9,44321001.92,42402585.86,43680756.44,43680756.44,3258902
29-10-2040,43714544.71,45173507.18,43207373.69,44036023.35,44036023.35,5445410
30-10-2040,44678348.54,46803729.52,43319573.5,44628119.59,44628119.59,4243561
31-10-2040,45319600.75,46459509.9,44489577.76,45404190.81,45404190.81,4364503
01-11-2040,44395923.53,45877396.4,44136078.85,44633742.62,44633742.62,2426344
02-11-2040,45670266.78,46899465.54,43868650.66,45340590.5,45340590.5,2184910
03-11-2040,45415313.35,46729332.75,45331037.6,45663891.48,45663891.48,4377094
04-11-2040,45596925.65,46539409.43,45176186.32,45976046.6,45976046.6,5071112
05-11-2040,45443670.99,46080640.57,43907500.67,45868083.1,45868083.1,1691996
06-11-2040,46452983.16,47317297.74,45412734.08,46171250.09,46171250.09,5442160
07-11-2040,47372313.12,47328437.63,46650086.62,46907891.45,46907891.45,3591502
08-11-2040,46443304.91,48554284.95,44774206.68,46700965.32,46700965.32,2897458
09-11-2040,47987973.92,48237523.42,46924084.13,47942229.43,47942229.43,4030139
10-11-2040,48438557.99,49923519.78,46641364.99,48549832.81,48549832.81,3429362
11-11-2040,47599969.4,48801116.84,45710648.8,47583829.46,47583829.46,2298626
12-11-2040,48238306.41,50322985.8,47635545.85,47854300.87,47854300.87,3389944
13-11-2040,46411309.02,49085469.68,45325620.01,46804697.05,46804697.05,2024679
14-11-2040,46065601.28,47734055.18,46001583.24,46270232.69,46270232.69,3095495
15-11-2040,46065228.04,46756567.89,45335007.45,45824728.55,45824728.55,3500973
16-11-2040,46567208.7,47400400.64,44890668.76,46388832.95,46388832.95,2649576
17-11-2040,46944730.43,47808508.9,43602231.13,46563199.84,46563199.84,2199627
18-11-2040,47024616.78,48127727.25,45765006.43,47088576.35,47088576.35,1556521
19-11-2040,45845325.67,46855375.97,45722372.08,46250465.86,46250465.86,2821352
20-11-2040,46925055.32,49213653.29,45007543.36,47063500.52,47063500.52,6632247
21-11-2040,47778095.03,50014181.15,45198281.56,47769383.21,47769383.21,3597360
22-11-2040,48701983.2,49264555.37,48189601.78,48645641.53,48645641.53,3389467
23-11-2040,48215524.63,49462223.53,47056700.21,48495815.13,48495815.13,1900683
24-11-2040,49589890.19,50343342.47,48904189.95,49308561.2,49308561.2,2782215
25-11-2040,48056111.68,49813143.65,47979367.73,48331853.78,48331853.78,3440150
26-11-2040,49538433.89,52466908.9,48743407.14,49493743.54,49493743.54,5055826
27-11-2040,47823008.67,50578344.52,46881490.83,47764883,47764883,4858107
28-11-2040,47026406.61,47667943.92,46652278.22,47402990.63,47402990.63,2329644
29-11-2040,46859895.85,47217873.1,45529275.62,46641310.22,46641310.22,3635511
30-11-2040,44949321.3,46557247.87,44154924.42,44864702.09,44864702.09,4213365
01-12-2040,44873220.72,46681013.67,44085367.7,44663192.94,44663192.94,3121749
02-12-2040,45984784.07,46841168.36,45172431.03,45610489.7,45610489.7,4035881
03-12-2040,45636117.34,47697342.37,44309194.83,45625330.88,45625330.88,3609270
04-12-2040,44926429.93,44962370.93,42141456.67,44618347.31,44618347.31,4700925
05-12-2040,44755556.92,46614726.67,43759515.17,44794941.44,44794941.44,3608419
06-12-2040,41901682.3,44816225.53,41261256.45,42216823.25,42216823.25,4951752
07-12-2040,42135166.19,44506853.34,41131257.91,42248790.82,42248790.82,3639389
08-12-2040,42699794.53,43368254.3,40964976.79,42991480.23,42991480.23,5312724
09-12-2040,42489846.17,42667715.19,42108525.14,42449943.16,42449943.16,1897150
10-12-2040,44166394.4,45306445.89,43884452.88,44093901.82,44093901.82,2701852
11-12-2040,45564880,45383710.19,43671646.81,45127079.05,45127079.05,2037958
12-12-2040,44646783.93,45000490.72,43626553.59,44670216.8,44670216.8,2512944
13-12-2040,44966497.53,45894460.23,43357753.72,44727718.28,44727718.28,3777408
14-12-2040,44966731.12,45910006.6,43290664.03,44738070.6,44738070.6,1963366
15-12-2040,43306363.53,44654879.24,42053286.46,43406157.86,43406157.86,3028897
16-12-2040,43181441.44,44402211.51,42406785.92,42988229.92,42988229.92,3013448
17-12-2040,43913201.17,46501232.07,43390386.15,44184638.76,44184638.76,2836216
18-12-2040,44375259.7,44593616.34,43456392.06,44210002.93,44210002.93,3244054
19-12-2040,43558420.17,44989667.29,42202927.27,43990627.52,43990627.52,1866979
20-12-2040,43651264.28,44398034.02,41301589.49,43745001.73,43745001.73,2784573
21-12-2040,44414960.94,45384480.29,43633009.13,44474618.03,44474618.03,2593943
22-12-2040,44734500.93,46258852.12,42813593.05,44738391.35,44738391.35,3425019
23-12-2040,45166869.75,45152119.88,43527772.08,44946748.06,44946748.06,3789580
24-12-2040,44681367.51,45788630.18,44119078.45,44910614.71,44910614.71,3634518
25-12-2040,47464039.86,48680693.12,45394215.65,47109387.61,47109387.61,3969679
26-12-2040,45684003.82,47685791.05,45467565.94,45608625.07,45608625.07,6263886
27-12-2040,45812116.99,49563955.41,45257849.9,46268893.81,46268893.81,5243100
28-12-2040,46380605.86,48017191.67,45766837.91,46538272.26,46538272.26,4466071
29-12-2040,47272963.67,48841122.49,44341930.81,46906500.66,46906500.66,5200915
30-12-2040,45186640.61,46881547.59,44055893.95,44968506.19,44968506.19,5456902
31-12-2040,45804184.47,47489287.18,45253261.02,45550692.9,45550692.9,3861471
01-01-2041,46082000.86,48881449.13,44920817.27,46274084.94,46274084.94,5478123
02-01-2041,45375753.44,47218330.74,44173684.27,45397574.51,45397574.51,4868384
03-01-2041,45113575.56,46150125.54,43812330.95,44970481.7,44970481.7,3427540
04-01-2041,44624884.04,45307326.78,44162090.27,44961267.77,44961267.77,4384880
05-01-2041,45190978.21,47305770.67,44741945.94,45200580.84,45200580.84,3736443
06-01-2041,45181893.58,45834000.27,43627821.68,45541459,45541459,3258784
07-01-2041,46214238.52,47563224.47,44596034.88,46110007.07,46110007.07,4849303
08-01-2041,45578288.19,47702754.41,44391932.11,45484403.68,45484403.68,1724618
09-01-2041,46778418.26,48394409.4,45969732.74,46547993.33,46547993.33,4478399
10-01-2041,46708326.55,48953703.6,45652231.68,46436416.68,46436416.68,3649724
11-01-2041,46709686.11,47421322.01,44367326.55,46345282.51,46345282.51,4066826
12-01-2041,45850785.28,46512890.32,43167191.12,46178197.42,46178197.42,2336461
13-01-2041,45968238.6,47425880.01,45483205.29,45719228.36,45719228.36,4824331
14-01-2041,45730286.03,47394630.4,44361827.76,45883483.19,45883483.19,4662990
15-01-2041,46217394.91,46123049.43,43809325.93,45887894.5,45887894.5,2058636
16-01-2041,46858216.92,47601840.31,44731598.08,46898598.17,46898598.17,5048795
17-01-2041,47630890.07,47761367.98,45988510.93,47176747.8,47176747.8,4836840
18-01-2041,47497705.16,47498797.19,46711917.87,47151660.09,47151660.09,4566163
19-01-2041,47394777.06,49464536.17,45151079.94,46933122.29,46933122.29,2973608
20-01-2041,46252712.64,48280156.55,46073746.04,46509353.37,46509353.37,3768543
21-01-2041,46454559.7,47819949.09,45526511.06,46892498.17,46892498.17,4538798
22-01-2041,46779721.82,47472875.09,46708292.17,46922836.92,46922836.92,3209174
23-01-2041,49531586.02,51122727,47604533.98,49538564.47,49538564.47,1859168
24-01-2041,51170744.7,52298687.43,49321164.78,51498981.1,51498981.1,5092240
25-01-2041,52991275.13,53841055.27,51789365.87,53308958.53,53308958.53,2919767
26-01-2041,54523035.78,55056363.36,52035603.41,54308163.35,54308163.35,3253245
27-01-2041,53185617.25,53792509.11,52297760.82,53423375.07,53423375.07,3131674
28-01-2041,54645058.06,55258184.09,53151259.4,54186096.4,54186096.4,3166965
29-01-2041,54483323.42,57580263.52,54003260.95,54572470.25,54572470.25,4153291
30-01-2041,55144614.46,55936070.14,54733735.75,55165011.7,55165011.7,3857056
31-01-2041,54044172.86,55410471.76,52332280.67,54270076.38,54270076.38,4618019
01-02-2041,55279382.41,57065587.5,54003721.67,55128426.95,55128426.95,3649867
02-02-2041,54672661.36,55278914.75,53904801.6,55093938.18,55093938.18,2765191
03-02-2041,55364399.87,58178060.76,55339252.78,55810214.97,55810214.97,3708655
04-02-2041,55962547.38,57970963.27,54027902.37,56093034.86,56093034.86,5230223
05-02-2041,55628556.6,59134393.82,54062900.57,56147923.59,56147923.59,3246988
06-02-2041,56050878.74,56135396.91,53713761.34,55837532.59,55837532.59,4106685
07-02-2041,55984884.3,57190872.16,54097023.72,55583783.3,55583783.3,3974724
08-02-2041,55942655.87,56270613.99,53837082.69,55494709.58,55494709.58,2436458
09-02-2041,56077517.34,56997787.59,53492186.87,55699260.75,55699260.75,5397583
10-02-2041,57343062.14,58949482.32,57364969.46,57768725.82,57768725.82,3655582
11-02-2041,56732442.76,58882104.19,52907060.29,57094309.09,57094309.09,3274597
12-02-2041,56770513.88,57091906.76,55289777.74,56225126.64,56225126.64,3257716
13-02-2041,57344972.18,58788451.91,55428859.76,57449008.98,57449008.98,2937176
14-02-2041,58187455.04,59477467.5,55500117.31,58454114.19,58454114.19,5468211
15-02-2041,58972222.88,61253495.25,56269116.19,58939167.86,58939167.86,4346669
16-02-2041,54648669.77,56209139.22,53702410.43,54671600.25,54671600.25,2658950
17-02-2041,54592985.48,54596504.24,51493814.27,54157258.95,54157258.95,3811913
18-02-2041,54071050.83,55189742.45,53557210,54240345.48,54240345.48,2352766
19-02-2041,54241348.04,56846790.73,52357922.04,54542057.23,54542057.23,1889167
20-02-2041,55147502.71,55194227.95,53926944.99,54760607.17,54760607.17,2453057
21-02-2041,55324608.18,55650373.87,53621711.1,54806023.25,54806023.25,2808165
22-02-2041,55349837.58,56976786.82,54345440.01,55639032.73,55639032.73,2998860
23-02-2041,55755435.33,57298712.76,55027128.37,56243154.79,56243154.79,3901540
24-02-2041,56841413.91,58929194.04,54830867.09,56468521.02,56468521.02,3362599
25-02-2041,56826372.11,59837746.88,55859028.68,57243004,57243004,2684962
26-02-2041,58546241.25,60765108.1,56383996.28,58336935.42,58336935.42,3245480
27-02-2041,58891611.26,60099258.29,58260458.4,58996116.55,58996116.55,3738695
28-02-2041,59125509.81,61285877.8,58801289.97,59386480.6,59386480.6,2463584
01-03-2041,60308679.36,61879097.6,58239183.52,60814402.73,60814402.73,4179550
02-03-2041,61635683.55,63470459.17,60175142.2,61577296.31,61577296.31,2000578
03-03-2041,61396641.64,64200363.79,59993547.73,61583216.44,61583216.44,4447943
04-03-2041,61174772.32,62801293.82,58295962.49,61332111.19,61332111.19,4516973
05-03-2041,63235489.24,63539251.42,61071507.44,62632952.14,62632952.14,4560227
06-03-2041,63813239.77,64623809.32,63156279.72,63921348.95,63921348.95,2979868
07-03-2041,62616862.64,64043212.38,61802603.88,62836882.32,62836882.32,4218065
08-03-2041,64333080.61,65249191.59,60250696,64169639.15,64169639.15,4570619
09-03-2041,64933453.12,65304354.54,62580910.47,64690894.58,64690894.58,5216688
10-03-2041,64714531.1,68235633.98,62870760.48,65040956.91,65040956.91,2938111
11-03-2041,65355200.11,68778702.58,62560225.62,65865874.65,65865874.65,4170048
12-03-2041,67749723.32,70512811.51,64691596.83,67146714,67146714,3356894
13-03-2041,65707220.51,66000684.31,63909610.57,65478866.24,65478866.24,2580287
14-03-2041,63141497.71,65191444.95,61930315.48,63649323.26,63649323.26,3015911
15-03-2041,63604799.97,64492836.19,61943255.43,63156178.26,63156178.26,3958967
16-03-2041,64121415,66592965.69,62361800.62,64241475.21,64241475.21,2611788
17-03-2041,64103977.84,64844240.45,62655192.47,64331959.58,64331959.58,2656173
18-03-2041,63575640.39,64706674.03,62511402.17,64210807.12,64210807.12,5711839
19-03-2041,62782054.49,65256115.89,60445885.69,63170520.14,63170520.14,4451584
20-03-2041,62980376.47,63313415.48,60848152.79,62585665.94,62585665.94,4838217
21-03-2041,61543439.03,64661510.43,60852404.27,61871319.41,61871319.41,3203603
22-03-2041,60938629.87,65086093.07,59068981.64,60953337.97,60953337.97,4576067
23-03-2041,61275622.15,62112083.91,59401782.23,61286767.94,61286767.94,2397995
24-03-2041,60468589.82,64193574.43,59487577.25,60221520.3,60221520.3,3127987
25-03-2041,59589624.86,62078970.48,57421579.19,60163156.75,60163156.75,3319447
26-03-2041,60329186.11,61733691.89,58829476.34,60325451.74,60325451.74,3505918
27-03-2041,60390745.25,60649132.73,59431836.77,60169059.35,60169059.35,4302448
28-03-2041,58299725.86,59517082.67,57618762.2,58037945.01,58037945.01,4051013
29-03-2041,58089555.06,60565174.17,56423406.27,57794135.13,57794135.13,4997259
30-03-2041,57928657.38,60764575.73,56270488.13,57795751.93,57795751.93,3831491
31-03-2041,55846693.6,58311794.13,54025435.94,56226743.28,56226743.28,3918014
01-04-2041,57162526.4,57421742.08,54455677.96,57028915.34,57028915.34,5362187
02-04-2041,58403394.55,59477282.4,54702174.45,58177502.53,58177502.53,4388503
03-04-2041,58097096.19,59249278.02,57049226.59,58681190.6,58681190.6,2367256
04-04-2041,57967344.46,58867678.72,54818319.22,58011108.17,58011108.17,3791687
05-04-2041,59669382.9,60006170.89,57972703.48,59104745.09,59104745.09,5502235
06-04-2041,59000170.71,60320478.47,58838819.77,59516177.69,59516177.69,3992718
07-04-2041,61341776.88,62637341.52,58494765.52,60901156.99,60901156.99,4827554
08-04-2041,60473730.54,63390605.02,58447098.97,60497219.7,60497219.7,4989918
09-04-2041,61629517.15,63390313.26,59900455.91,61483138.08,61483138.08,3263677
10-04-2041,60396593.39,62260730.47,59992496.7,60886320.41,60886320.41,3874745
11-04-2041,61445618.25,63917663.29,58133320.88,61247429.45,61247429.45,4103146
12-04-2041,62196654.59,62253378.21,60270825.37,61768890.92,61768890.92,1481196
13-04-2041,61732008.75,63690656.02,58950158.16,61239985.26,61239985.26,2162210
14-04-2041,61999857.5,65005946.84,59072615.33,61924525.47,61924525.47,3768876
15-04-2041,62417340.48,64694296.6,60837498.44,62722217.41,62722217.41,3222193
16-04-2041,62088333.6,64500199.75,61661853.82,62688638.22,62688638.22,2160225
17-04-2041,61332106.01,64313994.59,59956148.18,61673012.09,61673012.09,5740339
18-04-2041,61037246.62,63473253.59,60766489,61473270.88,61473270.88,3389252
19-04-2041,62494479.71,63476495.18,61167991.58,62121080.85,62121080.85,4018004
20-04-2041,63088570.3,64858518.62,60859142.96,62480023.32,62480023.32,3740364
21-04-2041,62910460.58,63361005.13,61981830.31,62830292.59,62830292.59,3004913
22-04-2041,61888594.84,65719144.45,61039592.71,62317881.88,62317881.88,2523814
23-04-2041,63202093.58,65512526.2,58250169.28,62677065.98,62677065.98,6040163
24-04-2041,63174903.57,63427339.42,62389896.01,63068360.15,63068360.15,4398010
25-04-2041,60720471.09,62410554.13,59466762.15,61186219.81,61186219.81,3421529
26-04-2041,63044771.31,67291031.23,59516214.18,63106554.17,63106554.17,4740629
27-04-2041,64337560.38,64899779.38,63933919.38,64503781.5,64503781.5,3383230
28-04-2041,64481087.41,66478369.92,62443131.91,64000017.82,64000017.82,3748136
29-04-2041,62799126.82,65881034.71,60321959.47,63032355.85,63032355.85,3512701
30-04-2041,62523069.62,65149737.07,61284223.61,62106199.69,62106199.69,4591205
01-05-2041,61100035.7,61725358.18,59824443.24,61105810.54,61105810.54,3565959
02-05-2041,61945713.66,62509845.57,60590780.83,61790004.39,61790004.39,3936825
03-05-2041,59584787.39,61681634.67,56308864.92,60122783.57,60122783.57,2907217
04-05-2041,59757206.77,61194018.41,59004683.48,60260039.46,60260039.46,3077465
05-05-2041,61111808.69,62959825.28,57903546.66,60715170.56,60715170.56,3852366
06-05-2041,61639356.09,61895739.96,60510793.59,61057969.04,61057969.04,4191336
07-05-2041,62441117.54,63254452.64,59938936.77,62309749.62,62309749.62,5854661
08-05-2041,61907826.8,65136419.79,60216501.46,62098750.85,62098750.85,2252540
09-05-2041,61640582.63,62642686.11,60817093.43,61822348.41,61822348.41,2666309
10-05-2041,61682047.64,63606361.77,60952549.43,62037924.81,62037924.81,4238803
11-05-2041,63892906.54,65973248.55,61532700.83,63411491.87,63411491.87,1032719
12-05-2041,64043745.6,65207442.16,59723630.94,63726639.56,63726639.56,2307578
13-05-2041,63943315.63,66344049.18,63000653.16,64226421.9,64226421.9,2173190
14-05-2041,65003036.76,64909370.48,62249542.88,64596606.32,64596606.32,6298384
15-05-2041,63445097.37,65861205.09,61697095.42,63101062.72,63101062.72,2871176
16-05-2041,62283141.21,65765226.62,61975945.96,62670704.96,62670704.96,2815898
17-05-2041,61895285.6,62782224.22,60746113.66,62415165.47,62415165.47,2554329
18-05-2041,62809848.51,63637661.66,60832371.98,62231745.76,62231745.76,3130650
19-05-2041,60471134.23,62720648.24,59937671.4,60658938.39,60658938.39,1007489
20-05-2041,60927201.89,62878655.53,59094504.39,60480679.71,60480679.71,3746467
21-05-2041,59791028.02,61855042.21,57935162.47,59464710,59464710,4602642
22-05-2041,58432707.88,61639158.77,56901968.52,58955534.24,58955534.24,3067453
23-05-2041,58423555.37,59270045.44,57352196.15,58939691.84,58939691.84,3975880
24-05-2041,57604281.34,58744333.19,57065599.38,58004651.41,58004651.41,3117327
25-05-2041,55203512.55,56880481.04,55047703.07,55712960.39,55712960.39,4520435
26-05-2041,54696469.2,57272387.6,53226228.35,54698040.43,54698040.43,3132557
27-05-2041,54471995.51,55946656.41,53941891.34,54606524.85,54606524.85,3604494
28-05-2041,53717060.24,54233749.55,52716714.55,53654864.25,53654864.25,2636268
29-05-2041,53993623.56,55044729.88,53245009.44,54476512.49,54476512.49,4055118
30-05-2041,54297148.05,55787250.08,51302202.99,54700909.49,54700909.49,4552869
31-05-2041,56506244.49,56457118.8,54723006.64,56128592.56,56128592.56,3282124
01-06-2041,58113717.6,60018076.79,55687617.44,58168304.42,58168304.42,5497048
02-06-2041,57482192.93,60331657.5,55562189.71,57565091.4,57565091.4,3651980
03-06-2041,56819953.91,58314929.55,56750624.53,57154728.45,57154728.45,2808238
04-06-2041,57834066.72,58553384.11,57670607.63,58277660.16,58277660.16,5775012
05-06-2041,58063055.26,58713751.81,55496336.47,57572647.14,57572647.14,2815534
06-06-2041,58418308.63,62135771.73,57262311.64,58752973.36,58752973.36,3974510
07-06-2041,58190655.17,59019208.81,57111890.82,57714393.96,57714393.96,3480006
08-06-2041,58088858.06,58681788.04,55407481.05,57833190.96,57833190.96,4668200
09-06-2041,57787756.12,60082048.61,57748332.06,58326127.43,58326127.43,4840307
10-06-2041,59113104.71,62635719.89,57224472.16,58759301.12,58759301.12,4767869
11-06-2041,54097773.86,55834328.53,53057562.84,53858628.39,53858628.39,3469406
12-06-2041,53305831.19,54586368.86,50108135.83,53503359.94,53503359.94,4636007
13-06-2041,54860422.36,58165713.32,54038938.49,54383891.43,54383891.43,3367652
14-06-2041,55570595.39,57673055.35,52806159,55142011.85,55142011.85,2669910
15-06-2041,54678423.71,56046594.41,53430316.83,55088790.99,55088790.99,3536339
16-06-2041,56140286.71,57567912.73,54471472.81,55710362.47,55710362.47,1258545
17-06-2041,56028703.54,57944972,55785313.55,56521102.62,56521102.62,4771624
18-06-2041,56309640.41,57674921.55,53749518.59,56237160.63,56237160.63,4248170
19-06-2041,57592767.84,57780471.18,57014169.94,57291085.27,57291085.27,3028214
20-06-2041,57239110.67,58788574,54444833.57,57589005.21,57589005.21,3538322
21-06-2041,57905087,59101404,54384518.47,57485423.87,57485423.87,3501175
22-06-2041,56978303.25,58848426.63,57018605.98,57365347.45,57365347.45,4634578
23-06-2041,57829403.77,58299679.22,55455732.18,57370862.64,57370862.64,2025626
24-06-2041,57221349.56,58156158.57,56416372.48,57087169.66,57087169.66,5348631
25-06-2041,58605214.51,59414584.31,56688748.2,58122458.08,58122458.08,3947594
26-06-2041,57291842.77,59263628.95,54778813,57587458.33,57587458.33,3632158
27-06-2041,57360849.66,58265124.34,56531167.15,57510597,57510597,2712195
28-06-2041,57479706.49,58576604.29,56965525.46,57500426.63,57500426.63,4447688
29-06-2041,56533167.42,57076655.26,56303322.89,56483988.56,56483988.56,3304405
30-06-2041,55786582.74,56635731,54473549.61,55525531.07,55525531.07,4190546
01-07-2041,50425183.64,53667800.58,50369055.27,50894562.86,50894562.86,2240379
02-07-2041,51412360.71,52223988.84,49411760.69,51010751.39,51010751.39,3238852
03-07-2041,51377474.86,52994073.19,50758422.51,51081654.89,51081654.89,2199382
04-07-2041,50081520.84,50657490.71,49170463.72,50155079.72,50155079.72,5259630
05-07-2041,50706392.75,51680307.18,49293693.73,51087522.23,51087522.23,2987687
06-07-2041,50499631.02,51387856,49304517.11,50960996.07,50960996.07,3948722
07-07-2041,51298246.98,52679033.82,48472857.53,51198332.85,51198332.85,4197249
08-07-2041,51547140.67,52735716.08,47952733.67,51240794.53,51240794.53,2526800
09-07-2041,52111390.97,52402830.14,50911981.91,51792727.37,51792727.37,1703507
10-07-2041,51984147.4,51839444.08,50423476.77,51469482.37,51469482.37,2816095
11-07-2041,51093439.79,51184856.03,48536615.52,50832196.5,50832196.5,3211556
12-07-2041,51147464.91,53428584.64,50062364.16,50764351.34,50764351.34,4123393
13-07-2041,49992014.4,50880968.4,48491902.32,50008803.43,50008803.43,3224085
14-07-2041,48051860.26,50145748.3,48191579.1,48445185.5,48445185.5,4891121
15-07-2041,48911487.7,50054061.02,47828996.5,48576071.43,48576071.43,5707536
16-07-2041,49139692.07,49700269.83,47989651.8,49223976.62,49223976.62,4438313
17-07-2041,52168051.95,55576745.78,51664621.12,52289623.44,52289623.44,3473596
18-07-2041,54066541.06,53964546.26,52974077.36,53755674.16,53755674.16,4061486
19-07-2041,54718764.1,55309646.72,51496252.61,54290304.02,54290304.02,1919781
20-07-2041,55052572.11,55311000.18,50940581.34,54551857.84,54551857.84,3023772
21-07-2041,53924070.84,54717896.51,51224533.8,54302311.47,54302311.47,3693061
22-07-2041,54539248.72,55631598.39,52696219.8,54063761.03,54063761.03,5481654
23-07-2041,54705641.11,55403767.68,54729428.21,55010318.62,55010318.62,5444294
24-07-2041,56807246.31,56717311.85,54980700.34,56259017.32,56259017.32,2495701
25-07-2041,56462268.52,57176620.88,55671462.61,55978428.28,55978428.28,3127381
26-07-2041,56690202.35,57831329.52,55703690.15,56394166.19,56394166.19,3942010
27-07-2041,56260424.59,59324229.3,54843378.62,56503544.25,56503544.25,4714142
28-07-2041,56871625.54,58620070.19,56595351.18,57238147.34,57238147.34,2534257
29-07-2041,56342786.57,57434051.88,55069497.3,56515799.99,56515799.99,3763322
30-07-2041,57083151.23,58845966.63,55817713.38,57534995.64,57534995.64,3973541
31-07-2041,57086184.19,58346603.41,57010266.3,57553433.51,57553433.51,871162
01-08-2041,56433004.82,57549566.53,53673014.7,56649622.44,56649622.44,3314818
02-08-2041,55275271.92,57456931.95,54201705.3,55576581.56,55576581.56,3555956
03-08-2041,54479479.92,56007076.6,52835482.31,54738789.37,54738789.37,3745391
04-08-2041,53849696.58,55152391.91,51783042.74,53594183.65,53594183.65,2177261
05-08-2041,52777050.85,53874369.88,50141692.97,53203354.53,53203354.53,5065009
06-08-2041,52601392.74,54222508.17,50177650.99,52789781.82,52789781.82,4016269
07-08-2041,53862333.48,54900946.6,51256565.3,53354603.75,53354603.75,4758959
08-08-2041,53041632.89,56519067.24,52453438.9,53402424.58,53402424.58,2192103
09-08-2041,53220283.48,53731984.37,52055487.85,52768533.76,52768533.76,3134749
10-08-2041,52541550.73,52747892.4,51475991.3,52521335.18,52521335.18,2066289
11-08-2041,53688863.9,55072149.15,50279016.24,53455112.27,53455112.27,3117111
12-08-2041,53452235.45,54241756.83,52733736.29,53950157.64,53950157.64,2773627
13-08-2041,52762838.71,54571262.52,50897360.1,53060566.31,53060566.31,3913357
14-08-2041,51604790.79,53714143.47,49908062.26,51370217.23,51370217.23,3942809
15-08-2041,52247327.37,53840484.31,51407184.95,52269615.79,52269615.79,2819971
16-08-2041,53763826.27,55186153.49,52024698.85,53701445.05,53701445.05,3921260
17-08-2041,53836153.83,57253249.23,53864368.76,54092844.03,54092844.03,5185762
18-08-2041,53141107.69,54804424.25,52878435.48,53243377.58,53243377.58,4236434
19-08-2041,52670599.95,54258384.47,50505365.09,53168753.42,53168753.42,4555662
20-08-2041,53756361.87,57155715.08,53407099.88,53972367.99,53972367.99,2981593
21-08-2041,53938012.19,56037822.38,52717138.51,53771639.05,53771639.05,7040244
22-08-2041,52162468.14,53443314.6,51453658.39,52625657.19,52625657.19,4491101
23-08-2041,53363091.01,53605949.05,51486668.4,52871700.59,52871700.59,4627628
24-08-2041,53524326.78,56896955.97,51664164.56,53530117.41,53530117.41,3330708
25-08-2041,53869002.88,54443578.68,52742393.13,53841638.51,53841638.51,3680395
26-08-2041,53910561.83,56016227.73,52343917.95,53968827.87,53968827.87,5322808
27-08-2041,56332282.61,58555190.96,55486803.14,56611080.64,56611080.64,3176787
28-08-2041,55570171.03,57179539.54,52693501.12,55947273.53,55947273.53,2849557
29-08-2041,54883083.41,56982137.17,54580710.88,54928085.1,54928085.1,3506390
30-08-2041,53525296.84,55190705.21,52510733.52,53875663.14,53875663.14,5370684
31-08-2041,54239816.05,54703744.3,53436100.6,54420801.55,54420801.55,4213743
01-09-2041,54332551.77,54271907.4,52141401.49,53816143.65,53816143.65,4478038
02-09-2041,54863165.76,56269440.32,51772764.77,54547917.17,54547917.17,2676712
03-09-2041,54886379.41,55460765.31,53256492.58,54569176.31,54569176.31,2407889
04-09-2041,59564272.61,63344150.52,59588517.91,59915410.87,59915410.87,4952658
05-09-2041,57957210.89,58722213.53,56544182.37,58368148.1,58368148.1,3928223
06-09-2041,58546759.89,60655767.86,57768322.14,59002072.22,59002072.22,3573826
07-09-2041,58820414.66,59572526.75,56643165.61,59138586.63,59138586.63,3940870
08-09-2041,58313267.15,59985722.72,56914581.71,58582836.71,58582836.71,4565015
09-09-2041,58559251.48,59532674.31,57932270.73,58735238.81,58735238.81,3699634
10-09-2041,58357748.97,60416430.64,57461712.47,58871135.84,58871135.84,2961502
11-09-2041,56957248.12,58357755.65,56751505.07,57508148.6,57508148.6,3131510
12-09-2041,58049463.7,60761575.69,58016809.75,58471933.23,58471933.23,3342209
13-09-2041,58828224.41,60079399.48,57913424.98,59001052.98,59001052.98,2958611
14-09-2041,58771296.4,60693899.79,57137780.23,59040640.64,59040640.64,1935279
15-09-2041,60172575.82,61976725.8,59271087.13,60683805.4,60683805.4,4700100
16-09-2041,61080926.66,62133599.18,57851803.38,60538378.63,60538378.63,2104306
17-09-2041,60938493.35,62589113.11,59993919.32,60490109.23,60490109.23,2657749
18-09-2041,61324438.69,63975372.33,57810096.79,61146903.71,61146903.71,3372329
19-09-2041,62900993.3,63902519.05,59080898.71,62299962.41,62299962.41,3994349
20-09-2041,62787674.33,64372937.08,61053706.53,62507719.06,62507719.06,2147161
21-09-2041,61990631.21,62668142.65,60970364.5,62352909.02,62352909.02,4281033
22-09-2041,60904676.94,64664993.5,59326842.75,61234288.02,61234288.02,2135432
23-09-2041,62438975.46,63541173.6,59692475.52,61978227.14,61978227.14,4218445
24-09-2041,61251530.89,63392718.35,60122816.88,60853997.98,60853997.98,4009269
25-09-2041,61390970.92,64267572.89,58333054.27,61310978.46,61310978.46,3631575
26-09-2041,61335988.79,64011704.43,61400302.42,61809012.75,61809012.75,2741608
27-09-2041,62715030.94,64941321.21,62030329.1,62508916.03,62508916.03,4751891
28-09-2041,63526300.8,66276075.83,61731342.21,63818908.13,63818908.13,4351430
29-09-2041,63881753.33,67436714.87,61771468.1,63559329.74,63559329.74,3673585
30-09-2041,63523673.57,67203652.72,61088610.34,63140814.07,63140814.07,3328052
01-10-2041,62641233.63,64649270.09,61363050.73,63248708.89,63248708.89,3475321
02-10-2041,63706830.67,64561805.72,61565836.8,63289629.87,63289629.87,2443671
03-10-2041,64411280.5,67059853.94,60704263.53,63867515.95,63867515.95,3934062
04-10-2041,63811092.72,65123325.89,63204891.52,64182681.58,64182681.58,3974527
05-10-2041,65818010.12,67709112.4,65275679.56,66349025.84,66349025.84,4009945
06-10-2041,66068239.07,67807356.48,64938178.58,65755433.74,65755433.74,3994257
07-10-2041,66981483.06,71150202.58,66378913.17,67034125.43,67034125.43,3285918
08-10-2041,66967209.84,68439508.3,65475139.3,66523253.2,66523253.2,2596859
09-10-2041,65164401.69,67996414.53,63967481.7,65105508.78,65105508.78,4087244
10-10-2041,65061354.37,66789918.92,64233026.41,64770713.77,64770713.77,3797024
11-10-2041,64178849.51,65406323.5,62637338.67,64316879.51,64316879.51,4364162
12-10-2041,64425412.3,64857269.09,62395233.4,64261980.68,64261980.68,4164734
13-10-2041,64048112.32,64427731.63,62666913.71,63760105.42,63760105.42,1829403
14-10-2041,63576652.48,65745735.56,60567614.81,63630945.36,63630945.36,5567710
15-10-2041,63308477.97,64366240.76,61996324.04,63846844.13,63846844.13,3027262
16-10-2041,64832643.19,68797792.7,63572049.86,64699311.94,64699311.94,2477760
17-10-2041,64835512.63,68998463.25,64123935.84,65321077.82,65321077.82,1772801
18-10-2041,63823174.54,65099599.41,62978570.71,64083784.72,64083784.72,4919859
19-10-2041,64474460.66,65689287.35,62481877.97,63840776.42,63840776.42,3575383
20-10-2041,63360854.72,66594327.12,60818665.64,63822094.63,63822094.63,3725137
21-10-2041,62319238.81,63508359.33,60198132.2,62902074.73,62902074.73,3802017
22-10-2041,64486116.28,68715714.94,63478550.95,64558272.94,64558272.94,2490718
23-10-2041,65451933.04,67631246.42,63414160.07,65469315.21,65469315.21,4547895
24-10-2041,64085556.51,65661080.69,62562170.62,64074032.33,64074032.33,2963697
25-10-2041,64256319.47,66916664.33,60445769.18,64109728.22,64109728.22,3572620
26-10-2041,63192106.96,64800798.16,60750528.75,63121557.83,63121557.83,4741610
27-10-2041,62365767.38,65509235.13,61781642.51,62513803.91,62513803.91,2102513
28-10-2041,62197105.33,62854927.94,61121688.07,62377133.77,62377133.77,1844536
29-10-2041,61740883.71,62466453.73,59371488.74,61896932.81,61896932.81,3405819
30-10-2041,60983612.24,62728305.72,59048218,61437976.83,61437976.83,4009385
31-10-2041,60424190.16,62698917.12,60115108.05,60815984.6,60815984.6,3715493
01-11-2041,62087418.17,65165053.29,59553542.01,61835205.58,61835205.58,3144312
02-11-2041,62805926.13,65092629.71,62625422.17,62911338.7,62911338.7,3542386
03-11-2041,63000102.36,64361389.29,62683065.69,62944529.62,62944529.62,4999273
04-11-2041,62461933.39,63190135.72,61845508.49,62530204.87,62530204.87,4064853
05-11-2041,63005462.43,64943976.2,62825993.52,63314622.54,63314622.54,4579667
06-11-2041,64858296.37,65854682.38,62088833.85,64802225.36,64802225.36,3352827
07-11-2041,65289995.48,65819120.88,62710282.51,65008334.63,65008334.63,2278964
08-11-2041,62432236.48,65524196.78,60832152.65,62796487.88,62796487.88,3724750
09-11-2041,64062786.24,67626263.6,60926769.99,64260993.26,64260993.26,2806350
10-11-2041,64722858.72,68437537.12,64235578.92,64896068.33,64896068.33,3783677
11-11-2041,65309922.43,67725356.88,62065702.09,64740510.91,64740510.91,3959521
12-11-2041,63189745.69,66272374.27,62733155.32,63713444.2,63713444.2,2822157
13-11-2041,65013040.46,65095984.92,62201909.69,64591667.94,64591667.94,3157319
14-11-2041,64339525.65,69240940.83,63325813.9,64983302.43,64983302.43,4482576
15-11-2041,64877024.6,66482695.37,61017489.07,64697075.69,64697075.69,3566748
16-11-2041,64625605.36,65365746.77,63770585.21,64159476.72,64159476.72,4320954
17-11-2041,65144325.33,67514416.9,63595507.36,65276059.7,65276059.7,4948503
18-11-2041,65267063.53,69078186.15,64047576.44,65830823.94,65830823.94,3766094
19-11-2041,65978205.62,68902236.28,61611018.78,65672138.07,65672138.07,4723742
20-11-2041,65661202.13,68186117.33,63663744.19,66230550.35,66230550.35,3290267
21-11-2041,64876816.15,66004934.3,61617165.41,64748390.46,64748390.46,2022058
22-11-2041,66508691.9,68596827.37,65577874.69,66550408.06,66550408.06,3309855
23-11-2041,66499587.2,66807460.03,64254075.35,66051067.25,66051067.25,2190621
24-11-2041,65131314.97,66533746.36,61579952.58,65293340.05,65293340.05,2784746
25-11-2041,66916669.56,67264296.07,64748032.43,66516983.98,66516983.98,2928483
26-11-2041,67302041.72,69851536.31,65875476.75,67293328.92,67293328.92,3177878
27-11-2041,67042394.56,68900099.08,66180529.75,66977856.93,66977856.93,5278757
28-11-2041,66827447.44,68704411.15,66173143.03,66469511.49,66469511.49,4598797
29-11-2041,65988416.95,68017018.66,63681805.5,66495416.87,66495416.87,2329099
30-11-2041,68624861.27,70582122.07,67722604.81,68644680.41,68644680.41,3547960
01-12-2041,67743564.41,69110448.25,66495794.06,68024139.1,68024139.1,3025695
02-12-2041,68383010.72,69866395.73,66305075.83,68489147.28,68489147.28,3934070
03-12-2041,68523689.26,69446909.04,67398231.81,68966269.08,68966269.08,5968908
04-12-2041,67988164.25,70295260.58,66535604.94,68099655.67,68099655.67,3930328
05-12-2041,67412174.98,69190985.25,63688812,67304631.26,67304631.26,4950009
06-12-2041,67983596.21,69581823.11,66258907.39,67434295.47,67434295.47,3729738
07-12-2041,68581837.37,69720746.42,67462319.69,68173460.52,68173460.52,5329661
08-12-2041,70698744.37,74035390.99,68756747.78,70622600.89,70622600.89,4842470
09-12-2041,71685232.08,72457935.93,71380797.38,72034912.38,72034912.38,4672118
10-12-2041,71131281.22,71964769.88,70774494.84,71738538.66,71738538.66,3967531
11-12-2041,70823431.53,74093960.44,69017054.62,71029477.15,71029477.15,2874452
12-12-2041,72439754.53,72818719.87,67430148.72,71943464.62,71943464.62,4443245
13-12-2041,72266540.99,71990428.97,70572218.14,71559102.86,71559102.86,2918789
14-12-2041,72361131.72,75737425.59,70389794.51,72556648.56,72556648.56,4108762
15-12-2041,74552395.1,75551667.8,70655994.97,73846633.6,73846633.6,4585894
16-12-2041,73791532.48,76634778.59,71667165.62,73973025.06,73973025.06,4265150
17-12-2041,73175973.14,73259104.59,71974586.69,72576900.01,72576900.01,4612217
18-12-2041,70528675.24,73141732.81,66880958.12,70349881.79,70349881.79,3844418
19-12-2041,70952398.68,71342910.1,68361556.47,70540963.56,70540963.56,4191007
20-12-2041,70627770.09,71575056.35,67860634.06,70483433.58,70483433.58,2281670
21-12-2041,70884966.38,72328094.95,69727718.89,70875497.46,70875497.46,4182940
22-12-2041,71261723.45,71895100.55,70207704.6,70563317.84,70563317.84,4922543
23-12-2041,69673590.68,71163219.88,69735858.67,69981416.64,69981416.64,4962840
24-12-2041,70438962.12,73052342.59,67664389.43,69988144.75,69988144.75,4511784
25-12-2041,69595258.06,71052271.29,68326645.02,70197587.35,70197587.35,3887531
26-12-2041,69290008.1,70516454.46,65267916.23,69115580.31,69115580.31,3995565
27-12-2041,69715078.25,72571336.89,68446839.16,69511018,69511018,2340860
28-12-2041,70280755.9,73982520.61,67677972.81,70361257.24,70361257.24,1915440
29-12-2041,70692340.85,71231495.99,69477939.97,70661572.58,70661572.58,5966005
30-12-2041,71089551.43,72197567.15,66166787.81,70675564.91,70675564.91,1175500
31-12-2041,71080495.41,72737618.62,71092708.74,71649361.99,71649361.99,3782089
01-01-2042,72783344.47,74452640,72059970.8,73092411.34,73092411.34,5278509
02-01-2042,72577116.21,73351743.91,69813139.48,72664809.89,72664809.89,5694909
03-01-2042,74225237.5,75277183.27,69871639.66,74225722.9,74225722.9,6001386
04-01-2042,73508606.55,76808079.12,72696240,73899648.77,73899648.77,2313044
05-01-2042,73451693,76556674.82,73492413.81,74165147.01,74165147.01,2561107
06-01-2042,74664975.18,77819775,74083959.91,75244455.41,75244455.41,4211507
07-01-2042,74904498.08,76845219.76,71741019.78,74283729.2,74283729.2,3040271
08-01-2042,73886737.87,75087658.62,73059991.92,74416708.71,74416708.71,3846796
09-01-2042,74692807.99,77481155.7,72162786.71,74347655.75,74347655.75,3596713
10-01-2042,74423052.53,75873363.81,73698411.31,74997323.3,74997323.3,4077997
11-01-2042,75278606.2,77054898.36,71778867.99,75276196.65,75276196.65,3753010
12-01-2042,75543197,78031085.42,73526038.88,75223740.01,75223740.01,4456696
13-01-2042,75180760.84,77106396.95,72858974.3,74594344.18,74594344.18,1530018
14-01-2042,71356106.46,74276484.83,71376697.24,71647215.21,71647215.21,4565684
15-01-2042,73225467.36,76024046.52,72356145.98,73633030.85,73633030.85,2892584
16-01-2042,73212539.34,74170410.45,70622329.02,73593874.18,73593874.18,4418016
17-01-2042,72328333.6,73201055.23,70194997.63,72185722.71,72185722.71,2724653
18-01-2042,72543571.28,74203100.45,70797555.68,73187090.11,73187090.11,3253447
19-01-2042,73275229.64,74105015.97,72201987.66,73587237.78,73587237.78,2146824
20-01-2042,73218503.54,78297384.69,71884705.77,73085075.03,73085075.03,2716441
21-01-2042,75655859.62,77418707.39,72769726.98,75378855.91,75378855.91,3426935
22-01-2042,75544492.31,79373942.91,73696022.83,75702034.79,75702034.79,4132011
23-01-2042,77052989.65,78224735.84,72378855.71,76469446.3,76469446.3,4493595
24-01-2042,83861754.32,83957567.02,81009042.91,83285956.75,83285956.75,3805973
25-01-2042,81752377.74,84744430.35,79991456.02,81834482.53,81834482.53,5053736
26-01-2042,84608311.9,88074756.29,81438917.51,84774396.89,84774396.89,2453393
27-01-2042,85277822.15,88306286.74,84371589.06,85730913.56,85730913.56,3345497
28-01-2042,86287356,89362299.66,82537095.22,85810118.79,85810118.79,5596948
29-01-2042,85668097.11,88475264.72,83926079.28,85643251.3,85643251.3,4536143
30-01-2042,84788295.37,87075265.02,84075017.15,84796756.04,84796756.04,3635331
31-01-2042,87156564.26,87852293.5,81414702.8,87141257.14,87141257.14,4185577
01-02-2042,85997252.97,87832731.13,82748485.36,86135008.21,86135008.21,4017165
02-02-2042,87213478.39,89965912.35,84462935.62,87131450.08,87131450.08,4321930
03-02-2042,89272933.73,91216110.29,86529601.98,88453200.88,88453200.88,3444724
04-02-2042,88225433.36,92611296.56,86125966.83,88801466.57,88801466.57,3598866
05-02-2042,89240587.88,91769664.93,87808636.88,88451532.39,88451532.39,3673570
06-02-2042,86580551.9,87713738.4,83192136.79,87176469.72,87176469.72,4184699
07-02-2042,87378870.98,87342571.46,83222376.05,86925216.27,86925216.27,4037603
08-02-2042,89080688.67,92248335.19,86031838.91,88420910.77,88420910.77,4463921
09-02-2042,88345498.91,88381715.02,85025036.11,87904358.14,87904358.14,5818104
10-02-2042,90473188.72,93845432.04,87914741.39,90294667.88,90294667.88,3774925
11-02-2042,87698213.35,90947190.82,85880856.67,88213948.52,88213948.52,3759006
12-02-2042,90032472.03,96157445.49,87638599.99,90937081.27,90937081.27,2339843
13-02-2042,92651553.78,93483832.83,86468323.43,91976232.99,91976232.99,3460066
14-02-2042,92710275.09,95182419.63,90174773.49,93177571.86,93177571.86,5349213
15-02-2042,93792977.97,95101307.75,90053022.92,93140799.87,93140799.87,3918406
16-02-2042,95416729.83,100477519,93720491.68,94485873.36,94485873.36,3216558
17-02-2042,93041786.38,95500032.61,91265704.39,92493000.48,92493000.48,5905118
18-02-2042,90813955.8,92570341.16,88605120.09,91378007.5,91378007.5,3679265
19-02-2042,90203879.22,91930346.57,89732346,90754797.16,90754797.16,4160740
20-02-2042,89901536.54,94550038.43,88267574.13,90329337.51,90329337.51,2562164
21-02-2042,91734132.93,91940302.32,90780315.03,91106708.33,91106708.33,3816924
22-02-2042,91148543.66,95294019.7,85131774.94,90507009.44,90507009.44,3308881
23-02-2042,88838423.26,89868972.58,88875717.49,89461969.17,89461969.17,3293867
24-02-2042,91720859.89,96359522.59,88815875.55,91251030.54,91251030.54,2935540
25-02-2042,91318222.36,95680873.64,90669611.16,92096102.2,92096102.2,4046345
26-02-2042,91963748.84,92937918.34,88770718.39,91141053.43,91141053.43,5311600
27-02-2042,90021045.07,92253269.83,87481452.02,90922636.85,90922636.85,4635045
28-02-2042,90948950.43,92571213.52,88583087.46,90469164.73,90469164.73,6121239
01-03-2042,89499123.38,92429977.33,88856242.15,89768223.8,89768223.8,3257467
02-03-2042,89463658.89,94797922.51,85770013.42,89797731.02,89797731.02,3937799
03-03-2042,89881948.9,90147304.17,87778454.85,89718930.36,89718930.36,2089602
04-03-2042,91605769.75,94092402.23,86371039.81,91525908.68,91525908.68,4608768
05-03-2042,93270159.24,94790903.3,91591874.11,92686083.89,92686083.89,3756412
06-03-2042,92724596.23,92760694.88,89527547.51,91946985.7,91946985.7,4059940
07-03-2042,91071734,91755300.57,85555366.41,90506016.74,90506016.74,3478546
08-03-2042,90265873.96,93340379.22,88369895.43,90964658.62,90964658.62,171618
09-03-2042,90741300.11,93167970.8,86175383.34,91481711.15,91481711.15,4691167
10-03-2042,92827704.14,92842537.17,89300086.34,92475274.68,92475274.68,2818969
11-03-2042,94680756.42,96373620.11,90216989.57,94631932.5,94631932.5,5347397
12-03-2042,95615483.59,100100106.9,95944602.59,96424542.49,96424542.49,4881358
13-03-2042,87418289.87,87314079.21,85195164.41,86895055.65,86895055.65,4039701
14-03-2042,87383694.5,88781500.41,85800364.65,88013196.95,88013196.95,2768414
15-03-2042,88786782.8,91702737.71,87384126.45,89417407.61,89417407.61,4456094
16-03-2042,87542463.26,91427728.45,86281777.3,87915351.45,87915351.45,4191277
17-03-2042,87385949.74,92280232.75,86492407.1,87025304.8,87025304.8,2629937
18-03-2042,88177461.04,90040873.24,85928414.59,88186043.92,88186043.92,2520959
19-03-2042,86982983.71,90705884.89,85159383.3,87605370.07,87605370.07,3601493
20-03-2042,87012305.65,87833650.4,85354278.52,86855235.56,86855235.56,5078842
21-03-2042,86202493.29,86436214.69,82051663.7,86058359.5,86058359.5,2319332
22-03-2042,85354600.68,87267403.44,85379074.83,85680304.51,85680304.51,3811748
23-03-2042,87306778.39,87250946.84,84594098.39,86503699.51,86503699.51,4195297
24-03-2042,86120888.47,90269706.98,84596961.08,86770686.24,86770686.24,3215785
25-03-2042,85133293.13,88461995.13,82317901.97,85593413.91,85593413.91,3986866
26-03-2042,87704066.01,90559671.88,86196905.23,87496401.54,87496401.54,5013135
27-03-2042,87370708.56,90283806.21,84600656.37,86950325.37,86950325.37,2827864
28-03-2042,87570799.46,90218930.41,85506716.39,87689409.52,87689409.52,3994175
29-03-2042,88644589.08,92206982.26,85194774.89,87951823.94,87951823.94,2437923
30-03-2042,88016955.16,91484693.51,85649925.86,88375548.5,88375548.5,3703785
31-03-2042,88034466.33,91262250.48,85089807.64,88365595.88,88365595.88,3203996
01-04-2042,87684492.49,89331883.65,87346149.04,88557238.16,88557238.16,4111210
02-04-2042,86857212.4,90184663.65,86652033.6,87731349.92,87731349.92,3350768
03-04-2042,88444566.69,90657492.92,85552715.54,87840394.19,87840394.19,3473170
04-04-2042,86254248.64,90156920.23,84721328.16,86230922.15,86230922.15,4205119
05-04-2042,87096426.15,87308916.38,85183027.48,86670551.2,86670551.2,5614060
06-04-2042,85869328.92,87825044.48,83282088.6,85576765.92,85576765.92,3714693
07-04-2042,85749639.08,87408744.4,85167939.68,86275925.37,86275925.37,3977627
08-04-2042,88194171.14,90816494.54,84856205.7,87344503.82,87344503.82,3726484
09-04-2042,88797169.69,90695357.46,87300994.96,88897402.21,88897402.21,4936475
10-04-2042,89400548.45,90490333.39,86729901.11,89892285.19,89892285.19,3991149
11-04-2042,92444212.48,96232027.45,90261520.77,92412606.45,92412606.45,2820071
12-04-2042,91030152.05,98097490.5,86952766.72,91362537.89,91362537.89,3596831
13-04-2042,91851366.95,91765577.06,88772351.81,90961680.95,90961680.95,3176572
14-04-2042,91730276.91,93384542.36,87475577.81,91211289.06,91211289.06,4394047
15-04-2042,92931815.87,98494645.76,92424759.04,93438196.5,93438196.5,3998856
16-04-2042,94701640.14,98279367.69,88543774.92,94054984.41,94054984.41,2692293
17-04-2042,95686107.4,99789180.52,94327236.07,95495303.26,95495303.26,3462188
18-04-2042,96567735.6,100606857.6,94973611.45,96463364.37,96463364.37,4161679
19-04-2042,99782693.41,101623475.6,96996720.17,99105799.47,99105799.47,2650203
20-04-2042,102260014.2,104277247.8,98390514.97,101434330.6,101434330.6,3264900
21-04-2042,100130943.4,100947399.4,98640145.38,99237682.88,99237682.88,2292919
22-04-2042,99590455.34,103578249.5,98449944.72,99493274.15,99493274.15,5399909
23-04-2042,100051971.1,101721036.3,95913385.74,99628444.49,99628444.49,4459636
24-04-2042,96757622.41,99294556.18,93603572.68,96148334.19,96148334.19,3510025
25-04-2042,96583628.57,99881878.84,95015352.23,96112414.46,96112414.46,4057515
26-04-2042,93674002.39,97226462.64,93098105.11,93897632.95,93897632.95,1834401
27-04-2042,93011919.18,94991118.38,91410344.87,93648850.96,93648850.96,3304794
28-04-2042,92817885.77,94082266.96,90702781.53,92780988.67,92780988.67,3057281
29-04-2042,92762352.4,95018063.81,89575306.57,93533102.16,93533102.16,2063313
30-04-2042,90590480.15,93514354.58,89277478.24,91501941.53,91501941.53,3152110
01-05-2042,92428099.34,94226699.96,90971817.8,92771265.4,92771265.4,2889133
02-05-2042,94819871.96,94675077.41,92534593.36,93903233.62,93903233.62,2174660
03-05-2042,94709351.79,95459626.56,93899556.58,94270797.78,94270797.78,4089893
04-05-2042,95057181.07,98298155.72,91395159.8,94152405.9,94152405.9,3910833
05-05-2042,93553912.47,96366321.36,89004477.19,94045409.01,94045409.01,4811424
06-05-2042,93006043.48,98008614.14,89346796.28,92858552.77,92858552.77,3666906
07-05-2042,91874027.79,93542547.78,90190063.51,91950412.03,91950412.03,3360868
08-05-2042,93253659.3,93393231.06,88008968.04,92559407.88,92559407.88,2987983
09-05-2042,89200851.49,93379035.67,88822195.38,90095768.77,90095768.77,4984509
10-05-2042,89441575.15,93326858.07,86434628.45,89741236.07,89741236.07,4701879
11-05-2042,89011680.25,93167354.11,85375379.33,89678914.76,89678914.76,4732553
12-05-2042,90684391.46,93080523.55,83799399.91,90356240.28,90356240.28,2216687
13-05-2042,90169612.78,90334146.85,85894086.29,89930008.2,89930008.2,3377599
14-05-2042,89217667.46,91089120.53,87562513.01,89978397.21,89978397.21,5578248
15-05-2042,89087193.04,92813284.67,87477035.87,89536240.91,89536240.91,2963564
16-05-2042,89462048.22,91364777.15,87150102.9,89565671.87,89565671.87,4155500
17-05-2042,90156659.61,90778406.94,88019371.28,89333474.86,89333474.86,2425387
18-05-2042,91591863.68,93373289.84,86559725,91032911.19,91032911.19,5374279
19-05-2042,89188386.58,90145954.27,89167483.5,89709512.23,89709512.23,3252835
20-05-2042,89707908.85,92514501.67,86756425.15,89343722.15,89343722.15,6106416
21-05-2042,89378182.41,91513134.38,88790908.99,89585104.97,89585104.97,3837022
22-05-2042,91933578.63,93541400.5,88827655.92,91200666.46,91200666.46,4207383
23-05-2042,92882075.43,93344890.87,92031872.5,92501802.22,92501802.22,2577124
24-05-2042,91475496.2,93772291.98,89256174.56,90865563.87,90865563.87,3578699
25-05-2042,91617390.45,92773975.49,88776906.69,91048463.7,91048463.7,3248397
26-05-2042,90825963.06,91050656.65,89265819.19,90191894.93,90191894.93,5065029
27-05-2042,90241173.51,90208635.2,88237222.63,89576421.22,89576421.22,4607752
28-05-2042,87593783.56,89874459.23,85944962.82,88469792,88469792,3631348
29-05-2042,89971473.61,91407805.96,88033302.24,90327210.53,90327210.53,4549365
30-05-2042,89162856.54,90507936.76,87988225.68,89513074.25,89513074.25,3622267
31-05-2042,90018751.83,90636980.39,89432623.95,89739987.59,89739987.59,4595363
01-06-2042,89093636.23,93543967.01,86379237.72,89531743.52,89531743.52,4470247
02-06-2042,91076900.41,94894774.31,90958854.6,91615204.12,91615204.12,2154429
03-06-2042,90179511.05,91326947.48,89866798.11,90569047.11,90569047.11,4569902
04-06-2042,88515809.44,92656932.87,87929871.21,88930187.92,88930187.92,2579699
05-06-2042,86844991.01,89211393.6,83589625.03,86975061.52,86975061.52,3366551
06-06-2042,89096220.44,90382963.61,83498748.97,88231093.79,88231093.79,3455683
07-06-2042,89024551.93,91694817.72,86269207.72,89902452.87,89902452.87,3014936
08-06-2042,91519952.52,94728109.04,88864405.75,91523737.35,91523737.35,2609334
09-06-2042,95415359.11,96388236.61,93638817.33,94849708.01,94849708.01,3577711
10-06-2042,96483919.73,97670773.89,94976400.03,96610458.72,96610458.72,4133116
11-06-2042,98422705.58,99186766.54,93962415.42,97983548.99,97983548.99,2522707
12-06-2042,96708466.16,97345374.32,93544663.47,96864671.64,96864671.64,4005601
13-06-2042,95676055.55,96712714.71,94744253.95,95953384.96,95953384.96,4561356
14-06-2042,96233973.57,100242557.6,93479812.49,96263775.79,96263775.79,3440688
15-06-2042,94997765,98460275.51,90547327.41,95726277.98,95726277.98,3572888
16-06-2042,94012294.83,94469622.04,92313911.97,93894643.2,93894643.2,3117218
17-06-2042,97604416.79,98110163.3,93854836.73,97348120.61,97348120.61,2429622
18-06-2042,98611800.08,100304138.5,96195204.5,99072930.41,99072930.41,2531040
19-06-2042,98438897.04,98931275.96,95893469.82,97917391.63,97917391.63,3681900
20-06-2042,98807390.9,100119274,92082568.11,97894951.41,97894951.41,3667655
21-06-2042,100042407.2,101144099.9,95802476.62,99690688.76,99690688.76,4169261
22-06-2042,97649685.54,103650826.7,97112347.42,98256623.66,98256623.66,3655389
23-06-2042,98358639.44,100244095.5,94617915.65,97763017.2,97763017.2,3372392
24-06-2042,97960804.66,103417252.8,96376497.79,98816057.46,98816057.46,3978890
25-06-2042,99729269.53,101118124.3,97405706.44,100134061,100134061,2562062
26-06-2042,100924003.4,103983540.5,99793619.91,101263882.1,101263882.1,3849786
27-06-2042,100238380.5,101752542.4,98288113.21,99763751.11,99763751.11,3321561
28-06-2042,100754648.6,101691702.3,99987039.73,100578817.8,100578817.8,5049214
29-06-2042,99699093.62,102205659.4,97555806.04,99255604.23,99255604.23,4241828
30-06-2042,100390121.6,100592515.1,97041728.99,100062395.6,100062395.6,2659330
01-07-2042,98381370.47,101254629.7,97409068.35,98929879.93,98929879.93,3221576
02-07-2042,99443641.54,104574563.3,94555510.82,99323917.93,99323917.93,4301884
03-07-2042,99905389.57,100398574.8,96133393.81,99433343.43,99433343.43,3035520
04-07-2042,99965464.33,105402121.5,98268507.74,99490423.1,99490423.1,3449631
05-07-2042,101706819.5,106049016.5,99252293.58,101877817.3,101877817.3,3622708
06-07-2042,99003823.64,100691048.4,99070667.6,99787562.9,99787562.9,4045715
07-07-2042,99743364.22,103697406.9,95417780.94,100104946.2,100104946.2,5513217
08-07-2042,100380974.6,102915755,98666740.72,100143960.4,100143960.4,4970924
09-07-2042,99715880.93,100565437.5,97635963.32,99238668.62,99238668.62,4698097
10-07-2042,97289942.09,99767312.2,94887464.14,97017826.82,97017826.82,3364951
11-07-2042,99294585.96,103897016.4,98282463.58,98751409.06,98751409.06,2472954
12-07-2042,98991285.98,100449481.8,92992191.37,99057955.8,99057955.8,4097554
13-07-2042,99833020.86,102739823.2,97690425.39,99384927.99,99384927.99,2754196
14-07-2042,96963291.82,99714273.12,96344502.39,97551476.2,97551476.2,4885040
15-07-2042,99554324.67,100298212.4,98193519.06,99221539.1,99221539.1,4328334
16-07-2042,101492193.8,102155330.8,99937123.76,101144581.3,101144581.3,3751543
17-07-2042,101228385.3,102344216.9,98455833.34,100293906.7,100293906.7,2450044
18-07-2042,108816127.6,115552775.6,108451767.3,109707128.7,109707128.7,3260051
19-07-2042,108306340.2,114502491.9,107350697.1,108548169,108548169,1909464
20-07-2042,106606642.5,111660571.5,102663454.4,107302921.9,107302921.9,3249737
21-07-2042,108740517,109758069.7,105628850.8,108730750.8,108730750.8,2461408
22-07-2042,110142294.2,114566062.9,106453785.4,110623018.5,110623018.5,3439002
23-07-2042,109523997.5,114324335.2,108586824.3,109838914.1,109838914.1,2272752
24-07-2042,110181543.2,111062353.5,107867577.3,110708001.1,110708001.1,4269721
25-07-2042,112417347.3,117054858.2,108277484.4,111343166.8,111343166.8,3345830
26-07-2042,109907481.7,113349896.4,107456056.7,110430264.5,110430264.5,2959793
27-07-2042,110412932.2,114515281.9,109291131.4,111144806.3,111144806.3,5379930
28-07-2042,111445102.1,116525506,110455185.8,111787382,111787382,3102621
29-07-2042,108754231,112428194.6,105055704.6,109359812.2,109359812.2,2356370
30-07-2042,110669224,116184325.1,108470127.1,111365855.4,111365855.4,4162045
31-07-2042,113816930.6,118850367.1,108169510.9,112756167.5,112756167.5,3430508
01-08-2042,113028891.9,116434081.5,111510245.2,114018062.5,114018062.5,3207376
02-08-2042,115272089.5,116977584.4,109271943.9,114353212.6,114353212.6,1237721
03-08-2042,118548701,120589737.3,115634863.1,117524668.3,117524668.3,3293969
04-08-2042,118008264.8,121116305.2,114829895.3,119176799.3,119176799.3,4308369
05-08-2042,120132739.3,123249350.1,116487010.6,119966117.9,119966117.9,2607569
06-08-2042,121194983.3,125707070.7,120168569.1,122258421.4,122258421.4,3791575
07-08-2042,124429672.8,127527450.6,119861008.3,123719224.3,123719224.3,3402721
08-08-2042,123930063.8,125977775.4,120730293.8,125135986.2,125135986.2,2816940
09-08-2042,127023963.9,128301803.6,124907095.7,126685869.5,126685869.5,3131951
10-08-2042,125904251.7,127164301.7,122254790.8,126125736,126125736,4056207
11-08-2042,126023549.5,127555233.4,122424787.1,125579905.6,125579905.6,3148463
12-08-2042,122864975,125146751,122975253.5,123995082.9,123995082.9,4347927
13-08-2042,128813347.8,134082744.5,123445717.6,127822766.4,127822766.4,3531991
14-08-2042,127178960.6,130212924.7,124162189.4,127808371.3,127808371.3,2782932
15-08-2042,131192287.9,136764210.7,129027798.7,130097234.3,130097234.3,3658285
16-08-2042,127530944.7,129011664,122161016,127763269.5,127763269.5,4668946
17-08-2042,127754900.4,131193058.2,126811919.8,128238350,128238350,4222470
18-08-2042,120892288.2,123348822.6,118545502.3,120857748.3,120857748.3,4125172
19-08-2042,121389876.4,124194557.5,119079740.7,121654171.6,121654171.6,2694046
20-08-2042,121300162.7,125866228.3,119856186,121693756.6,121693756.6,5776586
21-08-2042,123343338.8,124273898.1,117108847.5,123261376.7,123261376.7,3412553
22-08-2042,123629480.3,128133597.8,116210069.8,123348523.5,123348523.5,4990297
23-08-2042,121346735.7,126597880.2,120304242.6,121350139.3,121350139.3,4360942
24-08-2042,120838568.8,121006786.4,117688091.7,120264479.3,120264479.3,2050621
25-08-2042,117966129,120008663.3,115215363.4,119094129.4,119094129.4,3801065
26-08-2042,119105098.9,125966390.7,116334477.5,118017529.9,118017529.9,3254281
27-08-2042,122820550.6,126335676.2,121515623.1,122401468.9,122401468.9,4526029
28-08-2042,121972146,127414838.6,120216839.6,121450263.2,121450263.2,4639771
29-08-2042,117795330.5,121312427.7,117590405.3,118313917,118313917,2934334
30-08-2042,118330321.3,119585475.5,114834164.1,117651953.9,117651953.9,4023667
31-08-2042,118284698.9,118276604.6,114941069.7,117346943.8,117346943.8,1623003
01-09-2042,116374522.4,118531973.3,116144724.8,117186043.2,117186043.2,2545099
02-09-2042,118240605,125855901.7,116887807.6,118460491.4,118460491.4,3516729
03-09-2042,120929642.1,122096602.4,116357643.5,120454728.8,120454728.8,3084707
04-09-2042,118392784.5,120817827.9,114304114.8,118514478,118514478,3731031
05-09-2042,118914792.7,121477771,110572829.5,117936033.9,117936033.9,3271060
06-09-2042,118068335.4,121759987.5,116588344.4,119223258.4,119223258.4,3523902
07-09-2042,119372216.4,121838893.8,115583436.5,118220533.3,118220533.3,5189466
08-09-2042,119956292.6,121813198.8,118472294.5,119543582,119543582,3805592
09-09-2042,126226138,131531235.4,124554127.1,126988701.8,126988701.8,3693692
10-09-2042,126106036.9,130347156.9,125753860.8,126896728.8,126896728.8,4265638
11-09-2042,125120835.9,128152243.9,121964504.1,125744114.1,125744114.1,4050911
12-09-2042,123746799.1,126686787.9,121307541.6,124060950.4,124060950.4,2319394
13-09-2042,124821640.6,129206231,122603299.5,125386716.5,125386716.5,3290497
14-09-2042,127096744.4,130438260.9,124598317.4,127660632.3,127660632.3,2402547
15-09-2042,127005838.5,127805335.8,118686171.8,126477576.2,126477576.2,3158925
16-09-2042,126676480.6,132382451.5,124900776.1,126483760.1,126483760.1,3970195
17-09-2042,127500849.1,128916810.2,121488879.5,126734772.7,126734772.7,2710507
18-09-2042,127717473.2,132814015,120964287.7,126478043.7,126478043.7,3461064
19-09-2042,127650650.4,134215721.6,126019108.7,127201674.8,127201674.8,4346992
20-09-2042,127424710.2,130115256.1,126278831.8,127419385.6,127419385.6,4779932
21-09-2042,125628825.4,129592444.7,121580760.5,124673494,124673494,3751227
22-09-2042,124104583.3,128577962,117972246.8,123846575.9,123846575.9,3089883
23-09-2042,121221743.7,127067685.7,116059008.2,122003313.4,122003313.4,3349616
24-09-2042,121462012.7,126717802.2,118489343.9,121981738,121981738,3055487
25-09-2042,120173447.6,127402291.8,118410914.7,120573579.5,120573579.5,3180167
26-09-2042,121491231.9,124547488.1,119051717.6,121249527.1,121249527.1,2589652
27-09-2042,120381490.3,125572475.3,118701820.9,121520741.3,121520741.3,4612784
28-09-2042,122595712.1,124794789,120145200,121606657.4,121606657.4,2831026
29-09-2042,122575618.9,125262568.6,118149120.8,122822339.8,122822339.8,4910814
30-09-2042,128064973.7,134206387.7,123636125.1,127139040,127139040,1481369
01-10-2042,135303983.6,139608193.8,128537815.6,134568475.1,134568475.1,2732811
02-10-2042,135104897.8,135331694.8,132178660.9,133947443,133947443,4048918
03-10-2042,132499027.1,137268725.2,123426787.4,131385401.1,131385401.1,1864470
04-10-2042,131512400.1,138411843.7,129379740.3,131640226.8,131640226.8,3697765
05-10-2042,131005403.5,135823633.8,130810647.8,131979272.3,131979272.3,4703061
06-10-2042,132677356.3,137715620.7,131755656,132362933,132362933,5895338
07-10-2042,133936900,135226334.4,131130652.5,132752006.9,132752006.9,2622332
08-10-2042,131813100.5,134592657.6,125936187.3,132959029.9,132959029.9,3676906
09-10-2042,132895002.6,135739916.9,130664640.4,132992476.7,132992476.7,2785906
10-10-2042,134180785.6,137559805.6,128256714.5,133187729.6,133187729.6,4312344
11-10-2042,130162404.1,139523897.9,123682067.3,130950408.5,130950408.5,4640096
12-10-2042,130641483.5,131849833.9,122288252.6,130538544.3,130538544.3,3544029
13-10-2042,139105891.8,143061369.5,134606582.1,140167219.4,140167219.4,3768252
14-10-2042,139855136.2,142153466.8,131865410.6,139251732,139251732,5565006
15-10-2042,139820467.5,143709695,136629286.6,138890725,138890725,4354808
16-10-2042,142165616.3,143253368.5,136079515.2,141436810.4,141436810.4,4401448
17-10-2042,142905158.3,143677328.9,137342012.8,141491933,141491933,2506002
18-10-2042,139612902.3,148535812.9,138692108.9,140891386.2,140891386.2,4505423
19-10-2042,141921409,149173473.4,139621208.2,141158909,141158909,3016251
20-10-2042,141088319.3,146940342,139047141.9,140376503.2,140376503.2,4449472
21-10-2042,137863721.8,138990144.9,131768769.8,137686889.8,137686889.8,2739768
22-10-2042,138992190.2,142057946.9,133416097.4,137663844.5,137663844.5,2804965
23-10-2042,138979150.1,140441440.4,129471221,138396580.8,138396580.8,2847482
24-10-2042,138658548.7,144269114.3,136105205.1,138540839.5,138540839.5,1948556
25-10-2042,138223127.9,144890560.1,135028095.9,137977076.4,137977076.4,3545051
26-10-2042,138820489.8,139066389.8,136883875,137635354.8,137635354.8,4916799
27-10-2042,137015842.4,142579182,131646007.8,136131944.9,136131944.9,3692504
28-10-2042,138639779.1,140104140.5,136771524.2,138623541.2,138623541.2,2303270
29-10-2042,137981323.4,141521592.1,136162656.9,139166957.3,139166957.3,2708064
30-10-2042,142117923.9,142021868.4,140280274.5,140900153.2,140900153.2,3487464
31-10-2042,141761550.6,149605802.7,133289571.9,141141309.4,141141309.4,3424456
01-11-2042,144006085.6,146558424.1,137722389.6,142788623.2,142788623.2,3407542
02-11-2042,143776690.2,146745424.1,140852232.1,143301617.8,143301617.8,4519588
03-11-2042,143720892.1,145963519.7,140439116.6,142768664,142768664,3360616
04-11-2042,142466635.5,143524165.5,139317846,141934613.2,141934613.2,3996813
05-11-2042,141586177.7,145105683.6,134458462.8,141795113.5,141795113.5,4701127
06-11-2042,145382681.8,149706833.1,139231949.7,145204515.5,145204515.5,2557030
07-11-2042,142763673.7,144464234.6,135452038.3,142454093.2,142454093.2,4228002
08-11-2042,139127490.2,143222295.4,131781910.5,138249058.4,138249058.4,3948232
09-11-2042,138328484.3,142887010.4,134403378.7,138325545.6,138325545.6,5659827
10-11-2042,137676948.1,140870741.9,133494741.8,137949414.5,137949414.5,3493094
11-11-2042,137161038.5,141337363.3,133411527.8,135869888.5,135869888.5,1215879
12-11-2042,140277945.6,142348318.6,137976785.1,140531141.6,140531141.6,3650668
13-11-2042,138709087.6,141320130.8,136078205.9,140063924.4,140063924.4,3910118
14-11-2042,140238897.9,142614499.6,135783808.6,141254892.4,141254892.4,4479034
15-11-2042,142580169.6,145556108.7,135891425.6,142614621.4,142614621.4,3254613
16-11-2042,143623420.4,146737414,137410735.5,142903722.4,142903722.4,3604887
17-11-2042,147582022.8,147450941.6,143657071.7,146147544.6,146147544.6,5097452
18-11-2042,150016393,155815132.4,141995798.9,149246504.1,149246504.1,3212929
19-11-2042,150371828.9,154669140.4,144719316.1,150285420.3,150285420.3,4236874
20-11-2042,145504296.1,152678323.4,143876273.4,145586468.1,145586468.1,3601134
21-11-2042,146591616,149980224.9,142647455.1,146470099.3,146470099.3,5995497
22-11-2042,149458386.9,156738046.4,147481351.4,150452938.3,150452938.3,3494189
23-11-2042,150826795.7,157004281.9,150182776.1,151701400.5,151701400.5,1901522
24-11-2042,150612323.8,156118950.1,147967335.8,151082838.8,151082838.8,3774470
25-11-2042,153152387,159274382.1,151260809,153164520.4,153164520.4,4067880
26-11-2042,155088232.4,158740680.3,151370280.1,155246936.8,155246936.8,2547402
27-11-2042,155688273.3,164433888.6,148311025.7,156272047.2,156272047.2,2243124
28-11-2042,157843902.3,162006093.3,155676745.5,158374609.5,158374609.5,3537915
29-11-2042,157427444.5,160906345.4,152021728.8,157674366.3,157674366.3,4025853
30-11-2042,158502848.9,164571018.5,156477274.7,157826744.9,157826744.9,3487924
01-12-2042,158770971.9,164436673.9,152062392.9,159948839.8,159948839.8,3583913
02-12-2042,163160958.4,166689014.2,160603200.1,163170279.1,163170279.1,3639598
03-12-2042,162294712.9,170838876.9,160213279.6,163235881.4,163235881.4,3927793
04-12-2042,162160969.8,165621475,162581181.5,163763918.2,163763918.2,4285872
05-12-2042,162593505.6,167637402.3,156663299.3,163350537.3,163350537.3,2190565
06-12-2042,166167618.4,167293081.9,158993626.6,165250326.8,165250326.8,4129255
07-12-2042,167705555.9,172752550.8,159872133.8,167097494,167097494,5413512
08-12-2042,163261933.2,171280402.1,160985462.6,164516712,164516712,3824143
09-12-2042,165447365.6,170413571.5,161337897.6,164428635.7,164428635.7,3479336
10-12-2042,163499188.5,169522761.6,159157351,165087501,165087501,3140853
11-12-2042,163708500.8,171738326.5,159716346.9,165315963.8,165315963.8,3602065
12-12-2042,169890574.6,175145072.7,166539976.4,168821376.8,168821376.8,5006924
13-12-2042,169788161.1,176161994.4,166140565.8,171074897.5,171074897.5,3558638
14-12-2042,173442197.4,180776804.4,169645487.3,172169459.2,172169459.2,4043754
15-12-2042,169179487.7,176450401,165627232.3,168238263.4,168238263.4,3944663
16-12-2042,168584360.1,170333257,167880745.6,169288578.3,169288578.3,2542035
17-12-2042,166991218.1,170071181.9,165850462.2,168570435,168570435,5401992
18-12-2042,169881725.8,170367417.7,167146948.9,168705969.3,168705969.3,2730056
19-12-2042,168679015.3,174129101.4,168203451.6,168982674.2,168982674.2,4151217
20-12-2042,173081213.1,173546424.2,163127504.6,172412984.8,172412984.8,2776538
21-12-2042,174242593.5,178193510.3,169904857.9,173878277.9,173878277.9,4302672
22-12-2042,171033861.9,175109996.1,166936960.8,172268453.6,172268453.6,249824
23-12-2042,170171152.1,177292256.8,166436799.2,170173079.7,170173079.7,4165792
24-12-2042,171212460.5,175649785.1,168658544.2,170476340.3,170476340.3,3220061
25-12-2042,171556005.2,175988155.9,169999358.4,171601659,171601659,2983295
26-12-2042,170502361.5,173621219.8,162280531.8,169907592.6,169907592.6,2772279
27-12-2042,170723604.1,177432375.6,159234860.1,169811776.4,169811776.4,3791818
28-12-2042,171929848.6,177176917.8,165973007.8,172803774.5,172803774.5,3705654
29-12-2042,172890551.1,174541575.7,168139882.3,173198272.8,173198272.8,3187237
30-12-2042,173424577.9,180624219.7,167947591.3,174924548.3,174924548.3,4050925
31-12-2042,176892647.8,181692122.7,167716908.5,178597079.8,178597079.8,2291487
01-01-2043,179499942,186408008.7,175248048.8,180490166.4,180490166.4,2514949
02-01-2043,183179672.4,184141970.9,177153010.9,182453073.9,182453073.9,2604487
03-01-2043,181749413,191574223.2,180324239.4,181751053.3,181751053.3,3497842
04-01-2043,181650068.8,190442814.8,176636416.8,181058820.3,181058820.3,5031781
05-01-2043,180000496.7,183502704.7,179585495.2,181768586.3,181768586.3,4271471
06-01-2043,181636952.3,187811789.4,180163667.6,182129314.1,182129314.1,2527929
07-01-2043,173454028.9,176256139,173622255.5,175120558.3,175120558.3,5191756
08-01-2043,182459726.2,184387844.6,178453145.6,181561552.9,181561552.9,2845058
09-01-2043,181850664.3,182557075.3,179251718.6,180375702.7,180375702.7,2807436
10-01-2043,170968933.3,174565676.9,166363807,169843151.2,169843151.2,4294903
11-01-2043,165966388,170517781.1,156439700.1,165088582.8,165088582.8,6421848
12-01-2043,164927285.8,175619244.5,162486060.3,165872586.1,165872586.1,4087137
13-01-2043,164571567.2,170942502.7,155287469.5,165645185.4,165645185.4,4490708
14-01-2043,166835464.4,168694256.4,159140403.2,165942283.1,165942283.1,5756731
15-01-2043,168098787.7,170433682.8,162656336.5,167243898.1,167243898.1,2114133
16-01-2043,169437676.4,171834260.3,164833386,168176347.4,168176347.4,3514645
17-01-2043,167657533.5,170805124.7,166369174.9,167835669.4,167835669.4,4355162
18-01-2043,163393046.1,165305337.1,155667666.1,164728371.9,164728371.9,2892779
19-01-2043,164524207.1,167282879.5,159029914.1,165302784.8,165302784.8,4120064
20-01-2043,168346395.4,170495230.9,157320887.4,166771029.5,166771029.5,3881927
21-01-2043,168947232.8,173539592.4,163735073.9,168357754,168357754,4580434
22-01-2043,160406074.4,171202299.5,156463142.7,161878959.5,161878959.5,1581412
23-01-2043,160421215.2,167045094.4,159916125.8,161761716.7,161761716.7,3916867
24-01-2043,160010104.8,165297670.7,156358927.7,158900359.2,158900359.2,4209526
25-01-2043,158889828.4,166771610.5,153913397.2,157354025.6,157354025.6,3526740
26-01-2043,151317273.5,153366089.5,146542039.4,152000204.6,152000204.6,5549921
27-01-2043,151672548.6,155495536,148465216.4,151885004.2,151885004.2,3629446
28-01-2043,146641919.3,150325241.4,143273292.7,146299236.8,146299236.8,4859661
29-01-2043,143766524.9,148785955.7,141166554.9,143260289.8,143260289.8,4137835
30-01-2043,138356594.1,141117758.3,137771629.4,139214475.5,139214475.5,2285381
31-01-2043,137058294.8,139836593.8,135825068.1,137204542.7,137204542.7,2474429
01-02-2043,134891795.1,137650714.3,131548229.4,134605428.4,134605428.4,3204387
02-02-2043,132542284.9,136936292.9,131384363.4,133488042.8,133488042.8,3759779
03-02-2043,130904588.9,132560130.2,124572911.7,130397521.5,130397521.5,3511124
04-02-2043,129808073.6,132990191.3,124718745,129811843,129811843,3594665
05-02-2043,133398469,136353774.4,126524462.4,132839243.8,132839243.8,3323146
06-02-2043,131662388.1,137559417.7,129804957.4,132216947.4,132216947.4,3773928
07-02-2043,129554875.4,130507461.5,124629940.4,129973802.2,129973802.2,2920193
08-02-2043,118755331,121552871.7,117626116.9,119133661.9,119133661.9,3573727
09-02-2043,119040714.2,127161756,113304723.4,119447369.6,119447369.6,2168904
10-02-2043,118310458,119855367.7,116248018.7,118564721.3,118564721.3,4445040
11-02-2043,115487431.5,116702351.5,114065023.2,115622137.4,115622137.4,2530164
12-02-2043,119366090.7,121705082.1,116418348.7,118826787.4,118826787.4,4850916
13-02-2043,119038377.4,119365207.4,114264530.1,117990036.2,117990036.2,4454171
14-02-2043,120342289.4,120669045.7,117040614.2,119750371.4,119750371.4,4202358
15-02-2043,120741755.9,121114743.8,116253543.5,119993123.2,119993123.2,4932023
16-02-2043,119437820.2,124999173.1,116688843.3,120471056.1,120471056.1,3801742
17-02-2043,121519105.9,122501732.7,119260400.4,120587481,120587481,3933233
18-02-2043,120082537.5,123227145.8,119498421.5,120578783.9,120578783.9,5109404
19-02-2043,118606934.6,122347142.1,118751668.9,119571478.3,119571478.3,3559849
20-02-2043,123288370,124771928.6,118729702.5,122923918.8,122923918.8,3732255
21-02-2043,124729217.5,128620317.3,121434027.8,124788114.4,124788114.4,1837540
22-02-2043,127537367.2,128511568.9,122273495.5,128045059.9,128045059.9,1891115
23-02-2043,128435926.1,132685714.6,121611722.9,129006608.7,129006608.7,3291897
24-02-2043,127099619,132720551.2,120534778.3,126076269.1,126076269.1,3879566
25-02-2043,124119472.3,128299832.6,124443620.3,125346212.9,125346212.9,2768683
26-02-2043,126682656.2,130074577.9,118591436.7,125764622.4,125764622.4,5180483
27-02-2043,125481033,131583075.2,122360552.4,125664345.8,125664345.8,3565619
28-02-2043,126993482.6,134049342.9,120106589,125991259.1,125991259.1,3018416
01-03-2043,124680404.8,129747890.2,122752391.1,125568746.6,125568746.6,2243531
02-03-2043,111310171.9,112652013.1,106527203.6,111759640.9,111759640.9,3653541
03-03-2043,111458644.5,115345917.8,108698714.6,112537608.2,112537608.2,3824346
04-03-2043,113869246.7,118798985.6,111933946.6,114125731.8,114125731.8,2878902
05-03-2043,116148950.7,117645203.6,114358569.2,115345326.1,115345326.1,5253086
06-03-2043,117185671.1,120822211.4,113666792.7,116663394.5,116663394.5,2736772
07-03-2043,116983495,117846822.7,114526403.6,116063471,116063471,4599378
08-03-2043,118110399.2,120829276.2,110659968,117045047.9,117045047.9,4357287
09-03-2043,116424285.5,116269528.6,113015901.6,115311133.5,115311133.5,3683585
10-03-2043,116764365.6,121909693,115507552.6,117918880.7,117918880.7,4824343
11-03-2043,120049370,120871320.3,117887860.7,119798457.5,119798457.5,2939098
12-03-2043,122017540.6,125679684.5,119638463.6,122077444.8,122077444.8,4696108
13-03-2043,123190148.4,124467335.2,117449893.7,122782821.7,122782821.7,4066346
14-03-2043,124643633.9,128272640.7,121137105.3,124727287.3,124727287.3,1458757
15-03-2043,126007867,127205022.6,121405175.1,125551677.5,125551677.5,4381092
16-03-2043,124728591.2,132549294.9,122070832.4,125744295.3,125744295.3,3580174
17-03-2043,126068055.9,127640281.4,120093572.2,125875452.2,125875452.2,4569929
18-03-2043,117393797.7,121707503.1,114989719.9,116296361.4,116296361.4,3182270
19-03-2043,117996805.1,119527968.6,113212677.2,116932405.6,116932405.6,3579349
20-03-2043,119928019.1,122851969.8,118032836.9,118802440.9,118802440.9,4622061
21-03-2043,120619965.6,127255459,117780415.8,119807181.9,119807181.9,3574876
22-03-2043,122119447.2,128986916.3,116678974,122152758.5,122152758.5,3730155
23-03-2043,126620624.5,126183607.9,123328562.5,125474356.4,125474356.4,3034809
24-03-2043,126585590.6,130080486.9,123411914.7,125612949.5,125612949.5,1821595
25-03-2043,124396462.7,129558687.2,123412483.8,125542112.5,125542112.5,4990100
26-03-2043,126846619.6,130189342.1,123683410.4,127708569.7,127708569.7,4604875
27-03-2043,124850153.6,132225947.2,119411697.4,125867601.8,125867601.8,3003860
28-03-2043,122510969.3,125364937.5,118859532.6,122617181.8,122617181.8,3997503
29-03-2043,120896953.6,124215115.3,119849377.1,121575207.9,121575207.9,4740275
30-03-2043,124279398.3,126440724.2,121676075.7,123330961.8,123330961.8,5291152
31-03-2043,129482728.6,136538902.7,126868366.5,130537869.9,130537869.9,5140647
01-04-2043,133420038.2,134652127.9,132022773.8,132734810.1,132734810.1,2582331
02-04-2043,132711544.1,134304921.7,129199225.5,131800121.7,131800121.7,4930258
03-04-2043,132253961.7,137072494.3,126946371.8,132352024.7,132352024.7,2419161
04-04-2043,130398597.4,133295538.5,123338981.2,131408529.9,131408529.9,2534168
05-04-2043,137982904.8,138672698.5,133689877.7,136879223.2,136879223.2,4282131
06-04-2043,136565529.8,140770234.3,129508310.9,137226208.5,137226208.5,4752850
07-04-2043,135988208.6,142302406.5,126350759,136033627.9,136033627.9,3292127
08-04-2043,135365416.4,136746915.6,129267124,136109412.8,136109412.8,3654226
09-04-2043,137430367.4,142618621.5,133683454.1,138131261.8,138131261.8,4570037
10-04-2043,136256566.4,139757179.1,134260664.7,136767618.1,136767618.1,3222545
11-04-2043,133948740.5,136806826.8,129674598.3,133767849.8,133767849.8,2882215
12-04-2043,132808563.8,137164800.2,130953099.8,133787115.8,133787115.8,3678746
13-04-2043,132793733.3,135967115.3,127868438.5,131516928,131516928,3916997
14-04-2043,132461185.4,133748535.7,128325855.2,131780428.6,131780428.6,3357957
15-04-2043,131716186.5,134468273,126276849.4,131652713.8,131652713.8,4177308
16-04-2043,132795695,136206698.5,129186731,131902694.4,131902694.4,3593855
17-04-2043,131782998.5,133898920.8,132298888.5,132974855,132974855,3356792
18-04-2043,136090526.4,135899422.9,131974940.9,134807775.5,134807775.5,2712775
19-04-2043,133767208.8,136983774.7,134129010.2,134827191.3,134827191.3,3929962
20-04-2043,136101367.4,139853968.5,126681867.8,136075819.8,136075819.8,4805502
21-04-2043,135907908,135769409.6,133574289.4,135321588.1,135321588.1,4396664
22-04-2043,136201250.4,139417843.6,131529300.4,136896631.5,136896631.5,2642322
23-04-2043,133699024.6,134486435.2,126406545,132899114.3,132899114.3,3209054
24-04-2043,134187808.1,141002006.1,125369235.4,133943727.7,133943727.7,2973631
25-04-2043,133797152.6,138803425,131365904.5,133351504,133351504,5654616
26-04-2043,135498235,140539394.6,134952067.3,136094623.2,136094623.2,3642763
27-04-2043,135180053.2,138599762.4,129168882.8,135198796.8,135198796.8,3682774
28-04-2043,136991433.5,141840500.1,134116704.4,135965876.2,135965876.2,3995460
29-04-2043,135342271.7,144596379.1,133885666.7,136672913.7,136672913.7,3310294
30-04-2043,135934292.9,139156286.9,134393477.1,135419920.8,135419920.8,4468782
01-05-2043,133214397.8,137780925.1,127521692.8,132435037,132435037,4932886
02-05-2043,133127290.5,136356768.3,125973284.9,132391614.5,132391614.5,3992304
03-05-2043,131862337.3,132634356.3,122578426.7,130836192.3,130836192.3,3904448
04-05-2043,132916232.5,139445740.5,131459877.7,132214954,132214954,2645317
05-05-2043,131483868.5,132841296.2,127626814.6,131944362.9,131944362.9,4204940
06-05-2043,131580720.4,139350383.4,129923940.5,132598142.3,132598142.3,2567305
07-05-2043,130967945.5,135909024.8,123011141.8,132016362.5,132016362.5,2508094
08-05-2043,143384209.6,146300516.2,138505853.7,144406939.1,144406939.1,2603480
09-05-2043,142064989.5,146929231,138877213,142168915.3,142168915.3,5586611
10-05-2043,143579998.4,148060777.6,139520036.4,142290702.5,142290702.5,4810520
11-05-2043,142998618.2,143955577.9,140939173.2,142326496.8,142326496.8,3840971
12-05-2043,142925188.5,151074924.5,138393578.8,141893345.3,141893345.3,3874802
13-05-2043,140486309.5,145140198.4,139062192.5,141817889.1,141817889.1,3861264
14-05-2043,141292420.2,148605461.4,136296467.3,142377977.5,142377977.5,3282189
15-05-2043,145201558.5,149404684.2,143471794.3,144723713.4,144723713.4,5272299
16-05-2043,146089817.1,151122521.7,144357606.8,146846695.3,146846695.3,3708579
17-05-2043,145209340.9,149868843,142971981.7,144344726.7,144344726.7,4088261
18-05-2043,144431733.4,150501586.9,138296468.2,144916026,144916026,3239939
19-05-2043,143291058.7,144448895.4,140053166.2,141885785.2,141885785.2,4253608
20-05-2043,141148754.8,142685079.4,136328901,141259880.3,141259880.3,4568579
21-05-2043,143790956.2,148144340.6,138094958.8,144165679.5,144165679.5,3681773
22-05-2043,142314967.5,146670934.9,138295595,142452288.9,142452288.9,3302557
23-05-2043,144140664.2,148190393.6,143084674.8,144849747.6,144849747.6,4826157
24-05-2043,147119693,147813415.6,141579390.2,146732940.5,146732940.5,4063544
25-05-2043,142877480.8,146751398.7,143153086.9,144026013.2,144026013.2,3817346
26-05-2043,141396607.7,143009103.8,135344926.7,142289795.4,142289795.4,4581930
27-05-2043,140342072.3,147344169,136931389.6,140618083,140618083,3257443
28-05-2043,141535556.7,144511931.5,133574359.2,141257486.8,141257486.8,3754447
29-05-2043,141855434.2,147833705.5,140298057.6,142799255.5,142799255.5,3232309
30-05-2043,140164566.8,147731830,138738172.9,141578714.8,141578714.8,4557789
31-05-2043,144281880.2,148444985.6,141338547.4,145260914.5,145260914.5,3852958
01-06-2043,147330200.6,149905143.1,142339682.4,146642983.4,146642983.4,1995680
02-06-2043,145981239.9,155191416.7,145790357.2,146912800.4,146912800.4,4335899
03-06-2043,149426583,153322078,146566354.9,148155009.4,148155009.4,2376698
04-06-2043,144217494.2,144049538.8,140592194,142825549,142825549,2832262
05-06-2043,142266891.2,146057126.4,139112291.8,143016536.9,143016536.9,2893836
06-06-2043,145434817.3,146281494.6,139429985.1,144227013.3,144227013.3,2334200
07-06-2043,145859503.4,154606045,144511006.7,147000943.9,147000943.9,4233145
08-06-2043,147135992.4,152336231.6,142333304.9,145869279.3,145869279.3,2759951
09-06-2043,147037396.6,155111336.8,145047512.4,148313543.6,148313543.6,2547761
10-06-2043,151100538.5,151144034,146708632.6,149667767.6,149667767.6,3175547
11-06-2043,151160023.6,150891428.6,144025591.3,149716964,149716964,3237574
12-06-2043,145790023,154422764.3,139535914.3,146366478.8,146366478.8,4224442
13-06-2043,146880398.5,148794721.7,143765668.1,146464685.7,146464685.7,3640886
14-06-2043,148073899.9,149984298.8,143624456.7,146968738.5,146968738.5,2851643
15-06-2043,147633002,148688683.6,146139631.1,147655868.9,147655868.9,3662016
16-06-2043,147434313.7,155734113.9,147074024.1,148910954.6,148910954.6,3818147
17-06-2043,151110809.2,154429112.2,148602312.3,150577470.9,150577470.9,4025600
18-06-2043,148721361.4,154442629.5,143171691.7,147521284.2,147521284.2,4017787
19-06-2043,144724298.6,148087302.4,142844472.4,146145495,146145495,2958892
20-06-2043,144643931,146521611.2,136264620.8,145724285.4,145724285.4,4556333
21-06-2043,145255909.4,150022380.5,144131567.8,145745273.5,145745273.5,5968306
22-06-2043,146660472.6,146211074.3,138619763.7,145407067.7,145407067.7,4492428
23-06-2043,147866511.5,149867845.6,142835551.5,147452365.9,147452365.9,670243
24-06-2043,148143836.2,152026731.7,142367561.6,148707777.4,148707777.4,4187593
25-06-2043,148431118.8,148940932.9,143645905,148066789.4,148066789.4,3370943
26-06-2043,148950086.6,153427978.5,144000746.7,149080791,149080791,2810401
27-06-2043,147673225.9,151590085.2,145002655.6,148023445.4,148023445.4,5350734
28-06-2043,134126297.4,135061025.9,129538902.5,133394519.6,133394519.6,3300157
29-06-2043,131333960.2,135317861.2,128431173.2,131713050.8,131713050.8,2974701
30-06-2043,133302789.6,137358063.7,125329216.2,133347311.1,133347311.1,5156593
01-07-2043,134523143,136722986.6,131183795.8,133535131.4,133535131.4,3155840
02-07-2043,130302181.1,132897221.1,125084343.5,131565328.3,131565328.3,3783268
03-07-2043,132637121.5,139258099.9,131925316.9,133215765.4,133215765.4,4256527
04-07-2043,135795142.8,141313076.6,131204269.6,134874844.7,134874844.7,3757601
05-07-2043,132442855.6,139131678.9,130882321.5,133293336.6,133293336.6,4106135
06-07-2043,133268711.4,133430185.7,131661166.1,132525601.1,132525601.1,4359377
07-07-2043,129949935.4,137139389.6,129597402.2,130553164.9,130553164.9,4678054
08-07-2043,128578594,131930396.2,125302895.8,128371212.4,128371212.4,3794963
09-07-2043,126736541.2,128625585.4,124442771,127766396.6,127766396.6,3475577
10-07-2043,127978327,130669824.1,125882394.3,127591237,127591237,4361067
11-07-2043,127310391.8,133080093.3,121441938.7,128033883.4,128033883.4,3070235
12-07-2043,128747961.6,129889050.6,126353677.7,128561274.4,128561274.4,4903926
13-07-2043,127804526.5,130263543.6,124190195.9,127737570.8,127737570.8,3256483
14-07-2043,134947251.7,138761349.6,126607393.4,135693008.5,135693008.5,3663022
15-07-2043,134433001.4,139140022.6,130776475.8,134725696.9,134725696.9,3193776
16-07-2043,130952389.1,133309856.2,129618704,132173761.4,132173761.4,3383481
17-07-2043,133176164.8,137982019.1,129209671.3,132192233,132192233,4070855
18-07-2043,133361000.1,134898204.9,126374308.5,133085119.9,133085119.9,4096707
19-07-2043,128318557.6,135913981.3,124115812.3,129359551.3,129359551.3,4709746
20-07-2043,128731395.7,131271130.4,127322204.8,130020211.5,130020211.5,3548318
21-07-2043,127290686.1,128428950.9,120731398.9,126416724.7,126416724.7,4887666
22-07-2043,127078707.2,133455584.5,123991462.1,127449545.3,127449545.3,4493716
23-07-2043,128915777.9,134343918.7,125576901.8,128029461.6,128029461.6,5993680
24-07-2043,127867506.4,132866513,124593387.2,128774535.3,128774535.3,1847230
25-07-2043,127656748.5,134493209.7,127382156,128848458.2,128848458.2,2684224
26-07-2043,131972144.1,133785614.6,126945015,132241010.7,132241010.7,4448069
27-07-2043,130295825.9,138007880.2,126868098.1,131505097.2,131505097.2,3818460
28-07-2043,133449644.6,135653388.4,125331550.2,132176715,132176715,4671907
29-07-2043,126088281.1,128664119.8,124204438.2,127070984.3,127070984.3,4216129
30-07-2043,127067064.5,129451038.5,124337809.2,127538982.1,127538982.1,3757296
31-07-2043,126155389.7,135155181,126672590.5,127155982.5,127155982.5,3729891
01-08-2043,130233577.7,135186675.2,124760023.3,130328171.8,130328171.8,3932467
02-08-2043,132259552.7,136657350.7,130855682.6,131951162.2,131951162.2,4301231
03-08-2043,136042203.2,138310945.5,131314537.5,134781524.6,134781524.6,4059805
04-08-2043,138378148.8,141136057.9,135649980.5,138022287.8,138022287.8,1990441
05-08-2043,138966252.9,148209879.2,139054268.9,140275548.3,140275548.3,4646673
06-08-2043,136907981.6,141942107.8,133209003.8,136314026,136314026,2292169
07-08-2043,136212511.4,137571111.8,134667476.6,136033731.7,136033731.7,1584220
08-08-2043,127557468.5,133250915.9,125102777.9,128301629.1,128301629.1,3707524
09-08-2043,128053683.5,133008576.8,126734557.6,128981032.3,128981032.3,3937507
10-08-2043,128207871.6,136428506.5,126209234.4,129299646.4,129299646.4,2537104
11-08-2043,128116942.1,134684683.6,125641312.1,128393672,128393672,4061288
12-08-2043,129885665.8,133647049.2,122651086.4,129012232.8,129012232.8,5079525
13-08-2043,128138218.3,134115701,128450055.1,129119230,129119230,2420310
14-08-2043,127807448.2,131878785.7,123223511.7,128484734.6,128484734.6,4166025
15-08-2043,128694393.6,135858167.9,126960100.8,129754516.6,129754516.6,3736397
16-08-2043,126693001.8,130137580.3,120412704.6,126976726.6,126976726.6,5557137
17-08-2043,130635629.6,133515831.6,128327222.8,130158547.5,130158547.5,3047055
18-08-2043,126390005.6,130171804,125137093,127159218.6,127159218.6,4799986
19-08-2043,124916016.3,126631925.5,124091414.5,125242350.1,125242350.1,406981
20-08-2043,126780237.3,128600750.6,122797149.4,127231327.9,127231327.9,5586063
21-08-2043,125876400.8,128235745.5,124157012.7,125789413,125789413,4369502
22-08-2043,124422535.6,130745297.6,121015971.3,124671042.1,124671042.1,4408497
23-08-2043,127055577.3,129153942,121449564.2,125934865.4,125934865.4,2296158
24-08-2043,125242168.3,127526178.5,124068594.4,125959802.8,125959802.8,4019271
25-08-2043,125261411.1,127620624.5,121459488.1,125256494.5,125256494.5,4583887
26-08-2043,123629546.9,128591243.1,119459300.9,124862713.9,124862713.9,707723
27-08-2043,122552209.6,124231642,118247611,121707009.4,121707009.4,1789447
28-08-2043,123164822.8,127092238.1,122519816.9,124288389.1,124288389.1,4079756
29-08-2043,127767198.2,131379698.4,125440706.8,126652790.6,126652790.6,3909077
30-08-2043,126840956.6,130594089.1,121385439,126614651.1,126614651.1,2988421
31-08-2043,124189019.2,126013366.4,123468268,124487746.2,124487746.2,2558330
01-09-2043,125251708.6,125928210.7,121463405.3,124670512.8,124670512.8,3512355
02-09-2043,123719843.4,130721432,120049999.6,124054030.1,124054030.1,4717088
03-09-2043,122650451.5,125054464.1,116810128.3,121794144.6,121794144.6,2911109
04-09-2043,123644670.2,123287827.5,120112468,122642609.5,122642609.5,4735393
05-09-2043,121850553.9,126082443,120237285.1,122752532,122752532,2184468
06-09-2043,121719022.9,121249074.4,118141013.8,120700952.5,120700952.5,7486218
07-09-2043,124055536.1,124545842.6,123562483.4,124038150,124038150,3558401
08-09-2043,126004415.3,130318251.2,120661325.2,125570654,125570654,4435382
09-09-2043,122071071.4,125809282.8,122418478.4,123283140.2,123283140.2,3519870
10-09-2043,126053305.7,125893170.5,124077625.7,125235529.2,125235529.2,2601871
11-09-2043,124102019.6,126564808,121528862.8,124899768.6,124899768.6,2733767
12-09-2043,126535756.6,128203106.2,126033895.7,126632390.4,126632390.4,2999389
13-09-2043,127821007.7,130100679.2,124512760,127669098.7,127669098.7,2670234
14-09-2043,126925588.3,127648751.6,124956339.5,126822118.7,126822118.7,4562693
15-09-2043,125602822.7,127223443.8,124376772,126004836.9,126004836.9,3249517
16-09-2043,125974464.8,131329778.9,122542982.8,125423325.9,125423325.9,3807254
17-09-2043,124295589.7,127496466.7,122332557.4,123952643.9,123952643.9,3572128
18-09-2043,125168023.3,129052448.9,122709924.6,124437830.1,124437830.1,4253948
19-09-2043,125593259,128772054.3,122886948.4,125877373.3,125877373.3,2987761
20-09-2043,128213961.9,128439494.1,121351054.4,127699679.8,127699679.8,3978718
21-09-2043,128843832.1,130070203.6,122807079.6,128572297.1,128572297.1,4015225
22-09-2043,130199610.4,133249981.3,129193166.8,130407913.6,130407913.6,1772064
23-09-2043,129534724.8,131428484.6,125289666,130069834,130069834,4931349
24-09-2043,130970312.5,139513132.4,128744571.5,130804209.7,130804209.7,2992430
25-09-2043,130135128.9,133131832.5,129219644.6,129880630.9,129880630.9,3372783
26-09-2043,134232226,134526737.3,129003970,133438470.1,133438470.1,3221625
27-09-2043,138400640.7,140076693.3,130643733.3,137225244.6,137225244.6,2738698
28-09-2043,136987029.4,139670302.4,134597359.3,136903505.7,136903505.7,4212401
29-09-2043,133764041.1,135085180.1,128894066.7,133368093.1,133368093.1,4235314
30-09-2043,134942151.3,139450752.9,134156446.2,135162494.2,135162494.2,3426846
01-10-2043,134080367.6,139919034.4,129673253,135264842.4,135264842.4,5182189
02-10-2043,134532276.3,142358257.1,130512764.5,135308856.2,135308856.2,2770947
03-10-2043,132799700,137757417.3,130739444,133113756.9,133113756.9,3355585
04-10-2043,135040624.2,135170953.2,131957088.6,133994540.7,133994540.7,5001539
05-10-2043,134785747.2,136717235.2,133231858.8,135984974.2,135984974.2,4925072
06-10-2043,135765843.9,136183140.3,133734298.1,134737344.5,134737344.5,3074913
07-10-2043,135203851.5,137316284.8,129358328.9,133992503.9,133992503.9,2909195
08-10-2043,133954834.2,138456407.8,130266137.2,135301976.2,135301976.2,4190278
09-10-2043,137164400,139440913.3,136478565.9,138441989.8,138441989.8,3210873
10-10-2043,135336346.8,138961334.8,133507985.4,136430757.4,136430757.4,4922807
11-10-2043,137175031.5,139817403.6,134522613.2,138428957.9,138428957.9,5020556
12-10-2043,139644056.7,142705111.1,132620553,138526828.3,138526828.3,4666648
13-10-2043,140286501.9,146300349.9,137378912.5,139195849.5,139195849.5,4043711
14-10-2043,137248164.2,145781000,134976321.1,138279609.7,138279609.7,3989170
15-10-2043,141233768.1,148194278.8,140340502.7,141215150,141215150,3887841
16-10-2043,144336148.3,146678517.1,139192165.7,145352588.9,145352588.9,4801085
17-10-2043,147150486,151328632.6,144155027.1,145954013.7,145954013.7,4306451
18-10-2043,150791641.8,155768358.8,146389297.8,151183784.5,151183784.5,4652212
19-10-2043,159612781.2,161837295.5,158483633.1,159611569.7,159611569.7,5244151
20-10-2043,158540228.1,168198485.7,151487983.3,158859566.2,158859566.2,3950406
21-10-2043,156459981,162040145.5,153824665.4,157822725.7,157822725.7,3995933
22-10-2043,159380023.1,162798298.2,155718015.4,158750313.4,158750313.4,2973055
23-10-2043,157253622.1,160141539.7,151591019.3,155935771.5,155935771.5,3498363
24-10-2043,156323943.2,164231782.7,145863903.7,155404718.1,155404718.1,4302073
25-10-2043,159305185.9,160409202.2,153000871,158086508.8,158086508.8,4076752
26-10-2043,159579448.7,163979103.5,159492636.3,160484620.7,160484620.7,3121778
27-10-2043,158086744.2,163089306,152983877.5,158373287.3,158373287.3,4504255
28-10-2043,160393164.7,162537429.8,160227060.6,160870483.7,160870483.7,4661215
29-10-2043,160001755.3,160345853.4,156137668.6,158980473.3,158980473.3,2990481
30-10-2043,159342381.1,166435879.6,157034299.1,160851421.7,160851421.7,3930790
31-10-2043,158346486.5,169273225.5,154957404.6,159715686.5,159715686.5,3500001
01-11-2043,153575478.1,156676744.2,151210330.4,154843104.6,154843104.6,3185717
02-11-2043,154526706,155841065.6,151504080.2,154564599.1,154564599.1,3884023
03-11-2043,155683779.3,157840513.4,149123674.1,154915010.1,154915010.1,3940963
04-11-2043,153433326.8,158223862.8,149995797.8,154300762.8,154300762.8,3874663
05-11-2043,155142983,163483701.4,147905809.8,154231907.1,154231907.1,3698904
06-11-2043,155541783.2,158518969.1,151772025.9,154845135.2,154845135.2,2739650
07-11-2043,151455936.5,156046300.9,148754807.3,151829549.2,151829549.2,6160433
08-11-2043,153116133,157282711.2,151148421.6,153009592,153009592,825247
09-11-2043,156611823,158069880.7,145785350.6,156254892.7,156254892.7,4131430
10-11-2043,159774673.8,166794920.6,151410721.1,158943520.8,158943520.8,4786747
11-11-2043,156828763.8,160122512.9,153325729.5,158209998.2,158209998.2,4774262
12-11-2043,157730646.6,162396269.8,157142007.7,158287115.2,158287115.2,1384604
13-11-2043,157809603.7,165505294.3,156436644.6,157501675.3,157501675.3,2996896
14-11-2043,155405358,162982384.3,153362663.4,156322904.6,156322904.6,2633541
15-11-2043,157557134.5,161298730.6,150380219.2,156679778.3,156679778.3,2732518
16-11-2043,158398994.7,160043533.6,157704795.8,159413152.1,159413152.1,5519531
17-11-2043,164616754.3,168096324,160478552.4,163508610.1,163508610.1,1715458
18-11-2043,175438197.1,181161798,171179342.9,175569195.6,175569195.6,3096190
19-11-2043,180512549.3,185456356.6,175037587.7,178782604.1,178782604.1,4502108
20-11-2043,181072356.8,186930322.6,175486947.2,179897456.1,179897456.1,3636369
21-11-2043,178278542,186340065.1,173789331.4,177709287.5,177709287.5,2007642
22-11-2043,179547394,181332565.3,175195751.6,178424133,178424133,4397960
23-11-2043,176595015,180861552.7,174326334.9,177484157.2,177484157.2,5281115
24-11-2043,176921649.3,178201377.9,174587306.2,175872511.5,175872511.5,2876197
25-11-2043,178486288.2,184517056.4,172047737.1,179142190.3,179142190.3,4727478
26-11-2043,176119566.7,179071042.6,169074825.5,176975020.7,176975020.7,4815928
27-11-2043,185467847.7,187956618.9,178171075.6,185410821.2,185410821.2,3412440
28-11-2043,179159163,181340047.5,166434738.8,179447575.2,179447575.2,2789027
29-11-2043,174857711.7,179216331.5,166944075.1,175866308.5,175866308.5,2197162
30-11-2043,173886627.4,183884922.5,171774249.2,174211053.1,174211053.1,5688461
01-12-2043,178117709.7,182159769.3,173081643.4,177454542.5,177454542.5,3327809
02-12-2043,174377454.3,178944148.5,168319874.1,173655588.5,173655588.5,2546554
03-12-2043,173534041.3,176386993.2,166608720.4,173755894.1,173755894.1,4645306
04-12-2043,170613539.3,175167107.2,164494043.4,170190898,170190898,5728312
05-12-2043,171626857.6,177368482.7,168382127.4,171053345.3,171053345.3,3589007
06-12-2043,171289474.5,171908903.6,165543565.1,170358591.2,170358591.2,4274827
07-12-2043,169421753.7,176238398,169308510.7,170595384.8,170595384.8,3167491
08-12-2043,171673950.3,180784953.1,171740755,172716391.3,172716391.3,4671775
09-12-2043,175961423.4,179381353.6,172747114.8,175848641.1,175848641.1,5073784
10-12-2043,171291549.7,174819647,169516248.9,172592992.1,172592992.1,3398879
11-12-2043,170037359.5,175835225,164492272.1,170541746.5,170541746.5,4473174
12-12-2043,169172340.5,173392653.9,165561510.5,170880194.2,170880194.2,5717776
13-12-2043,171164251.4,174742110.6,166161799.6,170665590.8,170665590.8,3491789
14-12-2043,170447515.7,173241157.2,163614482,171756514.2,171756514.2,4146384
15-12-2043,170761500.8,171245933.3,164227278.1,170009503,170009503,3643057
16-12-2043,171444575,177432934.7,168734104.1,172845065.9,172845065.9,2649742
17-12-2043,170594806.9,171792481.6,166311418.6,170357245.4,170357245.4,3007083
18-12-2043,174185675.4,177550668,167632121.1,172877289.5,172877289.5,3792171
19-12-2043,175893757.7,177681075.9,162916466.5,174181035.9,174181035.9,3914935
20-12-2043,174834034.1,175211549.4,169424321.8,173516488.2,173516488.2,5854943
21-12-2043,166203470,170725888.1,164231452,166884969.8,166884969.8,2551567
22-12-2043,167424325,169689070.8,159794518.6,166471653.4,166471653.4,3256258
23-12-2043,169329031,174620965.2,164581841,168251654.5,168251654.5,1112676
24-12-2043,169574558.4,173299580.2,163937974.3,168658153.6,168658153.6,3416155
25-12-2043,171782625.4,171368996.3,163722081.5,170306403.9,170306403.9,1218731
26-12-2043,168961949.6,176311510.3,167479828,170156954.1,170156954.1,4174769
27-12-2043,171060082.7,174639276.5,158778554.5,169420571.1,169420571.1,3983736
28-12-2043,170184759.5,172336195.6,167050164.4,169488038.6,169488038.6,4078630
29-12-2043,166857570.8,167930942,158877497.6,166826422.2,166826422.2,4473234
30-12-2043,166236403.8,169052711.6,159712606.6,165220165.7,165220165.7,3789309
31-12-2043,164285030.6,171030994.1,160824375.5,165309066.4,165309066.4,4884836
01-01-2044,176442724.3,178909888.1,171802052.3,176669806,176669806,4761189
02-01-2044,177049688,181290686.7,168034528.7,178282945.8,178282945.8,4403851
03-01-2044,178730690,180879683.2,174866625.2,178479360.8,178479360.8,2679202
04-01-2044,179134292.1,180450939,170096821,178051640.8,178051640.8,3787558
05-01-2044,181663467,185883537.1,172196025.4,182894260.5,182894260.5,5984244
06-01-2044,183796849.8,191645859.7,176703245.4,183346053.2,183346053.2,4208008
07-01-2044,183435780.9,187235461.9,178979960.5,184519127.5,184519127.5,3541948
08-01-2044,186187071.3,188296359,179735562.6,184769812.9,184769812.9,1905246
09-01-2044,183006218.9,193954600.6,175110644.3,183745683.5,183745683.5,2954686
10-01-2044,185320926.3,196221761.2,182798589.6,184484810.8,184484810.8,3066273
11-01-2044,189248449.8,193709577.3,182204663.7,187715854.8,187715854.8,1340738
12-01-2044,185104128,191251321.2,184298463.5,185591269,185591269,4266520
13-01-2044,184431942.1,187260884.2,176823345.4,185993768.8,185993768.8,3074384
14-01-2044,180264487.1,186628453.2,178964053,181891036.5,181891036.5,5460546
15-01-2044,185105737.5,190148952.1,180459479.4,183506620.7,183506620.7,2334199
16-01-2044,182697419.5,185250076.1,180699035.2,182386380,182386380,4799480
17-01-2044,181298648.1,191953254.7,176399891.9,182482603.8,182482603.8,2861825
18-01-2044,186007178,189943428.4,184361056.2,185622523.9,185622523.9,3748373
19-01-2044,186930205.1,191060065.3,183487145.4,187317409.3,187317409.3,2287875
20-01-2044,188303735.2,198838218.9,185204334,189012467.7,189012467.7,1873202
21-01-2044,187069252,193529876.7,179788040,186677403.2,186677403.2,3944760
22-01-2044,188404255.9,190709811.9,187573427.6,190176420.4,190176420.4,5392783
23-01-2044,189258097.2,194490938.7,176329236.8,188914755.5,188914755.5,2312312
24-01-2044,189340713.9,193389936.4,183193240.6,190664286.5,190664286.5,4193294
25-01-2044,192486067.5,196415742,185771855.2,190695248.4,190695248.4,3793663
26-01-2044,190909984.1,195678254.6,189790846.2,191613958.8,191613958.8,3590192
27-01-2044,190474604.3,195741967.6,186484716.2,190800674.7,190800674.7,3899960
28-01-2044,188855166.4,194006838.6,187906640.9,189736717.6,189736717.6,4988129
29-01-2044,192692842.8,201893584.5,184116224.9,191224970.9,191224970.9,2564684
30-01-2044,190974797,196300108.7,180773112.6,190384918.2,190384918.2,4977351
31-01-2044,188884223.9,194765874.1,183433516.4,189987239.4,189987239.4,2554123
01-02-2044,192849503.4,199417291.7,182274274.2,193313568.5,193313568.5,3747268
02-02-2044,192755539.2,195313477.7,184839421.1,191624179.8,191624179.8,4929648
03-02-2044,210373901,223930269.4,208140087.5,210397925,210397925,3310456
04-02-2044,212382418.5,223638250.2,208608128.7,212109145.8,212109145.8,4810382
05-02-2044,214510639.2,217914868.9,204302075.8,213776365.8,213776365.8,4368245
06-02-2044,222872915.8,224712452.4,219143980.7,221719069.4,221719069.4,3515448
07-02-2044,221449009.5,230562061.9,213245030.1,223593796.7,223593796.7,3974047
08-02-2044,221512419.6,224212355.8,217293748.1,220104879.9,220104879.9,2885903
09-02-2044,221874553.1,221691286,209034961.9,219987832.3,219987832.3,2097197
10-02-2044,219061299,219134918.2,207186039.1,216948141.7,216948141.7,3492312
11-02-2044,216855788.6,221067256.2,212086427.5,217521004.4,217521004.4,2637655
12-02-2044,219707880.2,227094099.7,215564803.7,217942892.5,217942892.5,4266850
13-02-2044,221040542.6,226870737,217105020.1,219747531.6,219747531.6,3533880
14-02-2044,220287510.1,225037418,218263173,219367403,219367403,3895596
15-02-2044,222888738.1,223207463.6,218570226.3,221021752.5,221021752.5,4273597
16-02-2044,225281987,227464947.2,219697007.9,225371614,225371614,3613347
17-02-2044,230222237.5,232948597.9,217008092.9,228626271.3,228626271.3,3302092
18-02-2044,225190184.1,230737819.3,221737660.8,224922269.7,224922269.7,3118579
19-02-2044,228931901.2,230933806.8,221329812.1,228170437.9,228170437.9,2475640
20-02-2044,227002307.7,229277211.6,223034445.7,226950983.1,226950983.1,4218641
21-02-2044,230441865.5,233806798.2,222400802.4,230188832.7,230188832.7,5139590
22-02-2044,237179881.6,247008978.1,228021530.8,235742386.9,235742386.9,4298874
23-02-2044,231895701.6,240092986.7,230004422.8,232315261.3,232315261.3,3774612
24-02-2044,235981414.6,238276357.7,227900857,234547830.6,234547830.6,5618846
25-02-2044,229583125.7,233850852.3,225690247.3,231812178.1,231812178.1,3370274
26-02-2044,230796817,230729458.4,224824363.1,229631327.8,229631327.8,2714142
27-02-2044,246710953.1,253441667,234936917.5,245412565.8,245412565.8,4158732
28-02-2044,243763479.1,251445202.2,240717049,243880914.7,243880914.7,2282856
29-02-2044,246077143.1,254985306,240900988,246678759.2,246678759.2,3432763
01-03-2044,243985248.5,248344916.4,242017024.3,246075706.9,246075706.9,3835457
02-03-2044,250295499.7,257614699.3,243068917.5,250578254.4,250578254.4,2496341
03-03-2044,252029776.3,255592596.1,243685622.9,253452931.8,253452931.8,2756908
04-03-2044,253967082.5,260021319.5,238387679.9,252034869.7,252034869.7,4035760
05-03-2044,247397884.2,255303577.8,246781374.3,248224174.5,248224174.5,5990948
06-03-2044,242754498.1,254424615.2,236827937.1,243223455.5,243223455.5,3015051
07-03-2044,233873862.8,242027229.3,226841499.6,234144941.5,234144941.5,4970316
08-03-2044,229760402.6,232786744.7,222867121.1,229709835.2,229709835.2,6895574
09-03-2044,228672786.5,234613231.8,217468123.2,229230013.9,229230013.9,2498133
10-03-2044,229800235.4,239222164.8,221075620.5,231178180.1,231178180.1,6574795
11-03-2044,228747923.8,232908739,221945547.2,227016323.9,227016323.9,4132018
12-03-2044,229810610.9,246339888.5,227499252,231072810,231072810,5077708
13-03-2044,261639163,270681766,258115694,262756569.9,262756569.9,3166437
14-03-2044,271479193.5,273690731.3,262220569.4,268854479.4,268854479.4,3299168
15-03-2044,268892863.6,281495032,265002505.8,271438193.8,271438193.8,3323491
16-03-2044,268887361.7,278557686.9,257571823.4,271588368.6,271588368.6,3811838
17-03-2044,273720095.4,287892878.7,269424131.6,271970901.9,271970901.9,2338633
18-03-2044,284296778.3,286160792.3,272512556.2,281716063.8,281716063.8,4645751
19-03-2044,278630283.9,290272540.2,268335871.6,280637044.1,280637044.1,4530648
20-03-2044,280781844.9,287097053.1,270443925.1,280141942.7,280141942.7,5720387
21-03-2044,284806281.6,285987074.8,275930496.7,283656217,283656217,3828885
22-03-2044,280648019.2,287665882.1,268277281.6,283165536.5,283165536.5,2152627
23-03-2044,282176876.9,301271317.3,277007444.1,284152943.3,284152943.3,5048801
24-03-2044,284774316.7,296886308.6,271853043,282320395.3,282320395.3,2720045
25-03-2044,280202657.3,293243125.7,269261551,280749299,280749299,4504587
26-03-2044,274022902.8,279283050,274382316.5,276349469.9,276349469.9,3416003
27-03-2044,277980536,291155551.1,258167504.1,275480903,275480903,2284492
28-03-2044,277774888.5,280628341,271896551.5,277561550.9,277561550.9,4810905
29-03-2044,280320781.3,294033877.1,273204895.1,280840792.6,280840792.6,3527433
30-03-2044,276315389.3,282221010.2,269095055.5,276565377.2,276565377.2,5273890
31-03-2044,269519687.3,280953548.4,266157828.2,272231117.4,272231117.4,4736825
01-04-2044,273652849.3,287082262.2,273118535.5,276072825.8,276072825.8,2559423
02-04-2044,281001170.3,287472590.9,270659309.7,280907930.9,280907930.9,3602844
03-04-2044,286362653.3,292757930.5,278472280.5,284654666.7,284654666.7,4023815
04-04-2044,286661880.7,290733223.6,282305460.5,285899389.4,285899389.4,3937017
05-04-2044,292322143.8,293928341.3,284758514.3,289446752.5,289446752.5,4218540
06-04-2044,290918355.1,290995059.5,279936080.2,288054492.5,288054492.5,4231381
07-04-2044,289135071.5,294411721.8,283824346.9,291181268.3,291181268.3,4291147
08-04-2044,291173210.5,297334461.2,279752418.6,288764116.6,288764116.6,2354546
09-04-2044,293187908.2,297583343.6,279142904.1,291416749.8,291416749.8,2839775
10-04-2044,290229434.1,294213386.6,279446992.4,292155483.8,292155483.8,2896893
11-04-2044,292155574.7,299317234.6,287825633.1,292477352.5,292477352.5,3871227
12-04-2044,305296507,315358915.9,289736803.3,303739644.4,303739644.4,3797888
13-04-2044,303679971.1,314796912,294455488.3,302755918.7,302755918.7,3493772
14-04-2044,295971310.5,308640833.7,291444277.8,297019824.2,297019824.2,4753186
15-04-2044,292519305.7,301571018.6,287341507.2,294711625.1,294711625.1,2999164
16-04-2044,295622262,297066033,287857882.3,295736751.5,295736751.5,4228188
17-04-2044,284451892.7,297435278.9,284349078.3,285397625.2,285397625.2,2450136
18-04-2044,289064803.1,300607702.8,283753584.5,287636221.7,287636221.7,5425038
19-04-2044,290907724,298204822.3,281603612.6,290070743.4,290070743.4,5597297
20-04-2044,290430260.2,298098583.1,281137860.6,290346575.7,290346575.7,4581424
21-04-2044,293523984,298325154.1,281944266.4,293725995.5,293725995.5,4000187
22-04-2044,293664418.8,304063265.2,280209345.2,294330589.4,294330589.4,3285629
23-04-2044,291516316.9,297430443.7,286601046.8,292409560.2,292409560.2,3019991
24-04-2044,300054229.1,309475895.6,284106764.9,297634538.3,297634538.3,3320970
25-04-2044,290759471.5,296192968.1,278146795,288152802.5,288152802.5,3625959
26-04-2044,288286289.4,286805443.7,272792676.8,285984503.3,285984503.3,5832505
27-04-2044,280275550.8,282955718.5,276911689.3,280277060.5,280277060.5,3992648
28-04-2044,275774879.5,281761950.2,272662757.4,275171268.5,275171268.5,2184439
29-04-2044,279811532.3,294753565.5,275388262.5,281211421.8,281211421.8,3202774
30-04-2044,285964761.1,291202433.2,278732769,283307494.3,283307494.3,4502006
01-05-2044,267723717,275734191.6,259371446.3,268753702.5,268753702.5,3045974
02-05-2044,272443863.9,281327924.6,266585096.5,270281326.4,270281326.4,3106710
03-05-2044,268621305.3,276584624.9,262572326.1,267373367.9,267373367.9,3044685
04-05-2044,269130660,269555200.2,256218452.8,267160181.6,267160181.6,4386852
05-05-2044,247168156.5,248824632.6,239947307.3,246829357.9,246829357.9,4008206
06-05-2044,248810138.4,250402518.9,233448106.1,246513446.8,246513446.8,4228976
07-05-2044,246928371.4,247950959.5,239970344.5,245673922.9,245673922.9,4477371
08-05-2044,245994859.2,248369436.9,238231985.4,244610727.5,244610727.5,3123106
09-05-2044,241269689.2,244175310.1,240162490,243375173.1,243375173.1,4258193
10-05-2044,244965463.7,248473115.3,237552403.7,243493802.6,243493802.6,5457211
11-05-2044,243099430.7,245988857.1,228216341.3,243015931.8,243015931.8,1591504
12-05-2044,241265493.6,248202240.4,227716540.5,240160823.7,240160823.7,1609989
13-05-2044,244791615.1,246711851.4,242226478.6,243790713.9,243790713.9,4161459
14-05-2044,245531786.5,258355286.8,245639957.6,247271294.7,247271294.7,3633071
15-05-2044,254102468.9,264106341,243525098.3,251754974.8,251754974.8,5791818
16-05-2044,245945150,256732442.7,242172066.3,248385076.9,248385076.9,4822258
17-05-2044,247834884.6,254260256.4,244582088.2,248245004.8,248245004.8,4345283
18-05-2044,270220906.1,279101631.6,267341788,271993238.3,271993238.3,4496180
19-05-2044,270197493.2,275481964.3,264666675.6,269515201.3,269515201.3,1455824
20-05-2044,266997477.9,273432693.4,255969170.6,265539529.5,265539529.5,3175986
21-05-2044,269999294.4,275626392.4,264047749.4,270511473.4,270511473.4,5319345
22-05-2044,267089449.6,283130634.9,264282546.4,268953396.4,268953396.4,4077028
23-05-2044,269731034.8,273710051.9,253159459.2,267068898.7,267068898.7,2770124
24-05-2044,258560770.6,266193859.6,253453220.2,258873904.1,258873904.1,4671330
25-05-2044,258351202.1,268049257.6,250104138.3,260355024.5,260355024.5,4308155
26-05-2044,262210916.6,269958849.1,258431207.8,260529713.7,260529713.7,4088893
27-05-2044,262111180.2,268829759.5,252987527.8,260674855.8,260674855.8,3574577
28-05-2044,262192361.8,267792996.8,253628201.4,262623353.6,262623353.6,3227854
29-05-2044,261350642.9,268805746.2,255840093,261195932.6,261195932.6,2960720
30-05-2044,259266996.9,276041442.2,258143151.4,261525172.3,261525172.3,2132050
31-05-2044,254395731.3,255399727.5,245795950.3,253151501,253151501,5643109
01-06-2044,266446433.5,273130727,260103465.6,265218376.7,265218376.7,3447825
02-06-2044,267946745.1,272232894.1,257833857.2,268387334.5,268387334.5,2320468
03-06-2044,271914944,281778084.4,268973761.1,269717183.7,269717183.7,4011393
04-06-2044,270778251.3,281151528,265592990,268715072.3,268715072.3,4613556
05-06-2044,271191107.1,274383877.4,259477455.6,271306852.8,271306852.8,5488469
06-06-2044,268610486.2,273733556.4,264247520.3,266749371.9,266749371.9,5229482
07-06-2044,246641473.8,253700644.9,241197083.7,244501806.8,244501806.8,4815078
08-06-2044,247289877.2,248683361.2,240070508.5,246605980,246605980,4833191
09-06-2044,240974672.3,244404170.3,234229110.2,242319631.7,242319631.7,2985920
10-06-2044,247359858.8,247960110.4,230831137.2,246182103.5,246182103.5,3004996
11-06-2044,244821689.9,248854816.5,242779870,244259462.7,244259462.7,4022532
12-06-2044,240842078.5,246287249.3,233493313.2,241360084.4,241360084.4,2677954
13-06-2044,240887875.1,246487290.8,230309946.5,241823544.9,241823544.9,4229184
14-06-2044,240122634.6,252144020.3,238684069.7,239998029.9,239998029.9,2612831
15-06-2044,237953913.7,239178848.6,225180985,236141695.2,236141695.2,4011997
16-06-2044,234486064.9,238061237.9,230361141.9,235640266,235640266,2165262
17-06-2044,232082651,246110919.9,226123015.8,234324546.5,234324546.5,2228235
18-06-2044,235992920.8,240312450.1,226335469.2,234024699.4,234024699.4,5081155
19-06-2044,231537374.5,236618159.2,218087350.7,231255772.3,231255772.3,2518409
20-06-2044,248086742.6,247506689,239269443.1,245658276.4,245658276.4,3023778
21-06-2044,250615917.8,263758546.7,250773469.2,252855776.9,252855776.9,4958287
22-06-2044,249387337,261189389.1,240853642.4,251187860.6,251187860.6,2538981
23-06-2044,249665970.8,259460557.4,247560798.9,249782471.4,249782471.4,4951413
24-06-2044,251797628.4,251458046,239870392.5,249416794.1,249416794.1,4353295
25-06-2044,253283129.1,260532534.2,247485487.5,251063200.7,251063200.7,3350244
26-06-2044,250322836.7,263371367.2,243934981.9,250211193.6,250211193.6,2059101
27-06-2044,250073672.2,257417013.8,243915564.7,249420598.8,249420598.8,3760228
28-06-2044,248849563.3,251233433.2,243319652.5,250079206.8,250079206.8,5081958
29-06-2044,253923806.8,257447463.2,247846605.2,255525383.2,255525383.2,3418655
30-06-2044,256574490.4,268389214.3,238390733.5,256041713.6,256041713.6,2995207
01-07-2044,256280981.4,268061671,253995857.2,256441003.4,256441003.4,2817098
02-07-2044,259791967.9,276323519.7,251628731,259312340.1,259312340.1,2770625
03-07-2044,257223958.6,270834590.8,256373628.7,259438737.9,259438737.9,5716719
04-07-2044,259063316.7,273104249.6,255637196.4,260245603.6,260245603.6,3183986
05-07-2044,258423901.1,261556053.7,254267385.8,257490956.7,257490956.7,4160825
06-07-2044,258662019.8,264126577.3,244483986.4,256277798.4,256277798.4,4237948
07-07-2044,258724998.6,266154205,253611811.7,258211241,258211241,3584171
08-07-2044,261812176.4,270533879.3,251987591.8,262786216.7,262786216.7,2247083
09-07-2044,257125826.3,267664589.8,252949770.1,258965938.9,258965938.9,3217708
10-07-2044,264506004.6,273723729.7,255604569.3,263499959,263499959,2554493
11-07-2044,276532253.6,283632268.1,256174903.3,274469775.5,274469775.5,4696170
12-07-2044,272092245.4,279831549.6,270799113.9,271827095.4,271827095.4,3440770
13-07-2044,274134812.6,280672254,257989683,272829038.7,272829038.7,2695991
14-07-2044,277565747.4,277884107.1,273546243.4,275071120.1,275071120.1,5761135
15-07-2044,280906058.9,287414364.5,275969071,278807229.4,278807229.4,4487579
16-07-2044,280625201.7,289859020.8,265187357.1,279572304.8,279572304.8,3440444
17-07-2044,286997072,294886802.8,272094572,284382816.4,284382816.4,3619437
18-07-2044,279049626.2,284215099,273744501.3,279439855.1,279439855.1,3517554
19-07-2044,282775212.9,297584094.8,277634877.5,285525442.1,285525442.1,3479469
20-07-2044,287417097.7,299972899.3,279340392.7,285922314.3,285922314.3,4009865
21-07-2044,284692073.8,291150932.5,281767866.6,286192884.5,286192884.5,3658696
22-07-2044,287207244.3,289711818.2,274391620,284612141.1,284612141.1,5458730
23-07-2044,285795384.3,288326572.2,274627860.4,284769604.5,284769604.5,3379755
24-07-2044,287148018.7,295003739.6,283150082.1,288946948.5,288946948.5,2820473
25-07-2044,288725781.3,296780619.1,280461329.7,287768768.8,287768768.8,4179577
26-07-2044,288023416.8,297744700.7,285591848.8,289735935.6,289735935.6,2541976
27-07-2044,288019995.8,298736399,278315377.5,289782985.8,289782985.8,3386481
28-07-2044,291719043.5,298853099,274367211.8,292250202.2,292250202.2,2483834
29-07-2044,290258501.6,291818899.3,280841024,289072463.4,289072463.4,3270391
30-07-2044,288554308.7,296390933,284708982.5,289740333.5,289740333.5,1406210
31-07-2044,286627097.6,287599616.6,280891351.9,284918980.9,284918980.9,2427275
01-08-2044,281043147.4,289727191.9,269485100.2,280820379.8,280820379.8,3304478
02-08-2044,281329442.4,289729679,270781777.1,280168728.5,280168728.5,4711290
03-08-2044,272316610.5,279576746.1,267139856.3,272902240.6,272902240.6,4530435
04-08-2044,271701537.4,277847952.3,269147811.4,273016368.2,273016368.2,2460006
05-08-2044,272170476.1,281140772.3,268169402.5,273258138.4,273258138.4,5210087
06-08-2044,282697483,286738419.1,276302931.8,284071931.7,284071931.7,2454240
07-08-2044,282986866,290916313.3,279452730,282878582.4,282878582.4,4224953
08-08-2044,285921620.1,305248359.5,281554021.6,286338673.8,286338673.8,3300783
09-08-2044,286285963,286650805.4,275908926.5,285190239.4,285190239.4,5123542
10-08-2044,287662652.5,294566070.4,277524892.9,286318988.5,286318988.5,3780671
11-08-2044,285057781.4,290338134.5,277616941.3,282961969.8,282961969.8,4954607
12-08-2044,281353384.7,293384547.3,267061963.7,281812685.1,281812685.1,3280002
13-08-2044,279115342,280572486.9,272198130.9,277551757.9,277551757.9,2894331
14-08-2044,280413514.6,292539390,272963673.4,281695011.8,281695011.8,3016097
15-08-2044,277524614.4,290114547.7,273924561.2,279826621.7,279826621.7,3043665
16-08-2044,277365792,283213236.3,277401370.8,280077425.6,280077425.6,5007052
17-08-2044,281663774.3,287756579.4,270771273,279252492.6,279252492.6,2847874
18-08-2044,276787382.4,278167599.4,271037500.4,274135836.6,274135836.6,3549298
19-08-2044,277990102.8,288681991.8,266607243.3,276868161.6,276868161.6,4292635
20-08-2044,278988155,283563630.3,268215186.7,278202026.3,278202026.3,3399814
21-08-2044,279997658.9,284324622.6,276148793.6,279060674.6,279060674.6,3932563
22-08-2044,276494421.9,279708193.9,264103709.5,274678344.8,274678344.8,3622246
23-08-2044,271925382.8,281135464.2,266654610.5,273788740.3,273788740.3,4100060
24-08-2044,269655973.7,277105276.1,264403880.7,268014055.3,268014055.3,2368702
25-08-2044,264428486.3,270819875.6,260283378.4,266757602,266757602,1822047
26-08-2044,268747782.6,271069568.3,266413608,269393899.6,269393899.6,1928997
27-08-2044,270526085.5,274373233.9,268780577,270794777.5,270794777.5,2378095
28-08-2044,271764813.2,280484416,255789666.9,270513863.2,270513863.2,2189019
29-08-2044,271762348.6,274381110.6,264086721.2,273479036.8,273479036.8,5447136
30-08-2044,269967172.5,282480290.3,253816811.6,270536674.1,270536674.1,3031764
31-08-2044,254186088.3,258470161.1,247582987,253521097.5,253521097.5,3385837
01-09-2044,255195389.6,258618095.5,249286468.7,254455565.6,254455565.6,5511173
02-09-2044,257465398.6,271818710,248350246.3,255146708.5,255146708.5,3626771
03-09-2044,254260376.5,259422692.5,249232672.3,254174934.4,254174934.4,4691097
04-09-2044,254403218.6,265752913.1,250149206.3,255520882,255520882,4206203
05-09-2044,253479536.4,254159284.3,244401765.5,251529968.3,251529968.3,4862911
06-09-2044,256097235.2,265810035.8,250800167.2,255542614.3,255542614.3,3601321
07-09-2044,252941226.5,263935458.5,245530655.1,253137444.7,253137444.7,5941984
08-09-2044,253711488.8,267525957.6,252477061.9,255900338.2,255900338.2,4571324
09-09-2044,256364820.9,263271346.2,250584413.6,256644234.5,256644234.5,3128299
10-09-2044,256044671,260489058.5,254029120.4,256185445.1,256185445.1,3456802
11-09-2044,262421217.2,262933269.4,258279503.5,260696808.2,260696808.2,2279320
12-09-2044,260688136.3,273759420.7,249915098.3,261723246.6,261723246.6,5080768
13-09-2044,259130748.5,269288876,254028430.4,258167977.6,258167977.6,3437056
14-09-2044,259520820.5,269033492.2,246859375.1,261676063.2,261676063.2,2730209
15-09-2044,270076564.1,274755737.8,266328622.6,269342866.1,269342866.1,1912398
16-09-2044,272435431,281299707.1,265133216.9,272295204.1,272295204.1,4660401
17-09-2044,271891655.7,278285905.4,272342324.9,273372916.2,273372916.2,4322088
18-09-2044,279781026.8,281758683.3,266317238.7,278496924.3,278496924.3,3059020
19-09-2044,282665126.4,286879240.7,280091823.9,285475583.9,285475583.9,4732563
20-09-2044,291113137.8,292763875,286038550.5,290966160.5,290966160.5,4068969
21-09-2044,292640054.5,298076716.3,286397633,292848864.3,292848864.3,4079824
22-09-2044,286869730.3,294373561.9,286800892.1,288590656.8,288590656.8,2926298
23-09-2044,289918519.9,295483974.9,277819058.1,290853957,290853957,4125895
24-09-2044,282785453,286239086.6,279520879.7,281929119.2,281929119.2,1333442
25-09-2044,287012998.8,292842540.7,280098152.7,286483802.5,286483802.5,3009457
26-09-2044,285860659,286907336.1,277613680,285885349.8,285885349.8,3446139
27-09-2044,283312688.3,292725022.3,264650098.1,280878270.7,280878270.7,3858097
28-09-2044,255412404.4,263451489.2,245494671.9,253778129.7,253778129.7,4150566
29-09-2044,256593658.4,266324278.4,253951564.6,257129980.2,257129980.2,2937319
30-09-2044,254046674.6,259988973,247740678.2,252810645.9,252810645.9,3360116
01-10-2044,251929752.8,252587383.8,244296337.3,250470038.9,250470038.9,4440945
02-10-2044,251788297.2,252331829.8,247216459.8,250256245.6,250256245.6,4607809
03-10-2044,254466556,259649432.7,240862898.2,253829134.3,253829134.3,4402001
04-10-2044,248506700.7,249049313.7,243387564.2,246085353.8,246085353.8,3470233
05-10-2044,243551358.5,246886173,233408543.9,244925932.4,244925932.4,4066569
06-10-2044,242074540,257784445.3,237529843.4,243943594.5,243943594.5,1480128
07-10-2044,245970906.3,257632695.1,239531496.2,244888778.8,244888778.8,3040114
08-10-2044,250161250.5,259372467.7,236303381.4,250149235.4,250149235.4,6707474
09-10-2044,247610204.2,262659116.5,241369077.2,249186741.7,249186741.7,2662945
10-10-2044,253009799.6,261621932.5,249386885.7,255270591.8,255270591.8,3701435
11-10-2044,252012755.3,269261159.4,252893690.6,254220858.6,254220858.6,2739910
12-10-2044,249669953.4,264836207.1,250084642.2,252124423.4,252124423.4,4847496
13-10-2044,250848154.1,262034072.3,248976309.8,252302677.4,252302677.4,3782941
14-10-2044,260125515.7,267690278.6,240316561.8,258173921.1,258173921.1,3048561
15-10-2044,260184648.5,265320667.7,256898303.8,261803262.3,261803262.3,4809322
16-10-2044,260511890.4,263264546.8,252913283.1,260645715.8,260645715.8,3607762
17-10-2044,270751315.2,271944973.7,256838101,270009446.8,270009446.8,4945912
18-10-2044,275381942,276633046.7,271809531.6,273304024.2,273304024.2,2832719
19-10-2044,273272701.3,286946660.6,272265182.2,274015019.2,274015019.2,3561618
20-10-2044,275036612.4,280025858.1,263187487.2,276499808.2,276499808.2,4260328
21-10-2044,274703123.9,278732329.4,257656889.9,276753420.3,276753420.3,5167312
22-10-2044,277213081.5,284108050.8,272423423.6,275647201.3,275647201.3,3553465
23-10-2044,281727255.5,286812778.3,273902428.5,280012522.9,280012522.9,3113080
24-10-2044,288732346.3,290007496.7,278678186.1,286238006.2,286238006.2,5270128
25-10-2044,281644807.8,284617081.6,273991127,280663563.5,280663563.5,3355024
26-10-2044,284987857.9,285836359.3,265604744.9,282797211.1,282797211.1,3304255
27-10-2044,270177876,274278895.6,265634673.1,272624375.6,272624375.6,2463757
28-10-2044,273708696.7,285339934.2,271299675.4,276264391.1,276264391.1,3785436
29-10-2044,284124177.3,292586009.9,275275035.2,282043468,282043468,4604512
30-10-2044,284329892.1,290383480.2,267472695.1,281570032.4,281570032.4,4742927
31-10-2044,283272186.2,301714792.8,274605694.4,285643672.9,285643672.9,4633851
01-11-2044,278200970.9,287088447.8,264962140.5,279960177.6,279960177.6,6058231
02-11-2044,281096228.9,286921362.8,280082774.2,283584974,283584974,4530499
03-11-2044,286491974.5,291836457.7,282067848.1,285983320.9,285983320.9,4366503
04-11-2044,276707798.9,288208460.6,275601883.6,278057344.6,278057344.6,3197308
05-11-2044,277166509.2,284733417.6,268199107.6,276926368.2,276926368.2,4433259
06-11-2044,277184811.6,290780501.4,270401368.9,275037693,275037693,3936198
07-11-2044,275109549.5,275984484,269146019.1,273813496.2,273813496.2,3094258
08-11-2044,278630972.6,289674067.5,269328944.7,279626287.8,279626287.8,5455045
09-11-2044,277314229.7,283463681.6,273060031.4,279051309,279051309,4259875
10-11-2044,278979698.5,288083191.1,265720825.2,277784570.3,277784570.3,1698338
11-11-2044,275860148.4,286348697,268834148.5,273786318.2,273786318.2,2687176
12-11-2044,277634186.4,285517808.8,272029915.5,274917146.9,274917146.9,2127695
13-11-2044,273749803.6,273861965.4,259578900.4,272472908.3,272472908.3,5528043
14-11-2044,272499280.2,280806417,265193780.8,274011293.1,274011293.1,4129643
15-11-2044,275425036.2,292218532.5,266930716.4,274118084.5,274118084.5,2596564
16-11-2044,278571091.5,283226273.7,276631091,279078054.8,279078054.8,3523010
17-11-2044,275573878.9,280574685.7,270002846.8,278188797.1,278188797.1,4102551
18-11-2044,281610645,290608311,270231796.8,280835593.5,280835593.5,619785
19-11-2044,280199010.9,299534873.3,277786049.7,279294638.4,279294638.4,3755475
20-11-2044,274697025.1,283419892.5,269192549.7,274917606.4,274917606.4,3787226
21-11-2044,276296805.4,285471086.4,272086452.2,275873881.1,275873881.1,3090082
22-11-2044,272466094.7,291102549.6,272502172.2,273611992,273611992,5216483
23-11-2044,272082837.5,273693290.8,263522884,272259009,272259009,4376522
24-11-2044,271975052.7,275170534.8,268608769.8,272228347.9,272228347.9,3515177
25-11-2044,269613223.2,275408096.8,259794431.5,271748081.2,271748081.2,4382546
26-11-2044,269972651.7,275027945.8,256529747.6,269996850.6,269996850.6,3818234
27-11-2044,271622650.2,274078614,258682050.7,272133167.7,272133167.7,3352359
28-11-2044,270903256.7,282133416.4,261466777.8,272868398.7,272868398.7,2902005
29-11-2044,273304385.9,279925918.9,269497855.7,275490687.2,275490687.2,3466650
30-11-2044,267471499.8,272995050.7,261058556.9,269940657.5,269940657.5,5567413
01-12-2044,274201663.9,277310897.6,256773925.2,272134848.9,272134848.9,4711072
02-12-2044,269387970.9,280369666.5,258645083.7,269366366.9,269366366.9,3384752
03-12-2044,274833010.8,279057492.7,270083522.5,272236418.8,272236418.8,4461977
04-12-2044,273610201.9,274550041.1,268660935.2,272344830.2,272344830.2,3280226
05-12-2044,280944046.1,298616981.9,269909942.4,278275903.1,278275903.1,5387119
06-12-2044,278326113.6,281298153.5,275108390,277328209.2,277328209.2,3871408
07-12-2044,268700812.9,276048469.5,262543176.9,267502052,267502052,2847427
08-12-2044,263610317.6,269948364.5,264343620.9,266196431.1,266196431.1,3107496
09-12-2044,259305728.8,264179058.9,255876682.3,261379570.6,261379570.6,4541448
10-12-2044,259902041.8,265716135.3,253201254.9,258475438,258475438,5053960
11-12-2044,266864663,274688682.2,257364486.6,266718394.5,266718394.5,4715046
12-12-2044,260723381.8,263931944.3,256693209.2,262598990.8,262598990.8,4662778
13-12-2044,263375436.5,273512452.1,252587311.4,261108572.2,261108572.2,875314
14-12-2044,261865872.1,266682338,253823811.6,263022055.7,263022055.7,4596474
15-12-2044,260037161.6,268395350.5,254950584.7,261256658.8,261256658.8,3174965
16-12-2044,263495589.1,264847556.8,245352098.2,261966274.6,261966274.6,4134028
17-12-2044,262370445.4,267558572.1,255215397.9,260571650.7,260571650.7,4503669
18-12-2044,268865453.5,282012012.2,265696907.5,269366669.6,269366669.6,4473566
19-12-2044,266729722.2,277930293.8,256310781.7,267607329.6,267607329.6,2852695
20-12-2044,266629748.2,273185300.3,257671044,264728140.6,264728140.6,3493642
21-12-2044,258883468.9,261833367.2,249406105.1,260147252.5,260147252.5,5816041
22-12-2044,258353913.4,265555795.2,258467385.5,260950176.2,260950176.2,4266814
23-12-2044,260752986.3,266789089.8,252629241.1,259100541.4,259100541.4,2763358
24-12-2044,257719867.2,262576953.1,242904792.3,257678847.3,257678847.3,1474785
25-12-2044,246420778.7,250140604.5,244736122.7,248060774,248060774,4058181
26-12-2044,245744341.6,256772568.1,237227473.2,244996225.3,244996225.3,4246997
27-12-2044,244696835.4,251937193.2,243394176.8,247024875,247024875,4157913
28-12-2044,249004112.2,266216864.1,248409306.8,249853662.7,249853662.7,3650239
29-12-2044,244470298.3,248207918,226122461.3,244242856.1,244242856.1,3190402
30-12-2044,247134077.4,250001827,234471625.4,246265267.6,246265267.6,3464384
31-12-2044,243791208.7,253352460.8,233895128.7,245472193.8,245472193.8,3047221
01-01-2045,247749396.7,250232787.6,239839311.9,246692161.9,246692161.9,3048153
02-01-2045,247761809.9,251191338.7,238099907.7,246674369.9,246674369.9,1320259
03-01-2045,242685613.4,244840048.8,234666398.8,242530671.7,242530671.7,3514649
04-01-2045,246933838.1,257337742,236351637.6,246714256.2,246714256.2,3654909
05-01-2045,248527237.2,260519329.9,235895259.5,247641608.6,247641608.6,4028944
06-01-2045,256031905.4,262364569.6,235111243.2,254021402.1,254021402.1,3234021
07-01-2045,248641309.8,259099269.1,245394149.2,249227145.8,249227145.8,4368234
08-01-2045,242886087,253339933.8,242296715.3,245079942.9,245079942.9,4893822
09-01-2045,241860316,247331452.7,234894552.6,243438690.4,243438690.4,3642227
10-01-2045,245638429.5,254381507.1,246684818.2,247756885.8,247756885.8,3494743
11-01-2045,244353942.5,257828647.1,240271957,246028682.3,246028682.3,5516684
12-01-2045,241943587.1,253752545.7,242144446.8,243424518.7,243424518.7,3486293
13-01-2045,236550828.1,239555561.9,233764536.7,236610122.5,236610122.5,2483969
14-01-2045,242137151.9,245759192.1,232300813,240186345.9,240186345.9,4444513
15-01-2045,246608833.4,254644105.6,238575803.4,245414610.4,245414610.4,3696176
16-01-2045,244789494.9,247495252.5,238521101.7,246562009.7,246562009.7,3010442
17-01-2045,247462794.3,250009521.7,243997008.9,245294102.7,245294102.7,1333598
18-01-2045,245404725.9,255420586.7,236894027.1,244901015.8,244901015.8,3662124
19-01-2045,244932441.8,256439819.1,238680678.7,245156458.5,245156458.5,2267728
20-01-2045,242942464.3,250428314.2,239768078.8,242566595.3,242566595.3,3782792
21-01-2045,241861667.1,252614951.1,239265434.6,240169074.6,240169074.6,3176856
22-01-2045,248413395.7,254829375.7,242538168.5,248774725,248774725,5125838
23-01-2045,246415497.7,252485295.5,236081933.1,244296081.5,244296081.5,3766903
24-01-2045,241669303.2,243830373.1,238899574.4,242575176.8,242575176.8,2872779
25-01-2045,240531529.3,242745822.2,230515579.9,238156198,238156198,4470587
26-01-2045,239137188.6,242050306.1,225733190.4,239339806.5,239339806.5,5346881
27-01-2045,245846092.8,256341406.2,228513914.5,244476419.5,244476419.5,4388306
28-01-2045,243355388.7,255196883.4,229548518.6,243563370.4,243563370.4,3787468
29-01-2045,238548161.2,247405723.7,229778362.9,240464240.1,240464240.1,1622940
30-01-2045,239316001.4,242173228.8,234042650.4,239496285.6,239496285.6,2169561
31-01-2045,240710089.3,248350868.5,227984455.3,238386271.9,238386271.9,4271217
01-02-2045,236317267.2,238814663.7,233163127.5,237068450.2,237068450.2,2521583
02-02-2045,230265111.2,239507031.9,220328207.9,232111272.5,232111272.5,2716747
03-02-2045,234340832.2,235737690.9,222490416.4,232659459.8,232659459.8,2930612
04-02-2045,231058542.1,240141974.5,223274842.9,229897774.5,229897774.5,4335407
05-02-2045,227658439.1,233789821.9,221599636.3,229189699.6,229189699.6,4502463
06-02-2045,226055663.2,235387612.6,226733030.4,228109881.5,228109881.5,3500322
07-02-2045,225935087.9,236943488,219835155.2,226328381.7,226328381.7,2935229
08-02-2045,228731218.2,233345319.1,220500865.6,226499762.8,226499762.8,2744742
09-02-2045,223244985.8,228661996.6,222026300.1,225036798,225036798,4188908
10-02-2045,226485855.5,233856783.5,218173903.9,225546975.4,225546975.4,4703403
11-02-2045,228547224.3,239285181.9,226295106.8,228544765.7,228544765.7,4830130
12-02-2045,227145986.1,228930379.6,216015524,226736888.3,226736888.3,3528843
13-02-2045,225481150.2,230884334.9,214291369.1,224271498.7,224271498.7,2832639
14-02-2045,222609281.2,226013494.6,212089643,223955291.8,223955291.8,5302381
15-02-2045,228549575.5,238107705.7,223042690.8,226524545.9,226524545.9,3685249
16-02-2045,223495858.4,228989044.9,214128020.6,223230736,223230736,4418779
17-02-2045,222620015.6,233047293.1,215014587,224187814.1,224187814.1,4542022
18-02-2045,222108886.6,228463644.2,216678035.3,222486450.8,222486450.8,4096813
19-02-2045,219102512.1,227911657.1,211977302.8,220518167.5,220518167.5,3569294
20-02-2045,216021978.6,219011774,212872232,217747189.7,217747189.7,4815674
21-02-2045,215908723,223137681.9,212713960.9,215750922.3,215750922.3,2884334
22-02-2045,216962503.1,218279775.1,204493955.7,214934296.9,214934296.9,6235538
23-02-2045,221320934.8,224479317.7,215930094.5,220544040.1,220544040.1,2815124
24-02-2045,216634962.6,220189804.9,211043306.8,215591421.2,215591421.2,3290088
25-02-2045,216925232.8,216369173.5,209615803.9,215085944.6,215085944.6,3996702
26-02-2045,214587766.8,216869001.2,205239577.8,212898210.7,212898210.7,4557905
27-02-2045,215839395.8,225012613.7,208589019.2,216603330.1,216603330.1,3495895
28-02-2045,216823539,226762781.2,212711317.6,215149494.4,215149494.4,3353424
01-03-2045,213637450.6,227824041.4,209280521.4,215616098.4,215616098.4,3495302
02-03-2045,208870817.8,215464123.7,203852354,210486880.6,210486880.6,2283285
03-03-2045,211901500.3,222797945.5,204802498.6,213600550.5,213600550.5,3234918
04-03-2045,200891430.8,206581348.5,192274866.7,202627674.8,202627674.8,5114461
05-03-2045,202585391.2,207658007,196428361.1,202152593,202152593,4890579
06-03-2045,203897159.1,205824641.5,195520866.9,202651958.4,202651958.4,3601801
07-03-2045,202594296.7,208915441.9,196897669.4,204400565.5,204400565.5,3912164
08-03-2045,202576017.5,205053514.1,201893304.1,203012010.5,203012010.5,2851175
09-03-2045,200111937.6,210611225.1,197847540.5,200969710.8,200969710.8,4399468
10-03-2045,198270466.3,206419877.7,192540361.8,200152282.2,200152282.2,4435046
11-03-2045,202664706.9,204399192.5,195012662.1,201845018.6,201845018.6,5615396
12-03-2045,208904875.4,216520972.2,204681184.6,207374188.8,207374188.8,4735128
13-03-2045,209211444.9,212308628.3,199619857.7,210416203.5,210416203.5,4945538
14-03-2045,215477469,229910582.9,200384207.9,215679053,215679053,3830673
15-03-2045,219225162.9,233932120.4,206217009.6,218187430.3,218187430.3,3846008
16-03-2045,218832421.2,220387489.3,209554403.9,217189336.3,217189336.3,4207486
17-03-2045,208870794.8,212115296.3,202651217.1,209919310,209919310,3571451
18-03-2045,210426227.6,214182785.5,201780074.1,211164314.8,211164314.8,3975143
19-03-2045,213770867.8,221887931.9,213378341.5,215122306.2,215122306.2,5400879
20-03-2045,213879394.5,217098954.4,201631919.5,214804115.4,214804115.4,1587218
21-03-2045,213361676.1,219075730.2,204527804,214948241.5,214948241.5,3444368
22-03-2045,215054774.4,221744122.5,210369761.4,216153262.8,216153262.8,3832753
23-03-2045,216126566.4,230172029.7,216844657.9,217785821.9,217785821.9,4929084
24-03-2045,217916740.9,223305863.5,216276281.2,218316529.8,218316529.8,3888238
25-03-2045,222991228,224258543.8,216783772.5,221433417.7,221433417.7,4654018
26-03-2045,222160496.7,223938179.5,220339038.5,221913649.9,221913649.9,5345125
27-03-2045,225350172.2,230294969.3,224518317.9,226619178.4,226619178.4,3801349
28-03-2045,232278620,241031256.5,230451100.9,234236491.9,234236491.9,3702781
29-03-2045,231543421.9,244746265.2,228117420,233149614.7,233149614.7,5208698
30-03-2045,234582126,248863350.9,235083431.8,235982163.7,235982163.7,2371424
31-03-2045,222458142.5,228225833.3,216401316.3,222400498.2,222400498.2,2743155
01-04-2045,220740654,235585307.3,210314911.1,222000481.9,222000481.9,3636261
02-04-2045,229218639.2,241430597.4,219385545,227699384.9,227699384.9,3895020
03-04-2045,226517189,233245131.5,223919448.3,227135452.1,227135452.1,4393377
04-04-2045,226489946.3,226492402.5,217619161.8,225043987.1,225043987.1,4198841
05-04-2045,231454478.1,237707546,226527688.9,229942639.7,229942639.7,4220208
06-04-2045,235070734.9,239123333.9,230818690.2,232813286.5,232813286.5,4160854
07-04-2045,231307937.3,245066263.9,229988603.7,232059271,232059271,3588681
08-04-2045,232873612.7,234000895.1,229146788,231326532.8,231326532.8,4396232
09-04-2045,227622682,237842267.3,216181470.1,227854256.4,227854256.4,3663360
10-04-2045,222794370.3,234984791.7,220155681.4,224521607.1,224521607.1,3495387
11-04-2045,228592401.9,232428722.6,222798708.2,226766113.8,226766113.8,5136064
12-04-2045,258970590.8,264340658.8,245558260.5,258810741.8,258810741.8,3568511
13-04-2045,264171420.5,264690000.7,255080494.2,262090820.4,262090820.4,4684409
14-04-2045,261404507.3,270047601,255448540.6,262916405.3,262916405.3,3119229
15-04-2045,268239273.1,275685974.3,258685800.2,269838938.2,269838938.2,5841013
16-04-2045,266184356.5,266873542.8,259168052.2,265065833.1,265065833.1,3762900
17-04-2045,266231795.7,268286786.4,257112759.6,265965197.2,265965197.2,3606635
18-04-2045,267354456.5,280446729.8,258716979.3,269085840.3,269085840.3,4682131
19-04-2045,268579538.4,284704567,264118748.4,268055196.5,268055196.5,4353255
20-04-2045,250836573.7,265240047.9,250424391.4,252402838,252402838,1152562
21-04-2045,257544154.5,262728236.9,253391327.6,255521300.8,255521300.8,3590067
22-04-2045,253663483,261487107.4,253825208.3,254921271.5,254921271.5,3905330
23-04-2045,254579063.7,262628598.4,246359200.5,255363107.6,255363107.6,4107172
24-04-2045,256283162.5,261330446.4,244268696.4,253869195.5,253869195.5,3024971
25-04-2045,252732297.8,253825010.5,249587123.1,251161149.1,251161149.1,5586696
26-04-2045,252839912.3,257912059.5,245979516.8,251797836.1,251797836.1,3113305
27-04-2045,244344645.9,251576670.2,233707682,242879465.4,242879465.4,2552402
28-04-2045,246619837.9,248970695.9,243579708.3,247388179.2,247388179.2,3070834
29-04-2045,251673466,263028117.1,248475932.1,250796795.6,250796795.6,2473685
30-04-2045,249053705.2,262879781.5,238770532,249047387.5,249047387.5,2114262
01-05-2045,250470125.3,257872530.7,250003348.5,250897000.7,250897000.7,3423385
02-05-2045,250367994.9,255568217.9,240037772.8,251378774,251378774,3995194
03-05-2045,254402501.8,258375586.7,247212090,252228327.2,252228327.2,5068461
04-05-2045,252640790.7,262693086.1,250471626,254365601.3,254365601.3,4362304
05-05-2045,251563845.8,255368447.8,242751175.5,253420527.4,253420527.4,2868832
06-05-2045,254852033.1,259616772.8,247135366,254304212.5,254304212.5,1999885
07-05-2045,261395763.2,266635449.5,256044560.7,259216012.2,259216012.2,3934924
08-05-2045,263396901.9,265000021,256878618.2,261706311.4,261706311.4,854862
09-05-2045,260980976.4,267051827.5,251293228.4,262049736.1,262049736.1,3584680
10-05-2045,255080447.6,259231694.9,251903663.3,256359075.8,256359075.8,3672577
11-05-2045,254740814.3,266060663.4,254817420.6,257036005.2,257036005.2,4661260
12-05-2045,257618012.6,268223030.4,250660434.8,255886718,255886718,4470588
13-05-2045,257382438.8,262611200.9,255795846.5,257579863,257579863,3860580
14-05-2045,259466875.8,261590202.1,257309070.8,258478051.8,258478051.8,3972039
15-05-2045,254054864.7,268425441.2,244214153.9,254427251.8,254427251.8,4473667
16-05-2045,255572858.9,265339900.6,253261202.2,256876385.4,256876385.4,2662505
17-05-2045,257096948.7,257677772.5,250356890.7,255733024.9,255733024.9,3845961
18-05-2045,253421125.3,256665659.4,252614053.8,253988891.2,253988891.2,5480892
19-05-2045,252570446,265523644.3,245269849.2,253785237.3,253785237.3,6716580
20-05-2045,248520920.7,253968835.6,245580224.4,249894297.4,249894297.4,4613959
21-05-2045,250178802,258643197.6,245661122.6,248196689.7,248196689.7,2614420
22-05-2045,255246612,256065484.6,251047547.7,254184702.9,254184702.9,3673318
23-05-2045,256076644.4,261375668.3,247123411.8,254785159.9,254785159.9,3265266
24-05-2045,249474750.8,255131618.6,239640302.3,250119495.5,250119495.5,2375689
25-05-2045,249815357.2,262245718,247122880.3,251396896.3,251396896.3,4751715
26-05-2045,257233648.4,264014074.1,247954451.5,255055417.7,255055417.7,4413123
27-05-2045,255783086.8,270320742.2,237331733,253257709.5,253257709.5,3709374
28-05-2045,251776963.3,255409208.5,251788303,252886944.4,252886944.4,2700533
29-05-2045,250105571.5,268366164.8,248055993.4,251209246.5,251209246.5,3656287
30-05-2045,252276598.1,265978428.4,238122149.7,253932492.4,253932492.4,4027309
31-05-2045,255216580,257043937.6,252671906.7,255996562.6,255996562.6,3505224
01-06-2045,261913146.5,266191557.6,248284182,260547926.9,260547926.9,2818717
02-06-2045,270977605.8,283303475.9,261931492.7,270580726.9,270580726.9,3168085
03-06-2045,259712510.6,267589142.9,249242696.8,259401382,259401382,2793414
04-06-2045,261637240.2,261552574.5,258596839.5,259550291.2,259550291.2,3167711
05-06-2045,254913377,263726059.6,248956597.6,256506870.6,256506870.6,4528041
06-06-2045,254820717.7,265898957.4,250459865.1,256642199.1,256642199.1,4891096
07-06-2045,256190028.5,256989407.3,240421693.1,254444660.7,254444660.7,4757704
08-06-2045,255673771,258201018.3,253390406.6,254485979.9,254485979.9,3396000
09-06-2045,255334549.3,261856475,249403304.4,253619304.8,253619304.8,2991681
10-06-2045,251624510.6,253423373.1,242748375.3,250801539.6,250801539.6,4366366
11-06-2045,258698397.8,266569540.7,248995308.4,256637850.9,256637850.9,3437233
12-06-2045,254466098.2,263068001.8,253229323.1,256117974.8,256117974.8,4221764
13-06-2045,255684048.4,267288247.7,245850634.7,254997938.7,254997938.7,3795043
14-06-2045,252340250.4,259059831,249674658.3,253882800.8,253882800.8,2833652
15-06-2045,259930035.9,271350012.8,241130637.3,259624329.3,259624329.3,3796102
16-06-2045,258699748.4,267318889.9,253561646.7,259119460.4,259119460.4,2565680
17-06-2045,250277741.4,254433170.6,249596327.8,252403946.6,252403946.6,3138265
18-06-2045,258597585.9,271189827.1,245023653.2,257487472,257487472,4325255
19-06-2045,257855773.5,265294949,254558632.1,257659674.9,257659674.9,2895773
20-06-2045,268258611.4,275867470,263327747,266916132,266916132,3500197
21-06-2045,267229041.9,272264387.9,261431766.6,265505880.4,265505880.4,4847362
22-06-2045,266708106.9,266642571.3,262519011.6,264140557.4,264140557.4,5859559
23-06-2045,263088106.2,276602000.2,257310911.6,264518528.2,264518528.2,4081761
24-06-2045,264723255.2,273549383.2,259365161.9,263631463.8,263631463.8,2053419
25-06-2045,262609230.2,268164412.7,246290504.1,262494958,262494958,3723413
26-06-2045,259757087.6,268460540.2,258784332.2,261568928.1,261568928.1,5061678
27-06-2045,262131960.2,276877155.6,251840285.6,261465701.5,261465701.5,3152748
28-06-2045,262010550.1,274818175.4,258456424.8,263039075,263039075,3044139
29-06-2045,265308110.2,276163071.1,257130796.9,262899195.7,262899195.7,3577816
30-06-2045,259700431.7,275988948.3,251065919,258271324.8,258271324.8,4276673
01-07-2045,256280627.1,257831786,249258867.2,256283061.9,256283061.9,4443979
02-07-2045,259060131.8,265479523.3,253493395.2,260687116,260687116,2027792
03-07-2045,259592671.3,274511828,252278115.2,258580607.9,258580607.9,1643363
04-07-2045,255675193.5,257685505.3,246111353.7,254106097.5,254106097.5,3106061
05-07-2045,252262781.4,257642153.7,248006034,253132828.6,253132828.6,3829770
06-07-2045,254939588.9,255938119.5,248144361.2,253699042.8,253699042.8,5422998
07-07-2045,256642452.3,263217075.6,249494849.5,257246913,257246913,4417880
08-07-2045,262702408.8,270903268.6,252741033.1,260458431.5,260458431.5,4099999
09-07-2045,262047437.5,279412936,254262924.8,263795631.4,263795631.4,2869268
10-07-2045,274391863.2,280640477.9,263641150.1,273596764.1,273596764.1,3281442
11-07-2045,277006524.5,282973595.8,272009476.4,276816564.8,276816564.8,4474103
12-07-2045,279908663.1,290992031,262112346.8,278427512.1,278427512.1,2299374
13-07-2045,276895232.5,285219275.2,265582486.7,277547762,277547762,4311690
14-07-2045,276050769.8,285355564.7,271133292.6,275284228.9,275284228.9,3795727
15-07-2045,280135909.7,286415837.4,268933573.8,279154102.3,279154102.3,3049558
16-07-2045,283277715.3,289759623.6,277933992.7,283062857,283062857,2623066
17-07-2045,281087411.7,287893036.1,268859797.6,280294550.8,280294550.8,2839263
18-07-2045,272126270.3,280261595.5,258647082.9,273133118.8,273133118.8,2650409
19-07-2045,264918995.3,275137183.5,257852686.5,263584228.5,263584228.5,3440831
20-07-2045,264580170.9,276103318.7,258560856.5,264605512.5,264605512.5,3112350
21-07-2045,267148208,273569994.4,262548689.8,264751907.1,264751907.1,3153456
22-07-2045,268509439.2,284088542.9,266066969.8,268209939.1,268209939.1,4929959
23-07-2045,263822811,272410961.7,253494309.6,264154681.6,264154681.6,3074628
24-07-2045,272307885.8,274734928.1,266680578.5,271476145.4,271476145.4,3404189
25-07-2045,269843676.1,277717064.6,264066523.7,272177714.8,272177714.8,3966878
26-07-2045,271135299.4,280779805.2,268282614.5,271665139,271665139,3935989
27-07-2045,266781145.6,283234640.7,254692847.5,266635550.3,266635550.3,3062992
28-07-2045,260852168.2,269322637.1,255140966.3,260784370.4,260784370.4,3790847
29-07-2045,265559232.8,271839329.4,256736208.1,265174576.2,265174576.2,5054449
30-07-2045,264622514.2,267123805.2,258795626.7,265588108.4,265588108.4,2798594
31-07-2045,273174209.2,274066026.4,259488546.1,270556628.4,270556628.4,2709523
01-08-2045,274244643.6,280869175.3,271090818.9,275014160.4,275014160.4,3037381
02-08-2045,273045727.2,285510293.3,268102017.1,274134747,274134747,2776133
03-08-2045,278310897,282462280.9,268606252.9,277505377.6,277505377.6,3409903
04-08-2045,279940414.8,286534681.4,278404315.1,281354959.3,281354959.3,2943789
05-08-2045,281900087.5,288661879.5,274910259.5,281310948.6,281310948.6,1983200
06-08-2045,288710571.1,292227113.7,284017351.2,289994916,289994916,2740830
07-08-2045,291775626.7,294850282,290260471.6,293050904.4,293050904.4,3539966
08-08-2045,287041891.8,296087313.7,282394046.4,287498683.6,287498683.6,3354177
09-08-2045,294258545.5,303947157.3,281010859.8,293532754.3,293532754.3,2505574
10-08-2045,294398985.6,307633825.6,279606658.4,294563575.5,294563575.5,3328690
11-08-2045,284304360.4,287038972.8,278929129.3,281513672.2,281513672.2,6091650
12-08-2045,283028274.1,288100134.5,273947331.7,281062542.9,281062542.9,3853717
13-08-2045,280393963.1,283193579.2,265944637.3,280475455.3,280475455.3,1916012
14-08-2045,287634220.2,297491395.9,276927673,288256802.8,288256802.8,2799284
15-08-2045,283269019.1,291660364.1,277216735.9,284989983.2,284989983.2,2507973
16-08-2045,281456102.8,282118717.9,279429114.8,280846916.2,280846916.2,4767242
17-08-2045,280367132.6,286677471.8,272201620.2,280277999.3,280277999.3,3418506
18-08-2045,283464522.2,290132064.8,281234244.1,282130508.3,282130508.3,3052916
19-08-2045,278950595.9,287596341.5,271781532.6,280969736.9,280969736.9,2644237
20-08-2045,284301609.2,291376277.8,280784864.8,285034692.5,285034692.5,1768369
21-08-2045,283642607.7,299437735.4,278406592.8,283806082.7,283806082.7,2677664
22-08-2045,282875374.2,296062158.9,278668055.5,285683963.8,285683963.8,3172818
23-08-2045,292960303.8,301889921.3,285778340.1,292847335.4,292847335.4,3321231
24-08-2045,292594934.5,303824853.5,291908262.7,295253108.6,295253108.6,2108378
25-08-2045,293239064.7,310576293.9,292126946.9,293999939.6,293999939.6,4708498
26-08-2045,302353887.8,308404368.5,292345725.1,299640777.9,299640777.9,2777183
27-08-2045,291041023.1,296079772.7,269447611.9,290161603.4,290161603.4,3820037
28-08-2045,291723700.5,306009953.8,278168437.4,294453877.8,294453877.8,4991937
29-08-2045,288896780,297887212.7,267986907.9,287864354.9,287864354.9,4477028
30-08-2045,288201818.9,288776230.7,279749058.1,285459558.8,285459558.8,2404062
31-08-2045,280150758.8,284270046.6,272562155.8,282622351.8,282622351.8,2824860
01-09-2045,284046528.7,288714757.1,281362854.9,284022735,284022735,3308125
02-09-2045,280629132.2,295432763.3,266872976.7,281147315.8,281147315.8,4247278
03-09-2045,285547562.7,293148316.9,271257146.4,282783466.2,282783466.2,5332630
04-09-2045,278931733.6,282850967.6,271542430.8,280017892.4,280017892.4,5144431
05-09-2045,279730514.7,290200037.5,273179390.8,277638361.7,277638361.7,4096538
06-09-2045,273922276.7,281411823.5,262740427.8,272907969.4,272907969.4,2246971
07-09-2045,275610223.7,275303505.7,269629769.2,273965379.2,273965379.2,3834048
08-09-2045,271491941.7,281177014,267274910.1,271606973.8,271606973.8,3461923
09-09-2045,274302714.4,278990119.3,265530588.6,272850724.3,272850724.3,4517663
10-09-2045,271207078.3,275960933,261691301.7,270335139.7,270335139.7,4496987
11-09-2045,264437096.8,275893275.2,263115234.1,265309554.5,265309554.5,5132413
12-09-2045,255684829.3,267954402.1,251382891.9,257410930.9,257410930.9,4013559
13-09-2045,255382094.6,265669910,251526629.5,256889488.7,256889488.7,3770909
14-09-2045,254821680.1,265498242.9,247290268.2,255753668.2,255753668.2,2659247
15-09-2045,256606811.9,258342518.7,244877216.5,254278797.8,254278797.8,1923462
16-09-2045,252301483.4,255612742.5,242243233.5,252133940.5,252133940.5,3602612
17-09-2045,252324548.9,260667159.4,251118490.3,253129705.5,253129705.5,4902543
18-09-2045,252337361.8,255559322.6,251718436.9,253617366.8,253617366.8,2037111
19-09-2045,251635136.1,256402002.5,243886835.5,253272344.1,253272344.1,2396320
20-09-2045,252907866.6,262639453.8,247400354.3,252583652.8,252583652.8,2710767
21-09-2045,250239899.5,263091368.9,243443725.9,249616136.9,249616136.9,4521913
22-09-2045,247874695.9,252461203.5,246846075.2,247748387.1,247748387.1,6011481
23-09-2045,248836914.8,261786237.7,243104968.9,246605030.9,246605030.9,3542440
24-09-2045,250462657,258466043.6,241004626,250893427.3,250893427.3,2873320
25-09-2045,250593325.4,266295660.9,242612141.8,251890983,251890983,3528928
26-09-2045,256157027.5,261236758.6,249365887.5,254400629.1,254400629.1,2845631
27-09-2045,253336751.2,255798396.3,249289961.1,252045301.4,252045301.4,3222690
28-09-2045,243136649,259354962.7,234828332.1,244071815.8,244071815.8,2370795
29-09-2045,234309423.5,237781400.8,231481858.2,236582485.5,236582485.5,4162657
30-09-2045,232225826.1,239547308.6,225039712.7,232890895.5,232890895.5,2250185
01-10-2045,235118239.1,242505074.7,228426588.2,233099631.7,233099631.7,4307311
02-10-2045,234398560.4,240621694.8,234318404.6,236130162.1,236130162.1,3427671
03-10-2045,229953482.3,235735239.6,225229329.4,232200896.4,232200896.4,4675156
04-10-2045,228173630.4,232830800.7,227655002.4,230162707.3,230162707.3,4745673
05-10-2045,230786561.4,238290948.6,225725064.1,229471528.6,229471528.6,2681145
06-10-2045,236470514,240263988,225887625.6,235401248.6,235401248.6,3370984
07-10-2045,237151909.9,248080777.5,231402413.3,235532391.5,235532391.5,5413935
08-10-2045,235973120.9,243569055.8,223081056.1,234792112.8,234792112.8,5147510
09-10-2045,235485411.1,242335373,226191693.4,233358793,233358793,1009700
10-10-2045,229365535.7,240617453.4,214666986.7,228938194.6,228938194.6,3060043
11-10-2045,237081283.3,239093137.6,231954723.1,236123438,236123438,3855067
12-10-2045,238458381.9,241621964.2,233766594,239330546.7,239330546.7,3189406
13-10-2045,242829177.4,244082325.2,239688262.9,242429289.2,242429289.2,3153221
14-10-2045,245237149.5,248993953.8,241607098.5,243665260.7,243665260.7,2507029
15-10-2045,245690233,248932038.4,240850131.3,243469884.6,243469884.6,1101496
16-10-2045,245223153.7,248864985,242437491.5,245597382.5,245597382.5,3540190
17-10-2045,238690211.5,246634334.6,236496440.7,239754950.2,239754950.2,3651035
18-10-2045,245352080,251170872.5,236296989.5,243112032.5,243112032.5,3313861
19-10-2045,239446027.4,244115949.4,234848630.2,241213368.4,241213368.4,2509946
20-10-2045,242463424.4,247981606,236731766.6,244018713.4,244018713.4,5318817
21-10-2045,246787303.6,253720569.8,241334146.4,244350234.2,244350234.2,2265367
22-10-2045,246806828.8,256090019.7,240306723.2,245546529.9,245546529.9,3120982
23-10-2045,239557867.5,249427944.9,230937017.6,239447434.2,239447434.2,5856820
24-10-2045,240009816.7,244209172.1,234464586.8,240013077.6,240013077.6,2142671
25-10-2045,243668630.4,253521705.5,239591924.2,245244472.6,245244472.6,3614403
26-10-2045,245152623.2,247931212.8,237156264.1,244379299,244379299,3798213
27-10-2045,254019704.1,265239503.2,248332334.7,252068145.1,252068145.1,2771263
28-10-2045,254301895.6,262188198.5,244417526.8,254765137,254765137,3145605
29-10-2045,249002321.6,250604354,242793711,247891052.1,247891052.1,3374002
30-10-2045,243648731.6,255383577.2,233114145.8,243685421.6,243685421.6,3890330
31-10-2045,243875848,248121048.7,235516356.4,241809446.1,241809446.1,4360922
01-11-2045,244417602.4,256585447.8,241794499.9,245163850.4,245163850.4,3565720
02-11-2045,250659214,250236669.1,243558539.2,248212290.9,248212290.9,4164557
03-11-2045,247064708.3,255962394.4,242579415.8,245758968.3,245758968.3,4288653
04-11-2045,243766673,259687819.2,229184422.9,244089453.1,244089453.1,3764075
05-11-2045,246603685.6,255395119.8,238350620.9,247700195.9,247700195.9,1947295
06-11-2045,247902759.6,252114368.1,242571725.8,248675462.8,248675462.8,4181309
07-11-2045,254741698.2,269935066.9,250080837.6,255064144.6,255064144.6,4214436
08-11-2045,252449946.9,263900231.9,242272074.6,253491350.9,253491350.9,4367431
09-11-2045,255579264.6,267002711,254353822.4,256235091.7,256235091.7,2687138
10-11-2045,258327863.5,263724292.3,252968629.8,259241568.7,259241568.7,5001860
11-11-2045,258576128.7,264900720.1,246118898.7,260715124.7,260715124.7,4395608
12-11-2045,257160833.4,271607398.4,256122609.1,258365249.8,258365249.8,3941572
13-11-2045,260321601.8,268209764,253033285.8,261997280.7,261997280.7,3582235
14-11-2045,259928540.8,265818726.6,249456820.5,260397883.3,260397883.3,3570504
15-11-2045,256654242.2,268527431.7,253212847.9,256522268.4,256522268.4,2863502
16-11-2045,277603110.5,279745809,261856572.8,275443649.7,275443649.7,5029821
17-11-2045,274868023.1,292113658.2,267584160.4,276124061.5,276124061.5,4881148
18-11-2045,289050577.5,291052670.3,284163443.1,286279999.9,286279999.9,5053733
19-11-2045,294206621.9,303616670.5,289321735.2,296564645.9,296564645.9,3695489
20-11-2045,296348426.1,300139547.4,281528174.6,296068462,296068462,2210755
21-11-2045,294313879.6,306332700,292681676.9,294508711.3,294508711.3,3401807
22-11-2045,299829909.8,304374161.6,290005679.4,300159311.1,300159311.1,3764443
23-11-2045,310037481.3,313651356.4,303331356.7,307870656.3,307870656.3,1997375
24-11-2045,308458523.9,309518290.2,299857921.7,307607867.7,307607867.7,4427259
25-11-2045,307921021.8,313991231.8,306578210,308218329.1,308218329.1,3199965
26-11-2045,309134771.7,313308990.7,300783299.4,306571656.4,306571656.4,2650963
27-11-2045,311305139.1,330388455.3,309629371.6,311007010.2,311007010.2,5261459
28-11-2045,305651957.1,312096740,304573836.2,308687575.3,308687575.3,4032164
29-11-2045,307409533.3,317671842.2,298462260.1,308106242.8,308106242.8,3988825
30-11-2045,305856299.6,314614600.6,288477288.7,305514920.8,305514920.8,3175925
01-12-2045,302655029.4,312711002.8,294703741.4,303147839,303147839,3134051
02-12-2045,304087130.8,311992271.3,295687420.9,301986732.1,301986732.1,4786241
03-12-2045,305757597.4,307421996.1,298222134.1,305244333.9,305244333.9,5117714
04-12-2045,303131676.4,319059799.3,296826142.9,305517919.2,305517919.2,3319304
05-12-2045,315409726.6,315687112.5,306880861.6,312849194.7,312849194.7,1408293
06-12-2045,316084547,318911846.7,294245010.7,313881852.7,313881852.7,1046733
07-12-2045,315166720.8,317483540,310067424,314870579,314870579,4021435
08-12-2045,314881786.9,320499676.5,308216632.3,317955923.9,317955923.9,4472047
09-12-2045,322141469.6,322408176.7,301210398.2,320692240.4,320692240.4,4600646
10-12-2045,363605010.3,371057860.6,363652066.1,366009697.1,366009697.1,2469011
11-12-2045,354915057,368761225.6,350910279.9,358061447,358061447,3492635
12-12-2045,354581293,358861231.7,346870182.8,352468979.1,352468979.1,3800003
13-12-2045,358634886.6,374517667.8,348149518.3,355599662.8,355599662.8,4277815
14-12-2045,361375650,368430819.9,352631000.4,357941156.5,357941156.5,3124890
15-12-2045,354580699.3,363220925,348740588.5,355404042.3,355404042.3,3250450
16-12-2045,359564873.6,372154275.2,346156890.4,358323725.8,358323725.8,2836362
17-12-2045,354444539.9,359262204.7,338189547.4,352949685,352949685,4763491
18-12-2045,351751350.3,357888054.9,337906297.6,348495448.1,348495448.1,2339062
19-12-2045,350566801.3,358972185.4,351399208.3,352912159.9,352912159.9,3403217
20-12-2045,352312869.9,353101105,344206426.9,350240624.6,350240624.6,4810787
21-12-2045,358017247.6,370624910.8,344501164.3,356577977.7,356577977.7,1707806
22-12-2045,358297909,366628460.2,350811204.1,359019920.7,359019920.7,2794238
23-12-2045,353964123.1,368508210.8,333894506.5,355451590.9,355451590.9,4630702
24-12-2045,348480310.7,359417812.3,333497919.8,350628956.2,350628956.2,2814826
25-12-2045,349260600,361745959.5,337933920.2,350548600.8,350548600.8,4527662
26-12-2045,351634784.9,363199730.4,340576184.1,354503870.3,354503870.3,2046221
27-12-2045,351656540.6,370466395.5,332603903.3,352761828.6,352761828.6,3573167
28-12-2045,354568728.2,360429325.4,346592404.5,354411113.8,354411113.8,3028216
29-12-2045,356391498.9,363704430,348502419.7,356349831,356349831,3370174
30-12-2045,352430911.1,372432803.5,341433224.1,350304127.9,350304127.9,2749290
31-12-2045,355335662.1,358118945.8,342891186.1,353151547.4,353151547.4,4254438
01-01-2046,349580939.2,364731668.3,338063729.9,350692929.8,350692929.8,2585127
02-01-2046,347995213.8,363927967.1,335676019.2,350894245,350894245,4369456
03-01-2046,351928959.4,358229187.6,340167353.2,353419785.2,353419785.2,5240143
04-01-2046,338545386.1,350132875,335844012.4,338977524.8,338977524.8,4988051
05-01-2046,340979010.2,352013439.2,327364270.6,340708737.9,340708737.9,5964974
06-01-2046,343279842.1,364478353.8,339405018.6,345551110.6,345551110.6,3230321
07-01-2046,345212927.4,350305443.2,339501119,346555619.7,346555619.7,3027397
08-01-2046,344332460.9,364217678.3,338853726.8,347631406.8,347631406.8,3012216
09-01-2046,350540730.4,353594214.1,344872191.4,348992135.7,348992135.7,3874855
10-01-2046,346416863.4,359796297.1,337172628.4,345298124.8,345298124.8,3689743
11-01-2046,343822997.5,365394445.5,339799774.8,345993162.2,345993162.2,3768412
12-01-2046,355185938.3,363489474.3,344113752.4,352416036,352416036,4362573
13-01-2046,351560617.4,363256294.2,347057781.5,353325093.1,353325093.1,3504844
14-01-2046,357676313.8,365666159.2,348253099.8,357757422.2,357757422.2,2523563
15-01-2046,363277859.2,366051372.2,344954329.9,360046405.4,360046405.4,3016595
16-01-2046,361786769.6,363490650.2,347184296.2,358581271.7,358581271.7,3408208
17-01-2046,363144475.1,377162458.9,359422503.4,364589852.9,364589852.9,4264945
18-01-2046,364376594.6,371206519.2,361244889.2,364508801.8,364508801.8,4211109
19-01-2046,373467037.5,381323391.9,353516644,372199452.5,372199452.5,2994015
20-01-2046,371562704.1,389867499,352064780.7,370564377.6,370564377.6,3279547
21-01-2046,372159657.7,379713004,366423819.2,369970543.5,369970543.5,3640969
22-01-2046,368574474.1,390490143.3,360878928.1,370715243.1,370715243.1,5831981
23-01-2046,369120185.2,385428310.4,356814240.4,372608545.8,372608545.8,4215160
24-01-2046,374818279.4,385902206.6,366895658.5,376634878.1,376634878.1,3911934
25-01-2046,385774892.5,401705534.1,381152869.5,383686963.6,383686963.6,4306121
26-01-2046,397706373.9,410428126.8,393736953.7,399660308,399660308,3354546
27-01-2046,406351413.6,428931573.1,404256683.6,407652718.9,407652718.9,4535412
28-01-2046,424688910.8,432125760.5,418413424.8,420828862,420828862,4355884
29-01-2046,424887969.7,434928504.9,418973096.8,424003731.1,424003731.1,4241345
30-01-2046,423643762,439419821.9,402451470.5,421503541,421503541,3343164
31-01-2046,423595569.5,425516913.3,410976582.6,420373476.3,420373476.3,1932292
01-02-2046,417560959,436192191.2,416415217.9,419937393.6,419937393.6,3239927
02-02-2046,423077349.7,428998472,413717460.2,419698235.6,419698235.6,2447352
03-02-2046,422460783.9,435013493.8,416966981.9,422558304.3,422558304.3,2918381
04-02-2046,411193117.8,419214985.1,402642328.3,410751615.7,410751615.7,3089689
05-02-2046,406208145.1,419625519.7,406010020.8,409894416.6,409894416.6,3346710
06-02-2046,422898411.3,436638556.8,406553040,421040332.9,421040332.9,3865287
07-02-2046,434706848.8,443499115,423847570.6,431848723.9,431848723.9,3654608
08-02-2046,441672222.1,459945371.3,436486385.1,438296841.5,438296841.5,2859070
09-02-2046,426161537.1,448251593.2,406440819.6,430270683.5,430270683.5,1712296
10-02-2046,431874730.6,460199872.8,422715510,433983326.6,433983326.6,3814778
11-02-2046,434975910.5,448637500.3,412136746.3,436416280.7,436416280.7,2794523
12-02-2046,446769888.5,453380459.6,431677909.4,447352130.8,447352130.8,2819510
13-02-2046,449564187.8,465687338.1,421866512.2,445688381,445688381,2964535
14-02-2046,450292928.6,456052222.8,438746655,448632417.1,448632417.1,3555037
15-02-2046,449688204.9,454008493.9,436059502.7,446550724.6,446550724.6,4419620
16-02-2046,445626693.4,461375155.5,432367930.2,444367885.8,444367885.8,5227050
17-02-2046,444779780.2,454530733.4,431011389.8,442305981,442305981,3524869
18-02-2046,444321506.3,453301378.6,441229981.7,443061792,443061792,2193463
19-02-2046,429279075.1,436216348.8,416787081.8,433555594.7,433555594.7,3462790
20-02-2046,419711163.9,425997208.9,414533338.6,420757672.8,420757672.8,4217758
21-02-2046,419025897.3,432511622,404736522.8,421309812.9,421309812.9,3489175
22-02-2046,430564679.8,438349216.4,417601232,427041824.7,427041824.7,3635060
23-02-2046,435060042.3,441490526.9,423586888.6,433848689.7,433848689.7,3183969
24-02-2046,423813772.3,437519502.4,424293381.4,426486859.6,426486859.6,3421847
25-02-2046,419444391.3,425402010.8,413435653,415433740.1,415433740.1,2627058
26-02-2046,397403439.8,406151360.4,398071682.3,400489677.9,400489677.9,1981845
27-02-2046,406624535.6,409608630.4,399796496.6,404973909,404973909,4995232
28-02-2046,411417827.5,416926858,399420738.7,410217326.1,410217326.1,4691670
01-03-2046,411606467.9,417480127.1,398110136.3,412918457.1,412918457.1,2607233
02-03-2046,407065895.4,410011804.1,393781114.6,404446498.8,404446498.8,4540755
03-03-2046,405905872.8,433814362.9,394077264,409145480,409145480,2300415
04-03-2046,406383108.6,410724778.2,396653981.6,403256943.5,403256943.5,3781204
05-03-2046,403046200.5,411990467.7,385423677.5,404022407.2,404022407.2,2259715
06-03-2046,399875126.8,402139516.2,394741103.2,399310085,399310085,4754806
07-03-2046,396067679.6,400974660.6,390608712.3,397621869.2,397621869.2,1351389
08-03-2046,394385388.5,404343985,375619578.6,395397185.8,395397185.8,6240002
09-03-2046,384768732.2,398684064.5,372274578.9,388102903.9,388102903.9,2982101
10-03-2046,392797165.1,400173519.2,369896977.1,390390056.8,390390056.8,2177916
11-03-2046,400636705.7,401884721.4,374882562.5,398959322.7,398959322.7,3740501
12-03-2046,407061298.4,427914274.9,390108584.1,403225202.5,403225202.5,4720616
13-03-2046,390742312.1,400374155,385551884.8,393209548.6,393209548.6,2658621
14-03-2046,398247680.2,409124558.3,397319259,400235691.2,400235691.2,4712314
15-03-2046,388666970.5,395592793.3,379370724.4,388320134.5,388320134.5,3069689
16-03-2046,388083013.2,401436723.9,374310169,389218599.5,389218599.5,4122716
17-03-2046,401286259.5,409486784.6,395869132.9,398575350.1,398575350.1,5007315
18-03-2046,395394029.8,402078269.9,378907785.1,392820850.4,392820850.4,3909358
19-03-2046,387884378.5,404771080.9,369008919.7,386023430.4,386023430.4,4052918
20-03-2046,377303909.5,383237569.7,370839166.4,381094657.6,381094657.6,5186644
21-03-2046,377010655.2,385922771.3,368338412.3,374010030.4,374010030.4,4135281
22-03-2046,378399114.8,389619266.5,365869975,378591521.4,378591521.4,877800
23-03-2046,356161092.9,363954902.1,354741594.5,359142893,359142893,3658345
24-03-2046,349207369.7,348827202.8,342890008.6,345934948.8,345934948.8,3751381
25-03-2046,340618444.8,352292809.3,329439824.6,338837309,338837309,3563784
26-03-2046,333179064.2,336626448.7,317235120.5,333347765.2,333347765.2,3779358
27-03-2046,349698753.8,355932745,341902088.4,351591821.7,351591821.7,2595641
28-03-2046,350785650.8,357425441.7,342123909.7,352222429.4,352222429.4,2090953
29-03-2046,351474577.7,363552979.9,352797066.4,354789576.4,354789576.4,3154730
30-03-2046,354821126.4,354796433.5,338663402.5,351480795,351480795,4054820
31-03-2046,368850531.8,378894669.5,364492238.1,367645346.8,367645346.8,3561088
01-04-2046,366323056.4,372687372.3,360875664.2,369166551.4,369166551.4,4784115
02-04-2046,361884465.3,374370835.2,354487503.9,365429144.4,365429144.4,2739457
03-04-2046,369952841.6,377939889.9,355528470.7,371552472.2,371552472.2,4179328
04-04-2046,368449808.9,388229957.2,357246902.3,371207700.2,371207700.2,3170107
05-04-2046,367239456.3,376618966,359343305.4,370064397.1,370064397.1,3591765
06-04-2046,369372241,373099896.2,347433618.6,366040557.4,366040557.4,3772610
07-04-2046,356525278.5,373252625.2,346527303.1,357756846.4,357756846.4,3770466
08-04-2046,353406429.8,364805628.7,349261674.1,353652717.5,353652717.5,2829026
09-04-2046,355792901.4,363203773.9,350326161.4,352576423.2,352576423.2,4016154
10-04-2046,351870354.5,366734044.9,325275617.3,350627347.6,350627347.6,4527498
11-04-2046,347046804.4,348942858.7,333087244.9,344914928.9,344914928.9,4501162
12-04-2046,344857631.5,352409234.6,334517354.4,341983917.5,341983917.5,2950993
13-04-2046,330099072,336086533.5,318193536.2,330038114.7,330038114.7,3532359
14-04-2046,320243087.2,336610914.2,308525464.2,322757988.8,322757988.8,4168741
15-04-2046,324571817.7,343184015,321110912.4,324051279.6,324051279.6,2572044
16-04-2046,326161454.5,329225311.5,314812335.7,323018718.7,323018718.7,3765448
17-04-2046,322806710.2,324811234.9,318580790.3,322651633,322651633,4132370
18-04-2046,324266660.4,326355131.3,315085651,324511283.7,324511283.7,4287126
19-04-2046,322105052.9,335466747.7,316595440.6,322485250.4,322485250.4,3225648
20-04-2046,325432054.2,332676053.8,306130683.2,323037196.8,323037196.8,1839861
21-04-2046,321149860.5,328652058.6,317837373.5,323499445.5,323499445.5,5156224
22-04-2046,327057385.1,328600304.4,305038447,327321418.9,327321418.9,3031996
23-04-2046,333492921.4,334049919.3,326630073.2,331124337.7,331124337.7,3318631
24-04-2046,333551543.3,338731790.2,315741563.3,334474804,334474804,3100433
25-04-2046,331005459.2,341083786.7,315200600,334208115.3,334208115.3,4372994
26-04-2046,330695370.6,353523438,325973007.1,331881380.7,331881380.7,3520247
27-04-2046,331795550.2,335718951.7,322605509.7,332856928.6,332856928.6,2850594
28-04-2046,335129677.9,340976090.7,319533162,334511188.6,334511188.6,3435869
29-04-2046,333581290.6,348032849.6,316669190.4,336032242.7,336032242.7,3801421
30-04-2046,330173755.4,348561401.3,312539189,331611407.1,331611407.1,4282913
01-05-2046,344235946.1,351724775.7,338670461.8,343928967.9,343928967.9,4687766
02-05-2046,344036091.7,353951564.7,340479345.5,343353538.5,343353538.5,4417294
03-05-2046,343538108.2,358072095.8,338234211.8,344337377.4,344337377.4,3967321
04-05-2046,344404940.1,354447328.9,331902732.3,345574473.5,345574473.5,4773109
05-05-2046,343479468.9,350915759.6,340971476.1,345956178.9,345956178.9,3666806
06-05-2046,351242429.6,358630704.1,346576113,350043466.6,350043466.6,4566762
07-05-2046,346891197.4,357594411.7,343456671.4,349365482.1,349365482.1,4943445
08-05-2046,359143349.9,362196380.2,338162928.7,357513193,357513193,3362410
09-05-2046,356492968.8,358614479.7,352600495.4,357466691.6,357466691.6,1960824
10-05-2046,372766880,378093919.8,361438122.8,372348454.9,372348454.9,5307332
11-05-2046,390884225.8,413641415.6,380995855,390097046,390097046,4543316
12-05-2046,376030129.5,381175526.1,365708760.5,377661457.8,377661457.8,4811211
13-05-2046,372266114.9,379987272.8,356312757.1,375304424.6,375304424.6,3557686
14-05-2046,382382941.3,380314908.2,367740660.2,378637936.2,378637936.2,2506811
15-05-2046,388155665.9,407666358.7,385240722,390370062.9,390370062.9,3503542
16-05-2046,371005909.8,382102300.5,367256579.1,373075692.5,373075692.5,2619314
17-05-2046,380652818.6,387307340.6,373006913.4,377807430.4,377807430.4,2161272
18-05-2046,381399775.1,381350636.3,371400033.3,379009080.6,379009080.6,2595150
19-05-2046,383796341.4,397211617.3,372290109.9,386111982.1,386111982.1,2857798
20-05-2046,377452118.2,388430552.3,360820932.1,374504131.3,374504131.3,2770038
21-05-2046,374978152.5,381195843.2,357660159.8,372433837.3,372433837.3,2201758
22-05-2046,372247560.5,373671245.5,358967302.6,370921151.7,370921151.7,3893285
23-05-2046,381613297.8,382464584,370740164.5,378134149.5,378134149.5,2892721
24-05-2046,375897143.3,389600969.9,364468459.3,376121085.3,376121085.3,1762299
25-05-2046,369508973.3,380884224.9,369717127.9,371315441.8,371315441.8,4851239
26-05-2046,376119058.3,380996723.1,362278715.8,372711146.6,372711146.6,4377209
27-05-2046,380816292.6,383244588.3,364918860.8,379140307,379140307,2055178
28-05-2046,389361984.3,397901233.7,372748471.8,388005300.5,388005300.5,2761595
29-05-2046,391592569.7,395798326.9,386495439.2,393496320.6,393496320.6,2420074
30-05-2046,412786742.4,429763404.6,404079289.8,410798253.9,410798253.9,3844413
31-05-2046,417634208,422152774.8,390583709.2,416380338.2,416380338.2,2169275
01-06-2046,424557392.9,448468501.1,416953407.8,421197181.2,421197181.2,5102167
02-06-2046,422950234.9,441849543.8,416338627.1,422292917.3,422292917.3,5005905
03-06-2046,411993227.4,422358563.2,407512349,414068825.5,414068825.5,3883181
04-06-2046,424054314.5,444686087.3,399983780.9,423467920.4,423467920.4,3844013
05-06-2046,421846078.6,433261039.3,414224702.9,421179313.6,421179313.6,3730796
06-06-2046,419220866.9,437934081.6,416683508.1,422403672.1,422403672.1,3190414
07-06-2046,426710238.4,432283344,426461551.8,428989404.4,428989404.4,3391990
08-06-2046,439469355.2,444503296.2,427848523,437996013.9,437996013.9,4151801
09-06-2046,448434906.2,448760766.9,429973621.5,444221096.3,444221096.3,3350848
10-06-2046,446789953.9,457639649.3,436069141.7,447907253.8,447907253.8,3272648
11-06-2046,445132656.5,458674344.4,440169580.5,442817760.7,442817760.7,3032048
12-06-2046,448542513.3,460699362.7,427499291.6,445843691.7,445843691.7,2130331
13-06-2046,455045761.5,465135088.2,445493351.6,455369668.9,455369668.9,2260075
14-06-2046,452608443,460553502.5,427841385.2,450513514.1,450513514.1,3522002
15-06-2046,467281875,485077133.3,457275493.8,464687910.5,464687910.5,2868562
16-06-2046,462030948.2,480105367.3,450800880.7,466165892,466165892,3002473
17-06-2046,471947382.6,496135397.6,448941000,469666544.7,469666544.7,3199991
18-06-2046,467788258.3,486490225,459018297.5,468072686.2,468072686.2,2177459
19-06-2046,471019429.7,477186025.2,456118006.9,467994342.7,467994342.7,4621248
20-06-2046,469121387.2,495637314.2,449462107.4,469394836.3,469394836.3,2835660
21-06-2046,466013514.4,474082598.8,452196113.6,466369907.5,466369907.5,3750717
22-06-2046,463058493.2,477097907.1,454681091.4,461352230.7,461352230.7,4325118
23-06-2046,465105036.3,480015770.5,444659500.9,465275123.4,465275123.4,3902792
24-06-2046,465135856,478346432.2,460677044.3,465168494,465168494,3318855
25-06-2046,470964669.7,495494069.2,445466869.8,471191283.1,471191283.1,6315676
26-06-2046,464160288.6,488386549.7,438377533.9,463928465.3,463928465.3,5488669
27-06-2046,475938903.4,481745413.2,448359737.5,472558495.8,472558495.8,2603556
28-06-2046,470581140.2,487066869.4,465310258.3,474298911.5,474298911.5,1881492
29-06-2046,485970700.9,498249369,476643280.4,482977352,482977352,3805875
30-06-2046,482212098,488312003.3,469114040.3,483289831.2,483289831.2,2332278
01-07-2046,481390693,500142482.6,481728157.5,484424246.6,484424246.6,4084749
02-07-2046,491499065.5,501193338.4,474920765.1,488223390.6,488223390.6,4141270
03-07-2046,481978647,488581474.7,467806222.8,480040097.3,480040097.3,3792786
04-07-2046,476662384.1,501753171.5,460301137.9,481199882.9,481199882.9,3554682
05-07-2046,478148776.5,485626296,475366933.5,481387422.5,481387422.5,2282105
06-07-2046,485931143.7,499106162.3,484137773.2,490685257.6,490685257.6,1070346
07-07-2046,493237430.1,521830196,471552826.1,493925299.1,493925299.1,2888267
08-07-2046,498180163.6,510923321,493576242.3,500376657.7,500376657.7,4440408
09-07-2046,492839477.3,513320202.2,477816808.6,496155949.8,496155949.8,2104949
10-07-2046,496202813.6,508650478.7,478080004.4,499015618.4,499015618.4,4089909
11-07-2046,496406330.3,500845355.7,490497428.5,498525163.6,498525163.6,4017321
12-07-2046,496717035.8,501619448.3,484951994.5,499075811.3,499075811.3,3395890
13-07-2046,508915641.5,535881891.6,493372155.8,508224655.6,508224655.6,2595635
14-07-2046,505481274.5,513428621.5,496214893.3,509902212.2,509902212.2,2477442
15-07-2046,510757677.9,529410799.4,495402122.8,508914604,508914604,2689481
16-07-2046,518460274.4,528866854.4,491290435.7,522985317.4,522985317.4,2617827
17-07-2046,530015154.3,535905126.7,510720236.9,525080918.7,525080918.7,4556319
18-07-2046,537238643,549521116.4,519452290.3,533917981.4,533917981.4,4426439
19-07-2046,532221887.2,550992912.7,530333627.5,536362914.1,536362914.1,4112985
20-07-2046,549126803.5,573217617.8,542101327.6,545968397.7,545968397.7,4439069
21-07-2046,538945886.1,565957996.1,522560408.8,538976592.1,538976592.1,2680238
22-07-2046,532326897.5,549681236.9,507517093.7,536137150.5,536137150.5,5040515
23-07-2046,534392470.3,542880485.4,501349887.9,532161778.2,532161778.2,6161612
24-07-2046,531207086,549912449,520591591.5,525954900.3,525954900.3,3920812
25-07-2046,522819667.7,544111416.5,520388000.6,524173865.4,524173865.4,3530836
26-07-2046,502771962.2,523300373.3,500928901.7,507591557.8,507591557.8,4119598
27-07-2046,515248187.7,518308221.6,487481286,513414736.7,513414736.7,2826510
28-07-2046,507898520,538646133.1,488591104.1,505161929.9,505161929.9,3234598
29-07-2046,502576401.6,519696359.3,478419009.4,504474704.4,504474704.4,5619695
30-07-2046,509227762.7,520794311,502271816.9,511329700.4,511329700.4,3457465
31-07-2046,532444279.1,546550498.9,521821374.7,527636350.3,527636350.3,3618181
01-08-2046,531490648.6,545035269.7,516040092,529003989.5,529003989.5,6161718
02-08-2046,516341233.4,541172433.4,499915167.7,521200547.3,521200547.3,1888690
03-08-2046,516690208.1,541503951.1,517129724.1,521419407.7,521419407.7,2103324
04-08-2046,521204579.8,532134510.2,522846219,525099876.5,525099876.5,3542212
05-08-2046,525031881.8,530819170.4,506637630.3,525918754.9,525918754.9,4375365
06-08-2046,528876563.9,546790688.6,505321295.3,526123722.9,526123722.9,2239922
07-08-2046,528334817.4,542025735.5,517091928.4,526251497.9,526251497.9,6198394
08-08-2046,535567722.6,547937612.2,507599180,538879545.2,538879545.2,3733130
09-08-2046,537144266,569652820.6,531981921.6,541649233.8,541649233.8,2835758
10-08-2046,540475570.8,548837462.2,507730136,535285588.8,535285588.8,6040875
11-08-2046,538176849.3,567863166.6,501618082.9,533469045.8,533469045.8,2567366
12-08-2046,537221041.5,564118842.4,527957512.8,536574913.6,536574913.6,3363009
13-08-2046,533042661,542993193.4,530089881.6,538172761.1,538172761.1,2227759
14-08-2046,530646226.2,547842187.4,509938480.1,534108953.4,534108953.4,3803145
15-08-2046,540010513.6,551400511.6,511107335.3,535914014.2,535914014.2,4744046
16-08-2046,528094487.6,535387332.9,507296940.7,525762004.9,525762004.9,3346095
17-08-2046,536788716,563584804.5,517757404.5,537302756,537302756,2823475
18-08-2046,530136933.9,546416936.2,528094502,534141045,534141045,3983900
19-08-2046,532553258.3,543132954.9,529002161.6,532663409.3,532663409.3,4147441
20-08-2046,535699443.9,539743773.3,510005558.5,532169138.8,532169138.8,3836026
21-08-2046,538123435.3,548490066.5,517066672.5,536705038.9,536705038.9,6673558
22-08-2046,550357398.6,574222927.3,538228796.7,547973132.3,547973132.3,3105750
23-08-2046,554604651.8,565146041.4,545750106.8,551719037.7,551719037.7,2584040
24-08-2046,551499273.5,562916076.6,526423477.5,556007083.5,556007083.5,2506538
25-08-2046,549178983.4,570293770.5,542643848.4,550077710.9,550077710.9,4838580
26-08-2046,548063795.7,573847569.3,532893654.8,553144606.7,553144606.7,4965061
27-08-2046,560839839.5,573982014.6,530111258.5,556282991.2,556282991.2,5549516
28-08-2046,561585109.7,566650184.6,546622600.5,558924770.9,558924770.9,4361339
29-08-2046,567634680.9,594124256.8,563714662.2,570866858.9,570866858.9,3303755
30-08-2046,584720080.6,594537113,577975087.1,580261899.8,580261899.8,4546542
31-08-2046,590797350.1,597744181.1,567473132.9,594261344.9,594261344.9,3813919
01-09-2046,598621215,616276510.1,578869216.5,603945974.8,603945974.8,2843045
02-09-2046,612847109.8,624060716,581656461.2,607879727.1,607879727.1,2404150
03-09-2046,623332142,645074295.6,616812416.4,624778242.2,624778242.2,4044226
04-09-2046,620530273,650158958,608450497.7,625485410.9,625485410.9,3398463
05-09-2046,623870859.1,665061756.4,605616188.9,624199262.7,624199262.7,4491975
06-09-2046,631141834,656578746.7,603395734.7,627867933,627867933,4444891
07-09-2046,629492698.4,646643544.4,610626388,625652940.1,625652940.1,2623402
08-09-2046,638884232.2,658031256.8,626717586.4,634374645.3,634374645.3,4406980
09-09-2046,635192859.5,664800047.6,628593433.8,634641029.4,634641029.4,2134196
10-09-2046,642159325.4,651777020.5,628497246.2,644268291.2,644268291.2,5563456
11-09-2046,634932020,651304486.3,629036363.1,635945070.7,635945070.7,2860321
12-09-2046,639517138.9,643374252.5,618620346.2,638067874.8,638067874.8,3016901
13-09-2046,628293460,635445351.6,585717931.4,627546688.7,627546688.7,1435955
14-09-2046,637445397.9,663720844.6,613673635.1,632120516,632120516,2099550
15-09-2046,632619106.3,638624972,615293502.7,627377591.4,627377591.4,3261132
16-09-2046,628798215.4,645981103.7,602370556.6,634873803.1,634873803.1,3521467
17-09-2046,636404867.4,665846384.5,622573864.4,636092890.1,636092890.1,3675415
18-09-2046,615750961.3,621321027.6,586792610.9,615970009.7,615970009.7,3476762
19-09-2046,605133096.1,619009447.5,608584975,610375097.5,610375097.5,2597370
20-09-2046,605197809.7,639543205.9,589862711.3,608738662.1,608738662.1,4981251
21-09-2046,613027897.9,635741759.6,584189551.9,612886962.6,612886962.6,4105856
22-09-2046,606741673.5,619118498.7,581845205.9,609735286.1,609735286.1,4095388
23-09-2046,617614320.6,652897752.1,589206056.9,617316103.5,617316103.5,3731336
24-09-2046,630923537.4,640233630.8,609420576.5,630557580.6,630557580.6,3436126
25-09-2046,633018406.7,650930147.4,622885227.5,636681504.1,636681504.1,2940096
26-09-2046,643367686.3,653336289.8,618974769.9,638783073.3,638783073.3,3612785
27-09-2046,646537160.3,647293001.6,630342022.3,641322883.4,641322883.4,2164185
28-09-2046,625775649.2,635430913.9,603224412.7,630918779.7,630918779.7,3748487
29-09-2046,638348218.4,647845511,623335784.1,635310653,635310653,3935832
30-09-2046,639995476.1,653505832.3,613857326.9,634211665.7,634211665.7,5879438
01-10-2046,634319236.2,637900996.8,601818875.3,631974293.4,631974293.4,4257927
02-10-2046,644245655.2,664826353,626490196.3,640156807.8,640156807.8,5518278
03-10-2046,635912342.1,647754513.3,603321963.8,634390882.8,634390882.8,5767960
04-10-2046,625395495.3,642334694.3,600044108.7,620779587.5,620779587.5,3528064
05-10-2046,621214443.1,650881281,607257259,624116013.6,624116013.6,1688578
06-10-2046,628519931.5,639864780.7,626245052.6,631275981.4,631275981.4,3388799
07-10-2046,635086354.1,662712159.8,630293842.9,639449454.3,639449454.3,4840230
08-10-2046,644052751,654827027.4,599771335.5,639510931.9,639510931.9,4839237
09-10-2046,648006075,663509288.9,620692091.8,650240867.7,650240867.7,5016720
10-10-2046,671803347.2,688165583.1,655197668,667152426.5,667152426.5,1813961
11-10-2046,673990382.3,701103432.2,655884157.7,679844007.9,679844007.9,2842918
12-10-2046,675166801.5,698590046.4,669505473.5,679138758.3,679138758.3,4859525
13-10-2046,695169857.5,699330518.7,667775947.8,694046209.3,694046209.3,4291242
14-10-2046,684462260.9,719634780.1,642616629.9,691315092.5,691315092.5,3394280
15-10-2046,683589095.2,691635953.6,671545696,684288256.5,684288256.5,5211187
16-10-2046,708108608.2,719860907.5,682657104.5,707763956.3,707763956.3,5375729
17-10-2046,686493604.1,694356030.3,675639474.6,685000610.9,685000610.9,4342703
18-10-2046,672366087,704960793.1,641505499.9,670336090,670336090,2515407
19-10-2046,670852122.6,685765024.5,659632308.8,676960851.3,676960851.3,3198587
20-10-2046,686270377.5,699096895.3,670099564.7,688638231.9,688638231.9,3639499
21-10-2046,700044706.1,715907592.9,659657410.5,701543805.2,701543805.2,3071533
22-10-2046,704332210.4,709148204.3,680548436,699825778.4,699825778.4,4581337
23-10-2046,700506780.7,733152110,678374028.4,694111875.5,694111875.5,4452169
24-10-2046,686133517.5,704687413.7,669639808.9,689377938.8,689377938.8,2888293
25-10-2046,694927346.1,733797409.7,681792038.4,693147086.9,693147086.9,3967069
26-10-2046,691942107.4,711151489.9,677297874.6,691259886.8,691259886.8,1554312
27-10-2046,683935709.8,718172786.1,652334301.8,688172326.1,688172326.1,3398790
